# https://github.com/mikedh/trimesh
mtllib material.mtl

o Capybara_mesh_Capybara_mat_0
usemtl Capybara_mat
v 1.25074685 3.82798910 -2.53085256
v 1.27067423 3.85107040 -2.43536282
v 1.27634001 3.77548647 -2.49296713
v 1.29106414 3.66498137 -2.53611207
v -1.02621567 4.71176434 -1.73900485
v -1.02748775 4.66939926 -1.85986984
v -1.16795349 4.45781803 -1.67624772
v -1.24214208 4.29389477 -1.56101203
v -1.16807532 4.51883411 -1.54567552
v 0.77800906 0.09856664 2.61498737
v 0.83568531 0.20630838 2.52377534
v 0.60094172 0.23999682 2.53254938
v 0.64092994 0.20057631 2.66287708
v 0.74741352 0.06164225 2.73657513
v 0.67599005 0.00181298 2.56955385
v 0.67599005 0.00181298 2.56955385
v 1.08851624 0.10547390 2.56457782
v 1.05366206 0.16133262 2.63654089
v 1.02718079 0.08650414 2.70168900
v 1.03756928 0.01628323 2.58787203
v 1.04238164 0.15279262 2.47959805
v 0.98792100 0.23054622 2.49723768
v 0.97284931 0.00945566 2.51036811
v 1.11030757 0.11076070 -1.17025042
v 1.03282571 0.19345263 -1.14861822
v 0.98383063 0.17756562 -1.24005342
v 0.99077439 0.05937885 -1.24962080
v -0.98888999 0.19337849 -1.17135179
v -0.99530339 0.10796996 -1.18350887
v -0.99530339 0.10796996 -1.18350887
v -0.94751668 0.06122978 -1.27228010
v -0.94751668 0.06122978 -1.27228010
v -0.94172984 0.21216975 -1.24084663
v -1.03550839 0.22873910 -1.13015079
v -1.03389251 0.14175706 -1.09734976
v -1.00473690 0.29020628 -1.24293280
v -0.45705363 0.10078039 2.00785923
v -0.46641552 0.26098043 1.91319108
v -0.39715013 0.32566461 1.98253381
v -0.35211009 0.14788307 2.08630633
v -0.51146024 0.00824367 2.12885261
v -0.54333919 0.02545473 2.04144168
v -0.57164776 0.21737899 1.89829814
v -0.32090685 0.01622048 2.55372906
v -0.38850141 0.01207224 2.44735169
v -0.29451463 0.05816874 2.41208100
v -0.24328488 0.04870337 2.54986954
v -0.35353208 0.01676751 2.60753369
v -0.48190686 0.01031220 2.50864029
v -0.24890296 0.04084359 2.66115522
v 0.85025859 -0.00124320 2.48616409
v 0.92105502 0.07476059 2.64929032
v 0.94827765 0.15868616 2.63657689
v 1.00111949 2.09087682 0.94283646
v 0.86762816 1.92003429 0.89092290
v 0.89463907 1.93110919 0.73248053
v 1.03990555 2.10811949 0.78441983
v 1.15805781 2.31797481 0.85435790
v 1.11092305 2.30606222 1.01883137
v 1.08003485 2.27956223 1.16973984
v 0.98802930 2.07107711 1.08734584
v 0.69427091 5.14003944 3.58111453
v 0.66125911 5.05039310 3.73866606
v 0.60802168 4.98217344 3.95190978
v 0.62414920 4.77469826 3.88513947
v 0.70076364 4.80989885 3.62843442
v 0.70076364 4.80989885 3.62843442
v 0.75789630 4.64882565 3.43797421
v 0.80283564 4.80536270 3.32545638
v 0.75520426 4.96924973 3.46460152
v 0.75520426 4.96924973 3.46460152
v 0.50200492 6.07821369 2.99145222
v 0.52636105 6.10900593 2.89514279
v 0.52859282 6.19374704 2.92375040
v 0.47764084 6.15305567 3.04783869
v 0.38088772 6.08452797 3.18793011
v 0.47415781 5.96633625 3.09507704
v 0.50526923 5.95826483 2.91008186
v 0.51528555 5.79694700 3.07346535
v 0.51921558 5.82266283 2.91818547
v 0.32710060 6.06904793 3.39198756
v 0.46586636 5.90598345 3.33584905
v 0.54851878 5.75108528 3.26454878
v 0.19760835 5.08109951 5.01327610
v 0.24065359 5.21585941 4.95883274
v 0.12477551 5.26389790 5.03541279
v 0.13687180 5.06874323 5.09872389
v 0.14599074 4.93015146 5.06958818
v 0.25395054 4.99217176 5.00236082
v 0.32861328 5.11671591 4.87799501
v 0.85621417 1.90267849 1.03811443
v 1.15215194 2.36708760 -0.56157500
v 0.94420958 2.04725981 -0.53481311
v 0.92383587 2.04927683 -0.67792374
v 1.11620104 2.27825785 -0.73408908
v 1.12721705 2.28661489 -0.36928669
v 0.95054221 2.02415395 -0.39049977
v 1.27005124 2.46099830 -0.88103253
v 1.27135575 2.59470415 -0.77224040
v 1.25112319 2.62602901 -0.48910645
v 1.22882056 2.52640343 -0.32497320
v 1.30343521 2.77140021 -0.68972325
v 0.80072856 0.21637245 -1.23562193
v 0.72562546 0.17879598 -1.26553321
v 0.74419183 0.11924026 -1.25064671
v 0.82624328 0.16250972 -1.23426068
v 0.77050316 0.27531260 -1.34557426
v 0.69062680 0.21467760 -1.36184490
v 0.85189438 0.21465719 -1.34049249
v 0.83955896 0.10170344 -1.29611003
v 0.88392663 0.08148638 -1.29865360
v 0.92540801 0.20098712 -1.34470856
v 1.18762124 0.25195396 -1.42415988
v 1.32903588 0.29914138 -1.50235486
v 1.27242947 0.33007681 -1.64579701
v 1.14069426 0.33800751 -1.61859143
v 1.26250803 0.19523157 -1.36863661
v 1.35158348 0.25994071 -1.39323533
v 1.14481056 0.12455761 -1.38553417
v 1.21178198 0.08717038 -1.37741911
v 0.99908763 0.36776936 -1.59271538
v 0.99865371 0.33714232 -1.41891634
v 1.15201688 0.23468903 -1.25708592
v 1.05000424 0.31117427 -1.24015355
v -0.61613536 0.15612738 2.74593925
v -0.59826493 0.05268828 2.74513602
v -0.56217641 0.02071581 2.60380197
v -0.58435243 0.20692122 2.60242867
v -0.71947980 0.13888979 2.72156429
v -0.72325033 0.04616008 2.71919012
v -0.72473174 0.17627245 2.60982537
v -0.23714241 0.11898348 2.65024471
v -0.25585607 0.14067976 2.56408405
v -0.33124188 0.18120141 2.60745382
v -0.28772342 0.13482165 2.68622446
v -0.32046363 0.06070293 2.71338463
v 0.73093134 0.02265679 2.69172835
v 0.73093134 0.02265679 2.69172835
v 0.59816486 0.08424369 2.73016739
v 0.53380793 0.11602865 2.61271024
v 0.93322414 0.00179631 2.36330104
v 1.02579534 0.08327870 2.38684845
v -0.42341039 0.10735552 2.63259792
v -0.78599972 0.23644470 2.48424625
v -0.89526743 0.18374337 2.57918048
v -0.77473599 0.08701577 2.59358573
v -0.62600505 0.27057502 2.47402453
v -0.64086276 0.36572659 2.36515355
v -0.76152718 0.36024430 2.35835886
v 0.25848234 0.09227285 2.59532428
v 0.30189386 0.15210012 2.65565300
v 0.36229515 0.21325117 2.53526473
v 0.29558009 0.12872858 2.47146988
v 0.33633092 -0.01240086 2.46001387
v 0.26723853 0.02497900 2.60365868
v 0.31714630 0.04436449 2.69894481
v -0.11096936 4.21959019 4.62587166
v -0.11096936 4.21959019 4.62587166
v -0.21093291 4.26581335 4.72903681
v -0.21093291 4.26581335 4.72903681
v -0.32580054 4.26802635 4.61741066
v -0.37576014 4.26927614 4.46288061
v -0.21221796 4.22146511 4.46746969
v -0.21221796 4.22146511 4.46746969
v -0.20871803 4.22806454 4.59426260
v -0.20871803 4.22806454 4.59426260
v -0.06922413 4.20416784 4.47586823
v 1.06846976 0.03507300 2.34439707
v 1.03762913 0.00362125 2.22344637
v 1.10292065 0.01807723 2.21680117
v 1.10992396 0.11585366 2.33396745
v 0.40905729 0.00876061 2.61259556
v 0.41334799 0.12184948 2.66107440
v 0.51549554 0.00350254 2.55220699
v 1.00206304 0.20469108 2.34971237
v 0.91254300 0.28670666 2.39532828
v 1.08126998 0.21538778 2.24652243
v 1.01939738 0.05719422 2.13219762
v 1.07973623 0.14325373 2.14677000
v 0.50994819 6.16583729 2.80705428
v 0.44905317 6.08833838 2.81499577
v 0.44401604 6.15232086 2.87920594
v 0.52158988 6.20508337 2.85096908
v 0.54965883 6.13933325 2.84438086
v 0.55671173 6.16012955 2.79180431
v 0.51407570 6.03090668 2.76619291
v 0.45028648 6.18517447 2.93307662
v 0.38485679 6.13917255 3.02372265
v 0.32492012 6.09589911 2.95175910
v -0.51355165 6.09749794 2.97957253
v -0.48270088 6.00228071 3.08789754
v -0.35899162 6.13069105 3.09846687
v -0.48554653 6.21193600 2.95349860
v -0.52849239 6.06371307 2.90796828
v -0.46899593 5.97538328 2.98010278
v -0.56926799 6.12916660 2.82615304
v 0.32199848 5.99419403 2.79891086
v 0.31719106 5.85718679 2.65561724
v 0.16745800 5.93246794 2.66963744
v 0.13762939 6.04762745 2.83893824
v 0.15137532 6.12730980 3.04002213
v -0.52982110 5.77309704 3.75161123
v -0.40106028 5.88296413 3.76973343
v -0.40782067 5.92770338 3.61059332
v -0.56664145 5.71564627 3.56715298
v -0.53631991 5.65369415 3.88248682
v -0.38224244 5.84563541 3.90526748
v -0.62634867 5.53968096 3.72177076
v -0.21800588 5.04287910 5.01175594
v -0.28679767 5.17399120 4.96150255
v -0.35325781 5.01899147 4.88733912
v -0.24725516 4.93347883 5.00268888
v -0.15016295 5.05049324 5.10146189
v -0.15016295 5.05049324 5.10146189
v -0.15997806 5.23986626 5.03455019
v -0.13334167 4.90118933 5.07911491
v -0.13334167 4.90118933 5.07911491
v 0.97547722 4.63448000 1.68406534
v 1.00937605 4.47976017 1.90188038
v 1.10586119 4.31009388 1.78694141
v 1.11309636 4.41398859 1.58088982
v 1.12884176 4.48189640 1.38904226
v 1.01147532 4.67584753 1.44539142
v 0.81609762 4.83594465 1.64269531
v 0.73891330 4.87567282 1.85878050
v 0.84984177 4.73989868 1.94023263
v 0.90572584 4.60824823 2.08908701
v 0.86148906 4.84461117 1.44718122
v 1.22638190 3.70799589 -2.70007873
v 1.17908490 3.88441706 -2.68624496
v 1.11192906 4.07158279 -2.66000819
v 1.20652294 3.99053216 -2.51197004
v 0.15678374 2.02812409 2.32953572
v 0.05770216 2.15426111 2.55744791
v 0.05770216 2.15426111 2.55744791
v 0.27780989 1.92031276 2.21917439
v 0.39557216 1.99918163 2.41159868
v 0.30817246 2.12754369 2.50455165
v 1.18900990 3.09306026 -3.01379323
v 1.17447340 3.22575068 -3.01133657
v 1.25090790 3.20578265 -2.89687634
v 1.28948605 2.97551584 -2.89099860
v 1.03332233 3.04655385 -3.19241786
v 0.99608392 3.28743768 -3.20207500
v 1.20632231 2.84931779 -3.02328539
v 0.69249350 0.11043455 -1.37530661
v 0.77520233 0.04875715 -1.38938892
v 0.86458313 0.03877099 -1.37725008
v 1.33886755 3.69198751 -2.28699803
v 1.35530686 3.56529307 -2.34406471
v 1.31695485 3.80916762 -2.22085834
v 0.93829358 4.84700155 -1.99026287
v 0.98565435 4.74280214 -2.05558395
v 0.88442683 4.83119631 -2.21776938
v 0.85713100 4.94125938 -2.02876496
v 1.14217293 0.20646235 -1.15628493
v 1.07641351 0.26284665 -1.13693130
v 1.43592644 0.16282959 -1.82928371
v 1.34219813 0.19553840 -1.93891323
v 1.35267377 0.28963113 -1.89230049
v 1.44362116 0.24537824 -1.78768086
v 1.39108133 0.08483749 -1.76594937
v 1.29176331 0.09466642 -1.89640951
v 1.37697077 0.24855398 -1.69843519
v 1.30505478 0.33983010 -1.83550942
v 1.22374666 0.39342549 -1.77312434
v 1.39296889 0.19315074 -1.57057858
v 1.35219884 0.06436517 -1.63831484
v 1.20452404 0.06901164 -1.28420866
v 1.41068113 0.15239802 -1.34768164
v 1.34281373 0.07456620 -1.35363448
v 1.34189665 0.05578579 -1.48694384
v 1.41869617 0.16847362 -1.44528317
v 1.36531520 0.20317002 -1.28967023
v 1.32606506 0.12366514 -1.27319264
v 1.07012236 0.08017702 -1.93870378
v 1.07012236 0.08017702 -1.93870378
v 0.91845071 0.08755910 -1.95311308
v 0.89700121 0.25441229 -2.16148281
v 1.00646675 0.26777375 -2.17974257
v 1.00646675 0.26777375 -2.17974257
v 0.93700689 0.02833574 -1.70934999
v 1.23104322 0.05538892 -1.75845957
v 1.20898211 0.03776428 -1.56724238
v 1.06783640 0.02646025 -1.66125619
v 1.06783640 0.02646025 -1.66125619
v 1.17041886 0.18178506 -2.04183841
v 1.10601616 0.32427135 -2.20260406
v 1.20226002 0.04049047 -1.40320587
v -0.78813130 0.17961030 -1.23237884
v -0.77304864 0.11848851 -1.22887790
v -0.70203996 0.13152903 -1.21660590
v -0.72640771 0.19726971 -1.22096837
v -1.08259463 0.12784146 -1.14435732
v -1.09762585 0.19521046 -1.16170192
v -1.10111642 0.22646023 -1.25329626
v -1.08167326 0.09388775 -1.21515858
v -0.70781195 0.05543053 -1.32260990
v -0.64944440 0.13821395 -1.31585634
v -0.68154150 0.22977667 -1.31332338
v -0.76928961 0.24745958 -1.31035292
v 1.06926358 0.04017504 -1.32364655
v 1.06926358 0.04017504 -1.32364655
v 1.07336307 0.02222174 -1.46296167
v 1.07336307 0.02222174 -1.46296167
v 0.89473492 0.28840458 -1.48374605
v 0.76735198 0.32920456 -1.48929274
v -0.01084568 1.90246832 1.88542187
v -0.01084568 1.90246832 1.88542187
v -0.12977572 1.86439288 1.85457098
v -0.23021632 1.80237651 1.52819633
v -0.47178912 1.80107677 1.28696871
v -0.40897024 1.81981325 1.19828749
v -0.09770659 1.82701695 1.47225022
v -0.09770659 1.82701695 1.47225022
v 0.11384662 1.82444882 1.56955504
v 0.12482381 1.89988780 1.93514872
v 0.10940548 1.82461298 1.31392515
v -0.38416702 1.81432927 1.04676628
v -0.10290101 1.84404337 1.20206296
v -0.10290101 1.84404337 1.20206296
v -0.71246320 -0.01021160 2.21715617
v -0.71246320 -0.01021160 2.21715617
v -0.77659988 0.02991187 2.04036665
v -0.77659988 0.02991187 2.04036665
v -0.97022301 0.14106628 2.66720247
v -1.02226949 0.15724994 2.51473665
v -1.04922140 0.11606645 2.62102127
v -0.92552274 0.08105408 2.66861677
v 0.42223594 0.25709796 2.42966199
v 0.87734234 -0.00612785 2.21008492
v -0.81435549 0.08980243 -1.34030449
v -0.81702656 0.18969922 -1.33143628
v -0.88512903 0.19481573 -1.33003819
v -0.87584740 0.06731551 -1.31583703
v -1.10241604 0.05288071 -1.36546993
v -1.23005235 0.14075123 -1.36801016
v -1.26809454 0.05305636 -1.48106277
v -1.13815022 0.04306785 -1.47931898
v -0.99103582 0.03739830 -1.49410474
v -0.99103582 0.03739830 -1.49410474
v -0.62872750 -0.00802123 2.35981417
v -0.62872750 -0.00802123 2.35981417
v -0.47599450 0.20743966 2.53610706
v 0.24714671 4.36983156 4.84291935
v 0.23130082 4.44291401 4.89684010
v 0.10503852 4.39485312 4.93357372
v 0.16327204 4.31722641 4.84432316
v 0.27425614 4.27149916 4.71841955
v 0.34906760 4.38581610 4.75434208
v 0.35820228 4.50568771 4.79193211
v 0.78515583 0.30457065 2.40925050
v 0.59930992 0.32196626 2.40134907
v -0.82653415 0.27597186 -1.45405173
v -0.93386585 0.31272301 -1.40367889
v -0.74902803 0.30768940 -1.45363486
v 1.40534627 2.99291563 -2.57203364
v 1.45970190 2.89989924 -2.39816189
v 1.44803786 2.80075288 -2.50400281
v 1.37746835 2.97779536 -2.68672109
v 1.34170604 3.17795968 -2.67364097
v 1.38871157 3.13058186 -2.51204133
v -0.84264433 0.34055668 -1.59548140
v -0.95019394 0.35597199 -1.58571577
v -1.07243514 0.33673561 -1.61073160
v -1.11778998 0.25531068 -1.41423213
v -0.93637848 0.01493545 2.52666378
v -0.93637848 0.01493545 2.52666378
v -1.00229919 0.02425727 2.62064362
v -0.37336260 0.22365947 2.48854375
v -0.47685620 6.11364126 2.80623770
v -0.46980116 5.98383331 2.76840687
v -0.57364798 5.98710251 2.74635816
v -0.42144379 6.13752174 2.89760280
v -0.36454841 6.01020813 2.81765056
v -0.97325087 0.21727049 2.39693522
v -0.99728847 0.06526189 2.43733597
v -1.00962412 0.04315442 2.38325572
v -0.82516092 -0.00524124 2.43785048
v -0.82516092 -0.00524124 2.43785048
v -1.00211966 0.18096286 2.31097198
v 0.07910571 6.15496826 3.34428358
v 0.24021062 6.12275362 3.16476488
v -0.06296976 6.14395857 3.12241745
v -0.18694404 6.10963821 3.43344259
v -0.16771567 6.07134724 3.61853814
v 0.08564103 6.09732962 3.59423161
v 0.08564103 6.09732962 3.59423161
v -0.25629756 6.12465191 3.27559304
v 0.31637692 5.99882698 3.57359362
v 0.17048106 1.85580516 -1.27016485
v 0.44699246 1.83673894 -1.05416846
v 0.40708756 1.84539342 -0.88136351
v 0.13913807 1.84768867 -0.97891748
v -0.01631517 1.86490357 -1.29532909
v 0.03072206 1.88262427 -1.62992036
v 0.13355303 1.87899005 -1.65897202
v 0.25371039 1.85874820 -1.72134089
v 0.33415103 1.82422733 -1.41064084
v 0.53611457 1.78785419 -1.18451536
v -0.05432273 1.84991407 -1.03073645
v 0.45017779 0.30652606 2.33306694
v -0.87721050 0.03902899 -1.49858212
v -0.22351690 2.74876857 3.15784645
v -0.22351690 2.74876857 3.15784645
v -0.56718463 2.93320823 3.06894565
v -0.66083902 2.81791615 2.97310781
v -0.40751842 2.65639114 3.01651645
v -0.15617475 2.47800040 2.93287396
v 0.05166099 2.53733897 3.01302409
v 0.05166099 2.53733897 3.01302409
v 0.17745179 2.74918199 3.17165017
v 0.09995878 2.89468551 3.26293254
v -0.23376790 2.92172384 3.24349904
v -0.23376790 2.92172384 3.24349904
v -0.52398169 3.04644775 3.14307690
v 1.26753402 1.90981483 1.66274917
v 1.29369152 2.04817104 1.74003899
v 1.29185665 1.99217260 1.94475687
v 1.18361509 1.86543131 1.48089170
v 1.24910271 2.08554769 1.58232450
v -1.02717018 0.09722678 2.12737942
v -0.99464577 0.01824363 2.18147516
v -1.10893691 0.03496517 2.25854206
v -1.09070730 0.13936965 2.17363977
v -0.97507751 0.23264009 2.06961036
v -0.92315835 0.14917246 2.01747704
v -0.51562101 5.83054924 3.03649426
v -0.53026831 5.80730677 3.20180988
v -0.43909553 5.99045944 3.29549503
v -0.53100872 5.85924053 2.89592314
v -0.57137120 5.38148403 3.89162159
v -0.44060907 5.60333967 4.01234150
v -0.51044095 0.27515075 2.42983723
v -1.14359725 0.08056621 2.32658339
v -1.08077943 0.18997101 2.24105191
v -0.54826725 5.97301435 2.85029578
v -0.49637324 5.83059025 2.74877238
v -1.12498581 4.25950003 1.68929112
v -1.13237369 4.07745171 1.91452646
v -1.06510973 4.20693588 2.04710102
v -1.03933382 4.36695004 1.89465272
v -0.98743069 4.53205299 1.79109025
v -1.05737865 4.49520922 1.59291863
v -1.11713278 4.49339104 1.37094152
v -1.18100810 4.28642559 1.41096306
v 0.54081750 1.64827299 1.54888844
v 0.36319786 1.72921228 1.59186316
v 0.42629072 1.77067816 1.36832571
v 0.63258052 1.74750137 1.34372950
v 0.39264455 1.65962970 1.84486210
v 0.32911664 1.77200639 1.87590075
v 0.57712150 1.52969551 1.60203528
v 0.57712150 1.52969551 1.60203528
v -1.03580213 0.00719982 2.31851125
v -0.93584716 -0.02142158 2.32021093
v -1.25517106 2.00283909 1.81599259
v -1.23589814 2.06228495 1.66931391
v -1.19113493 1.89014649 1.54023945
v -1.06064582 1.68858612 1.41566944
v -1.04096556 1.55701172 1.51269209
v -1.04096556 1.55701172 1.51269209
v -1.23966956 1.93361509 2.01981044
v -0.55624789 5.67209148 2.78703904
v -0.58380181 5.65752697 2.93596387
v -1.39680672 3.20294523 -2.00405574
v -1.41149485 3.05798292 -2.10491061
v -1.42814529 3.02148128 -1.89445484
v -1.39206707 3.27868652 -1.82676041
v -1.36114192 3.45983934 -2.00830054
v -1.36693633 3.33628273 -2.17026949
v -0.77453434 0.04324754 -1.51045060
v -0.66466820 0.06937900 -1.50982189
v -0.88186258 0.33975318 2.29315519
v -0.94237125 0.31329978 2.22345185
v 0.37417948 0.03268140 2.29278803
v 0.51822913 -0.01116015 2.30477500
v 0.50156319 -0.00719798 2.43568730
v 0.34354717 0.16235839 2.33821011
v -0.66149080 5.37118769 3.54438210
v -0.66949219 5.21256971 3.67096114
v -0.60453117 5.09038591 3.93938994
v -0.54007143 5.09894991 4.14590311
v -0.47988549 5.32290220 4.15235424
v -0.65962577 4.99955702 3.75091624
v -0.38103881 5.53341532 4.21443844
v -1.28715265 0.08287052 -1.85446823
v -1.36686671 0.13952334 -1.84792650
v -1.26701593 0.22885230 -1.97500062
v -1.20141757 0.15146191 -1.97814178
v -1.12086689 0.06702198 -1.91171861
v -1.26355612 0.06115632 -1.77557707
v -1.36317670 0.07793961 -1.70802808
v -1.39779222 3.18016624 -1.44135094
v -1.37165177 3.34289193 -1.23311830
v -1.36322987 3.55929041 -1.26767075
v -1.36870384 3.48030543 -1.43533409
v -1.41186881 2.94723248 -1.31771076
v -1.37359738 3.11363864 -1.15659499
v -1.37926567 3.38914227 -1.62563157
v -1.41594517 3.11373448 -1.67168880
v -1.17453659 0.33172718 -1.65114176
v -1.20572102 0.26776358 -1.46769953
v -0.49401557 1.79412055 -1.19076860
v -0.27926508 1.84289062 -1.26051307
v -0.37190494 1.83882606 -1.00545180
v -0.56471968 1.84004748 -0.95666957
v -0.77485675 1.81252670 -1.01515043
v -0.77663422 1.71427953 -1.12323546
v -0.52089250 1.72026777 -1.32721519
v -0.77406329 1.88603675 -0.91437340
v -1.15765655 4.38666344 -1.89719129
v -1.24741256 4.18328333 -1.77777302
v -1.32754767 1.72834623 -2.34035563
v -1.38467693 1.84057283 -2.27211308
v -1.35858786 1.93135571 -2.40336466
v -1.24730158 1.74950624 -2.51112390
v -1.28476739 1.50861466 -2.27918816
v -1.28476739 1.50861466 -2.27918816
v -1.37754965 1.71055281 -2.16279364
v -1.02926540 4.75902700 -1.58239627
v -0.03594415 6.07005930 2.87328124
v -0.21836272 6.05102253 2.85376024
v -0.26989418 6.13300562 3.01852083
v -1.33695841 0.06412949 -1.56902385
v -1.31721568 0.05850002 -1.64232683
v -1.25103748 0.05109735 -1.63554907
v -1.37198937 0.15877041 -1.61381245
v -1.36466050 0.13034742 -1.47448039
v -0.83703172 0.27338138 1.91265273
v -0.71927673 0.21963899 1.89441323
v -0.71927673 0.21963899 1.89441323
v -0.97457755 0.04688811 -1.90487325
v -0.97457755 0.04688811 -1.90487325
v -1.12905633 0.03681511 -1.66352928
v -1.04729939 0.19465278 -2.09804058
v -0.94677109 0.17024852 -2.07933116
v -0.94677109 0.17024852 -2.07933116
v -1.13710308 0.25185773 -2.10579562
v 0.88485402 0.06777481 2.03674698
v 0.67694753 0.26454595 1.86736727
v 0.67694753 0.26454595 1.86736727
v 0.82632685 0.28161788 1.88525009
v 1.34333730 1.71685648 -2.38818455
v 1.34333730 1.71685648 -2.38818455
v 1.40491283 1.81844640 -2.30881667
v 1.42590320 1.73282957 -2.17850733
v 1.33078074 1.55264044 -2.30222225
v 1.33078074 1.55264044 -2.30222225
v 1.18913376 1.71700621 -2.60967922
v 1.18913376 1.71700621 -2.60967922
v 1.33297861 1.90670156 -2.52070689
v 1.16772938 1.50537229 -2.52951217
v 1.24897838 2.05731201 -2.74834800
v 1.34653831 2.20536709 -2.66310716
v 1.41100252 2.03641629 -2.43332863
v 1.44300628 1.92110109 -2.24259758
v 1.07473075 1.88990355 -2.78673244
v 0.96194857 2.05933976 -2.93265891
v 1.12495661 2.25415540 -2.95080519
v 0.83741921 1.74479401 -2.72653270
v 0.75835937 1.89604568 -2.82028127
v 0.65775579 2.03932905 -2.90710282
v 0.83911514 2.21108270 -3.06847429
v 0.63992655 1.63898695 -2.58099103
v 0.58200544 1.78693187 -2.62238145
v 0.51369816 1.91949868 -2.65608788
v 0.44112208 2.03173876 -2.67498231
v 0.53921968 2.15197206 -2.96890378
v 0.46838474 1.70668113 -2.39671206
v 0.42970014 1.82618189 -2.39234614
v 0.39201945 1.93609381 -2.38090634
v 0.33617750 2.01389074 -2.36452746
v 0.35072541 2.10842824 -2.68960047
v 0.39737695 1.73608255 -2.13643909
v 0.37129161 1.83178937 -2.10376191
v 0.32421345 1.90417254 -2.06855631
v 0.24241763 1.94128251 -2.03658152
v 0.25055799 2.04998946 -2.35418105
v 0.38973743 1.73633993 -1.83102596
v 0.34111312 1.81300974 -1.77870834
v 0.48240656 1.66167378 -1.57108426
v 0.43637285 1.75768316 -1.49921930
v 0.63826197 1.59378135 -1.37026286
v 0.60375249 1.69583786 -1.28276646
v 0.84711826 1.55358779 -1.24549389
v 0.82908732 1.66707289 -1.13783717
v 0.78086454 1.77970636 -1.05499542
v 0.72001147 1.86884356 -0.95689172
v 1.07032895 1.68632603 -1.09650624
v 1.03260624 1.82767975 -0.99248344
v 0.97140008 1.94855654 -0.92016214
v 0.92666203 2.02539349 -0.81269735
v 0.68130767 1.89354074 -0.82512641
v 1.24447513 1.92255056 -1.03824842
v 1.19218695 2.06591201 -0.95893031
v 1.13309371 2.18654394 -0.87093174
v 1.37382066 2.18362594 -1.06923711
v 1.31878006 2.32783532 -0.97720450
v 1.42642879 2.45564961 -1.14889431
v 1.37843883 2.60284853 -1.06478357
v 1.46879685 2.28840780 -1.24042416
v 1.52148271 2.39082336 -1.42167008
v 1.49626529 2.56014800 -1.33250690
v 1.39546788 2.01422668 -1.16850877
v 1.48372114 2.12003708 -1.33712435
v 1.53293419 2.22787690 -1.51609707
v 1.54392934 2.33028412 -1.69898760
v 1.53699780 2.48676276 -1.60671496
v 1.48369753 1.96653593 -1.44261169
v 1.52875626 2.08051610 -1.61954558
v 1.53747892 2.18776727 -1.79918015
v 1.52728140 2.29231787 -1.97472525
v 1.53116691 2.43198967 -1.88006234
v 1.51606417 1.94999886 -1.72909558
v 1.51905382 2.05853248 -1.90420961
v 1.50760424 2.15982437 -2.07205606
v 1.48393583 2.27980328 -2.25608158
v 1.50607193 2.40696120 -2.16051841
v 1.49905002 1.93903291 -2.00758457
v 1.48215270 2.03574920 -2.16484380
v 1.45140028 2.15794611 -2.34854221
v 1.40417576 2.32992768 -2.57159019
v 1.44997895 2.43627048 -2.47344112
v 1.39094579 2.67507935 -2.72315860
v 1.42621362 2.73100328 -2.60873604
v 1.47556198 2.54266548 -2.37105083
v 1.33271098 2.58692884 -2.83172822
v 1.24281394 2.43894291 -2.90929055
v 1.11421645 2.64674163 -3.10862899
v 0.94519126 2.80123425 -3.27388453
v 0.99807787 2.42738914 -3.13004065
v 0.83534884 2.56509709 -3.26930237
v 0.64025313 2.67193913 -3.40568709
v 0.71592462 2.91788530 -3.43796110
v 0.69275683 2.33656001 -3.17770624
v 0.52957749 2.43170166 -3.27860570
v 0.34891149 2.50495386 -3.35578990
v 0.41194907 2.75414395 -3.51182103
v 0.41215891 2.23622227 -3.01225281
v 0.28359914 2.29239464 -3.04401422
v 0.15539241 2.32251406 -3.05983162
v 0.25222921 2.14776754 -2.70046043
v 0.15198544 2.16696310 -2.70476031
v 0.05542279 2.16962385 -2.69672084
v 0.03574189 2.32746983 -3.05393815
v 0.15868483 2.05399251 -2.34765172
v 0.07098292 2.04722142 -2.33476853
v 0.14837192 1.94676566 -2.00803304
v 0.05841818 1.94646418 -1.98231566
v -0.02855986 1.94074106 -1.96287060
v -0.02855986 1.94074106 -1.96287060
v -0.11483292 1.92605138 -1.95026398
v -0.10141505 2.01879835 -2.29414129
v -0.01562430 2.03546786 -2.31646538
v -0.01562430 2.03546786 -2.31646538
v -0.07004733 1.87970448 -1.61634362
v -0.07004733 1.87970448 -1.61634362
v -0.16725360 1.86677420 -1.60816920
v -0.28383902 1.82901824 -1.59642756
v -0.20049310 1.89715028 -1.94234157
v -0.13833013 1.86021066 -1.29248893
v -0.13833013 1.86021066 -1.29248893
v -0.20361069 1.84715378 -1.03029048
v -0.20361069 1.84715378 -1.03029048
v -0.40548816 1.84298599 -0.82504851
v -0.06749366 1.83392298 -0.81598222
v -0.23317514 1.83646441 -0.82629836
v -0.23317514 1.83646441 -0.82629836
v -0.05272989 1.81702948 -0.63701916
v 0.14389417 1.83263361 -0.77161479
v 0.16571127 1.81591165 -0.60232085
v 0.18859302 1.79337251 -0.43624929
v -0.03371822 1.79511690 -0.46987540
v 0.39969471 1.83563626 -0.72306007
v 0.41000211 1.81809545 -0.56917334
v 0.43474251 1.78776252 -0.41778198
v 0.46365452 1.76968300 -0.26488289
v 0.21694148 1.77657652 -0.27794152
v 0.68489856 1.86487114 -0.55055362
v 0.70259005 1.84633589 -0.40886939
v 0.72677320 1.82350802 -0.26117182
v 0.74629545 1.81768668 -0.10660909
v 0.49197412 1.76199889 -0.10834762
v 0.95758283 1.99939525 -0.24247561
v 0.96392137 1.97920215 -0.08552948
v 0.97204292 1.95670354 0.07923811
v 0.76354700 1.80607617 0.05285621
v 1.12060487 2.23277378 -0.21900098
v 1.12287164 2.19126415 -0.05591238
v 1.12547350 2.15902877 0.11310317
v 1.23047030 2.40796375 -0.01791462
v 1.23183882 2.37273026 0.15301105
v 1.22817361 2.34879947 0.32882705
v 1.11778843 2.13885856 0.28633389
v 0.96505028 1.94317150 0.24857683
v 0.94584692 1.93834925 0.41605702
v 0.76276904 1.78321993 0.38378969
v 0.77157319 1.78947055 0.21727024
v 1.10168183 2.12687874 0.45788217
v 1.07579327 2.11906075 0.62330484
v 0.92082375 1.93612444 0.57620567
v 1.21635664 2.33397484 0.50703293
v 1.19489014 2.32428002 0.68357849
v 1.30448568 2.54008317 0.56253344
v 1.28495312 2.52776051 0.74656969
v 1.24731767 2.51954412 0.92826974
v 1.32488108 2.73696256 0.81201941
v 1.29171407 2.72083449 0.99676728
v 1.24557173 2.69742322 1.17579174
v 1.19496036 2.50439882 1.09975064
v 1.21656597 2.65499806 1.34847617
v 1.16173422 2.47026658 1.26332736
v 1.21726918 2.58470178 1.51147687
v 1.16935205 2.40252542 1.41362786
v 1.09896219 2.22600031 1.31380165
v 1.21367621 2.32941818 1.55162179
v 1.17104566 2.15135694 1.44241035
v 1.09341693 1.95915592 1.33640420
v 1.01548672 2.02611232 1.21947110
v 0.90336674 1.77249444 1.29236460
v 0.87053341 1.84935391 1.16903293
v 0.65964031 1.79882526 1.18111849
v 0.67448181 1.81898189 1.02591145
v 0.45986408 1.79682827 1.18288457
v 0.48074523 1.79754519 1.01083481
v 0.49618328 1.78162336 0.84705436
v 0.69632429 1.80581498 0.86687356
v 0.51086617 1.76692641 0.68161309
v 0.71860081 1.79470932 0.70728344
v 0.52416372 1.75334311 0.51866144
v 0.74088228 1.78497314 0.54738581
v 0.53292197 1.74533308 0.35874265
v 0.30214429 1.76809072 0.48488301
v 0.29720935 1.76452744 0.33156481
v 0.28700316 1.76264989 0.18248297
v 0.53124511 1.74782991 0.20198971
v 0.26919046 1.76240230 0.03340248
v 0.51676601 1.75530064 0.04581797
v 0.24446999 1.76852155 -0.11970540
v 0.02568920 1.76502800 -0.00006940
v 0.00801977 1.76754570 -0.15193693
v -0.01171461 1.77738798 -0.30871424
v -0.22526684 1.77580237 -0.34450257
v -0.22526684 1.77580237 -0.34450257
v -0.23364750 1.79827940 -0.50214094
v -0.23364750 1.79827940 -0.50214094
v -0.42733905 1.77876258 -0.37997141
v -0.42123726 1.80913413 -0.52948529
v -0.41654798 1.83065009 -0.67559683
v -0.23713446 1.82218373 -0.66095376
v -0.23713446 1.82218373 -0.66095376
v -0.61556494 1.84624588 -0.54423410
v -0.60107660 1.85823107 -0.68068099
v -0.58368134 1.86122787 -0.81690907
v -0.78911984 1.95496047 -0.67654842
v -0.77580637 1.93448091 -0.80187100
v -0.95868170 2.11632276 -0.67949218
v -0.95762157 2.07975698 -0.79849613
v -0.97819746 2.00821972 -0.89400256
v -1.10664189 2.27698016 -0.82220215
v -1.14683151 2.18412519 -0.91907459
v -1.19564974 2.06504917 -0.99225807
v -1.01687562 1.91274810 -0.96837741
v -1.23583817 1.91679859 -1.07494652
v -1.04018378 1.78970301 -1.04915714
v -1.24226201 1.75500107 -1.19432819
v -1.04488063 1.66141415 -1.15587783
v -0.78421360 1.62275553 -1.21840072
v -0.53773814 1.64470983 -1.41043782
v -1.01393521 1.53939009 -1.28211498
v -0.77686960 1.52633905 -1.32624614
v -0.54824781 1.55977261 -1.47829568
v -0.40902200 1.62015605 -1.71655512
v -0.38351247 1.70789063 -1.67416298
v -0.75770712 1.42411983 -1.44023097
v -0.55407810 1.46310866 -1.55921590
v -0.42835122 1.53134847 -1.76353335
v -0.37542456 1.59720910 -2.00096512
v -0.34815422 1.68904054 -1.97586012
v -0.56075066 1.36422086 -1.64798832
v -0.44469640 1.43671560 -1.81691635
v -0.40006259 1.50520205 -2.02869344
v -0.40853760 1.56333363 -2.25405025
v -0.38055992 1.66819656 -2.25025439
v -0.45977077 1.33021772 -1.87933791
v -0.42350820 1.39857733 -2.06057906
v -0.43612209 1.44904494 -2.26045299
v -0.51059902 1.50035203 -2.45483232
v -0.48516077 1.62846255 -2.47163010
v -0.45047081 1.27397788 -2.10612655
v -0.46759358 1.32303798 -2.27749491
v -0.54130524 1.37049842 -2.44777083
v -0.67118245 1.43315864 -2.57889390
v -0.64970315 1.57404852 -2.60431695
v -0.57633424 1.23307979 -2.46164823
v -0.57633424 1.23307979 -2.46164823
v -0.84971797 1.34735155 -2.63941932
v -0.84971797 1.34735155 -2.63941932
v -0.84971797 1.34735155 -2.63941932
v -0.84445977 1.51210177 -2.64787817
v -0.69194067 1.28748345 -2.58293009
v -0.69194067 1.28748345 -2.58293009
v -0.60623676 1.07107377 -2.51005769
v -0.71044338 1.11299276 -2.62932229
v -0.85891128 1.15419817 -2.69397140
v -0.85891128 1.15419817 -2.69397140
v -1.01745379 1.18500686 -2.64699864
v -0.74683082 0.88935161 -2.62027574
v -0.87485480 0.89483130 -2.69242811
v -0.87485480 0.89483130 -2.69242811
v -1.01442742 0.91782773 -2.66246629
v -1.11111856 0.95140314 -2.55655694
v -1.12879741 1.20975780 -2.51065207
v -0.99548304 0.68296206 -2.54352355
v -1.07128513 0.72726393 -2.47444248
v -1.11446381 0.76493847 -2.38748932
v -1.15296745 0.97274238 -2.42426419
v -1.00148737 0.48421589 -2.40068245
v -1.07539952 0.53360426 -2.35557842
v -1.12938738 0.58381444 -2.29419589
v -1.13779283 0.63400841 -2.21053576
v -1.12388873 0.79202491 -2.28011107
v -1.09992599 0.37750196 -2.22815967
v -1.15691745 0.44367701 -2.18215013
v -1.16824460 0.50439066 -2.11827087
v -1.13643456 0.54842609 -2.04514623
v -1.10783136 0.66598034 -2.12843275
v -1.20302761 0.32878926 -2.07758760
v -1.21596670 0.39938244 -2.01961207
v -1.18262839 0.45154709 -1.94825304
v -1.11726594 0.48591229 -1.88074255
v -1.08315945 0.58047646 -1.97703016
v -1.27800441 0.30502027 -1.91943860
v -1.22953260 0.35264289 -1.84698927
v -1.14859986 0.39093080 -1.77812183
v -1.05237484 0.41258296 -1.73273611
v -1.03175998 0.50419712 -1.83274519
v -1.27902555 0.27845943 -1.72619390
v -1.37113500 0.23886083 -1.80020678
v -1.32309628 0.24730299 -1.57388592
v -0.93522018 0.50765514 -1.81206405
v -0.92040241 0.59420317 -1.91059971
v -1.00761187 0.59612966 -1.92977571
v -0.94716543 0.42015532 -1.71313322
v -0.84303188 0.41571173 -1.71406436
v -0.83624887 0.49786440 -1.81787610
v -0.74868459 0.46355572 -1.85146296
v -0.74921232 0.55285376 -1.94833422
v -0.83176798 0.57927763 -1.91781664
v -0.74990982 0.38674551 -1.74156809
v -0.65990627 0.34743717 -1.77558589
v -0.67229438 0.41836435 -1.89772940
v -0.74526483 0.34620646 -1.60544884
v -0.65760756 0.30079705 -1.63280904
v -0.62270129 0.20245382 -1.66390216
v -0.62894493 0.25410238 -1.82733715
v -0.65076995 0.27228016 -1.46760488
v -0.62203634 0.16623801 -1.49233663
v -0.65419143 0.10306396 -1.68493974
v -0.75285637 0.05538539 -1.69196177
v -0.72823447 0.07454848 -1.89073265
v -0.64223468 0.15113559 -1.86894977
v -0.73339623 0.19593249 -2.06136513
v -0.66581619 0.25938174 -2.02238011
v -0.64543772 0.34172040 -1.96078575
v -0.68102342 0.39701322 -2.14916706
v -0.66079253 0.45682219 -2.07744527
v -0.68355870 0.51243389 -2.00259447
v -0.67020988 0.58838993 -2.16870189
v -0.68947691 0.62218267 -2.08583379
v -0.74588281 0.64882731 -2.02686548
v -0.66072267 0.74147463 -2.12542677
v -0.71829551 0.75487739 -2.05025864
v -0.80175340 0.77070701 -2.01921701
v -0.82166582 0.66963929 -1.99453664
v -0.88935620 0.78425759 -2.01755118
v -0.90407115 0.68338776 -1.98842537
v -0.97205633 0.79474819 -2.04410458
v -0.98463881 0.68838048 -2.01093388
v -1.04249561 0.80172926 -2.10010433
v -1.05484855 0.68342245 -2.05881047
v -1.09763372 0.80287457 -2.17968297
v -1.06516111 0.92238528 -2.07869244
v -1.12981772 0.94439691 -2.17171550
v -1.16361940 0.96117514 -2.29309225
v -1.17429543 1.09569252 -2.11549330
v -1.20528555 1.15602219 -2.23133492
v -1.19405246 1.20729303 -2.36141276
v -1.27730680 1.37040889 -2.12923765
v -1.27730680 1.37040889 -2.12923765
v -1.19224238 1.48974395 -2.46052957
v -1.19224238 1.48974395 -2.46052957
v -1.23346901 1.26165938 -2.01708269
v -1.23346901 1.26165938 -2.01708269
v -1.29178917 1.41455173 -1.92128062
v -1.35492074 1.55578601 -2.03401232
v -1.33909059 1.54198945 -1.83425879
v -1.39940572 1.67761683 -1.95269525
v -1.41811824 1.81288755 -2.08288813
v -1.44776011 1.90844715 -1.99533415
v -1.44334435 2.02185178 -2.12204695
v -1.41678762 1.92601132 -2.20293117
v -1.43473220 1.78346550 -1.86175764
v -1.45919371 1.89201427 -1.75945246
v -1.47189641 2.01350021 -1.89882517
v -1.37877417 1.65154099 -1.74050200
v -1.41090715 1.75724673 -1.63145196
v -1.43142128 1.87522602 -1.51640821
v -1.47543645 2.01107240 -1.65405941
v -1.27194631 1.51814878 -1.63709044
v -1.31005907 1.62203777 -1.53128111
v -1.34087491 1.73731136 -1.40871966
v -1.36415124 1.87871814 -1.28195918
v -1.44263649 2.01669574 -1.40589559
v -1.16177058 1.50766242 -1.44934499
v -1.20356405 1.62248349 -1.33104360
v -0.97456640 1.43174875 -1.40445971
v -1.12086844 1.40204632 -1.55526793
v -0.94081157 1.32828259 -1.51513743
v -0.74216080 1.32264054 -1.54719675
v -0.91430545 1.22777128 -1.62203491
v -0.73102623 1.22381580 -1.65320933
v -0.57151902 1.26373219 -1.74046075
v -0.73044050 1.13501859 -1.75965166
v -0.58160305 1.16139948 -1.83300889
v -0.48325601 1.21609843 -1.95418727
v -0.48524842 1.13858902 -2.16745472
v -0.48524842 1.13858902 -2.16745472
v -0.51497030 1.09188867 -2.03075242
v -0.51497030 1.09188867 -2.03075242
v -0.55692285 0.97148597 -2.09444308
v -0.52935809 1.00064814 -2.22489977
v -0.54838634 1.03315175 -2.36756992
v -0.50756955 1.18515503 -2.31573343
v -0.50756955 1.18515503 -2.31573343
v -0.58612269 0.86970210 -2.25106144
v -0.59843916 0.88048750 -2.38362336
v -0.65164280 0.88410485 -2.51489782
v -0.66386712 0.71621901 -2.33793592
v -0.71158516 0.69400126 -2.43796301
v -0.79275739 0.67544526 -2.51272058
v -0.89377147 0.66984648 -2.55032063
v -0.89377147 0.66984648 -2.55032063
v -0.73023033 0.50658488 -2.33506584
v -0.81312937 0.47955403 -2.38014960
v -0.90850180 0.47406217 -2.39620757
v -0.90850180 0.47406217 -2.39620757
v -0.82157493 0.31109107 -2.23334241
v -0.92139226 0.30476052 -2.24493814
v -0.92139226 0.30476052 -2.24493814
v -1.01367724 0.32936582 -2.24445796
v -0.83579451 0.17070545 -2.07231712
v -0.73345828 0.33992162 -2.20639205
v -0.85099262 0.05026519 -1.89951026
v -0.86905485 0.03612397 -1.68971765
v -0.99198073 0.03142731 -1.68337476
v -0.99198073 0.03142731 -1.68337476
v -0.68687069 0.54835308 -2.25735354
v -0.64510375 0.73204440 -2.23014665
v -0.60978472 0.85725272 -2.12748885
v -0.64170569 0.95914841 -1.99407077
v -0.68030459 0.85927486 -2.03675628
v -0.75627333 0.96181798 -1.93769121
v -0.77849817 0.86959469 -1.99382329
v -0.88073248 0.97361696 -1.92247427
v -0.88206202 0.88234603 -1.98797929
v -1.00027657 1.00145257 -1.94948268
v -0.97952127 0.89998060 -2.01644897
v -1.10287273 1.04428244 -2.01613116
v -1.14312851 1.17329538 -1.92528987
v -1.14312851 1.17329538 -1.92528987
v -1.02526808 1.10047865 -1.86031437
v -1.02526808 1.10047865 -1.86031437
v -1.05345321 1.20004475 -1.75903916
v -1.18618703 1.29592764 -1.82608950
v -1.08631480 1.29897904 -1.65519536
v -1.23029375 1.41138756 -1.73170292
v -0.89648247 1.13945854 -1.73071897
v -0.88444144 1.05761552 -1.83502412
v -0.88444144 1.05761552 -1.83502412
v -0.73859322 1.04956615 -1.85749698
v -0.73859322 1.04956615 -1.85749698
v -0.60301596 1.06004262 -1.92129254
v -0.60301596 1.06004262 -1.92129254
v -1.44456577 2.18451643 -1.29766750
v -1.49292958 2.32376480 -1.43691897
v -1.48742104 2.14886117 -1.54826200
v -1.36110914 2.04690886 -1.17071438
v -1.32881308 2.22538376 -1.07638133
v -1.41341043 2.37368345 -1.19412065
v -1.35232890 2.54952908 -1.08656228
v -1.40020728 2.73646021 -1.19996595
v -1.46401811 2.53326631 -1.32026994
v -1.27455342 2.36645484 -0.98469734
v -1.23155844 2.47839499 -0.87429971
v -1.30843282 2.68329382 -0.95883149
v -1.28732932 2.77234530 -0.82061970
v -1.33215177 2.99601102 -0.90268588
v -1.35554993 2.89305639 -1.05535150
v -1.21667314 2.54614568 -0.74643624
v -1.21196496 2.58826995 -0.61446762
v -1.27720356 2.82947326 -0.67490292
v -1.09940326 2.32333994 -0.70085549
v -1.10793817 2.34809136 -0.57280672
v -1.11903012 2.36217475 -0.44302970
v -1.21328354 2.61304975 -0.47768173
v -0.97565913 2.12771344 -0.55415177
v -0.99786502 2.12798548 -0.42290553
v -1.01905549 2.12527347 -0.29251155
v -1.13275039 2.36836410 -0.30863011
v -0.80906761 1.95356393 -0.54678750
v -0.83018255 1.94204986 -0.41548273
v -0.85284144 1.92974162 -0.28435752
v -0.87349010 1.92452300 -0.14912088
v -1.04048061 2.12234259 -0.15906774
v -0.63079572 1.82508039 -0.40637571
v -0.64912355 1.80430329 -0.26625660
v -0.66843677 1.79424059 -0.12499195
v -0.68601149 1.78650534 0.01640516
v -0.89024085 1.92397404 -0.00856502
v -0.43516389 1.75875819 -0.22851947
v -0.44202068 1.75999939 -0.08048933
v -0.44812512 1.76147735 0.06348249
v -0.44938388 1.76342106 0.20482905
v -0.69985044 1.77964926 0.15846096
v -0.17944731 1.77319360 0.39365390
v -0.17944731 1.77319360 0.39365390
v -0.44399512 1.76437378 0.34360677
v -0.19326565 1.76882756 0.24998678
v -0.19326565 1.76882756 0.24998678
v -0.20396985 1.76538825 0.10809499
v -0.20396985 1.76538825 0.10809499
v 0.04153176 1.76778734 0.14683659
v 0.05598889 1.77095795 0.29452527
v 0.06957109 1.77547884 0.44343790
v 0.08157372 1.78111947 0.59715611
v -0.16204409 1.77843213 0.53989947
v -0.16204409 1.77843213 0.53989947
v 0.30366823 1.77510834 0.64441299
v 0.30360240 1.78650343 0.81219614
v 0.09216296 1.79017472 0.75878251
v 0.10220592 1.80218577 0.92774552
v 0.29893059 1.79848111 0.98070174
v 0.28988624 1.80622327 1.16188669
v 0.11023190 1.81712961 1.11006153
v -0.11631561 1.81798780 1.01564753
v -0.11631561 1.81798780 1.01564753
v 0.27169189 1.79768550 1.35717523
v 0.24285635 1.79236698 1.59533405
v 0.23547992 1.86171222 1.90715766
v 0.35022435 1.81464326 2.14311934
v 0.40990937 1.69525158 2.08439469
v 0.50232536 1.73394203 2.26890182
v 0.45145863 1.86930895 2.34399104
v 0.64202505 1.75870430 2.36626744
v 0.60892135 1.91428387 2.45194268
v 0.54827780 2.05793571 2.52479792
v 0.47075427 2.19389200 2.59603739
v 0.77906537 1.94519591 2.48375487
v 0.73378503 2.11256218 2.58299541
v 0.66130859 2.26116157 2.67210603
v 0.57346904 2.38792157 2.76052284
v 0.91085649 2.16218472 2.56983471
v 0.85806990 2.33973861 2.67534494
v 0.79213572 2.48340607 2.78493738
v 0.69327879 2.61332774 2.88254595
v 0.45828539 2.50474358 2.86705661
v 1.02447152 2.41422415 2.59873581
v 0.97723740 2.58518100 2.70684099
v 0.90399945 2.73576832 2.81523991
v 0.81374353 2.87050748 2.91381192
v 0.57764679 2.73019814 2.98939419
v 1.13685548 2.66388106 2.57584310
v 1.08634067 2.83593726 2.68316126
v 1.01099038 2.99007297 2.77385807
v 0.94175887 3.12613583 2.86367750
v 0.73435074 2.98991990 3.00885463
v 1.21988964 2.91300106 2.51089740
v 1.16417301 3.08648920 2.60655165
v 1.10095906 3.24036980 2.69429350
v 1.03882682 3.38096213 2.77812982
v 0.88239431 3.25175285 2.95315766
v 1.24645066 3.16159129 2.40964293
v 1.19096446 3.33126879 2.49660325
v 1.13199568 3.48760533 2.58027434
v 1.06951332 3.63347960 2.65813875
v 0.97182125 3.51559830 2.85035682
v 1.23425877 3.40426612 2.29448056
v 1.18189490 3.57437158 2.38019395
v 1.12182987 3.73330522 2.46265268
v 1.06000447 3.88286304 2.54560781
v 1.00303376 3.77229857 2.73137045
v 1.20531344 3.65686560 2.18795085
v 1.14845431 3.82711601 2.27418232
v 1.08334577 3.98532534 2.36305237
v 1.01145661 4.13186836 2.46497679
v 0.99291295 4.02660751 2.63453007
v 1.16385818 3.92389631 2.08978343
v 1.09391427 4.08933067 2.18152523
v 1.01926863 4.23830462 2.28981709
v 1.02244222 4.35362101 2.10463500
v 0.93289697 4.49067259 2.25547028
v 0.94374216 4.38342857 2.42307711
v 0.95129734 4.27921152 2.58456993
v 1.10180557 4.19901466 1.99026859
v 1.17128193 4.02342319 1.89983881
v 1.17629158 4.11899185 1.70471025
v 1.19271946 4.20571613 1.50859833
v 1.23103118 3.83757925 1.81745458
v 1.23601270 3.92193365 1.62647295
v 1.24952447 3.99553871 1.43975186
v 1.26666749 4.05876255 1.25666654
v 1.21105421 4.27371550 1.32160497
v 1.27503276 3.71763992 1.55120456
v 1.29228067 3.78202939 1.36915946
v 1.31097651 3.83827162 1.19092941
v 1.32908928 3.88701701 1.01620185
v 1.28786564 4.11279058 1.07726908
v 1.31680143 3.56463623 1.29694295
v 1.33579326 3.61329436 1.12101960
v 1.35946798 3.65608311 0.95084620
v 1.37807548 3.69629741 0.78239447
v 1.34488475 3.93043590 0.84354371
v 1.34811282 3.38755488 1.04620159
v 1.37355351 3.42448497 0.87607491
v 1.39588535 3.46219897 0.70914072
v 1.40623832 3.50302315 0.54466379
v 1.38930440 3.73675418 0.61524576
v 1.37503338 3.19716811 0.79429728
v 1.39071274 3.23165488 0.62447661
v 1.40018439 3.27077508 0.46021965
v 1.40732229 3.31644726 0.29956138
v 1.41170573 3.54787517 0.38053155
v 1.37785995 3.00398564 0.53700650
v 1.38531208 3.04083562 0.37005031
v 1.38802671 3.08727908 0.20897244
v 1.38156593 3.14240956 0.05121390
v 1.40942025 3.36775517 0.13819489
v 1.35568237 2.81529164 0.28423887
v 1.35192466 2.86029887 0.12211595
v 1.34326696 2.91577244 -0.03393229
v 1.33480930 2.98161459 -0.18847606
v 1.37457669 3.20429945 -0.10958856
v 1.30135894 2.63239217 0.04342620
v 1.29332399 2.68713522 -0.11131660
v 1.29045105 2.75659776 -0.26048264
v 1.30088091 2.84603500 -0.42526677
v 1.33810115 3.05818915 -0.35288379
v 1.22541869 2.45883822 -0.17875741
v 1.35375798 3.14963269 -0.53668714
v 1.38047469 3.34546375 -0.45723566
v 1.37403607 3.27025938 -0.27694708
v 1.33125389 2.95888257 -0.61392182
v 1.36176860 3.07280374 -0.80947578
v 1.36351180 3.24728823 -0.73130459
v 1.35845912 2.90550423 -0.89043713
v 1.40195727 3.02246022 -1.08905506
v 1.38262594 3.17881036 -1.01090419
v 1.35759711 2.74901891 -0.97553790
v 1.42670560 2.87169576 -1.16799247
v 1.46127677 2.97577238 -1.36350250
v 1.42752135 3.12513185 -1.29011345
v 1.46022570 2.72055626 -1.24906838
v 1.49380469 2.81853867 -1.44022191
v 1.49199927 2.90590119 -1.63301897
v 1.46455467 3.06521320 -1.56257105
v 1.51979387 2.65303922 -1.52146590
v 1.51630652 2.74212670 -1.70828402
v 1.49801910 2.83647060 -1.89923620
v 1.47433257 2.99381614 -1.82752347
v 1.52896810 2.58185482 -1.79082990
v 1.50936258 2.68252468 -1.97994530
v 1.48051190 2.79309511 -2.18152642
v 1.47377729 2.93966031 -2.09838486
v 1.51056194 2.53982329 -2.06757689
v 1.48110259 2.66036630 -2.27445889
v 1.44503486 3.04320550 -2.30390334
v 1.42291033 3.18636227 -2.23473454
v 1.45420444 3.08922577 -2.02797079
v 1.40825498 3.33175468 -2.17956686
v 1.43601871 3.23999667 -1.96834934
v 1.45319152 3.15089035 -1.76319492
v 1.42173958 3.38780379 -1.91146040
v 1.43311536 3.30292821 -1.70051682
v 1.43891835 3.21712685 -1.49362266
v 1.41132331 3.44747472 -1.63458800
v 1.41936851 3.36446834 -1.42211437
v 1.40520024 3.27539420 -1.21477306
v 1.39994967 3.51237798 -1.34545887
v 1.39479876 3.42964101 -1.13572204
v 1.38495123 3.34112024 -0.93091434
v 1.39687204 3.59062481 -1.05217695
v 1.39396584 3.51072454 -0.84803098
v 1.39213705 3.42673111 -0.64995646
v 1.40539658 3.68731546 -0.76264733
v 1.41406131 3.61255145 -0.56447214
v 1.41061008 3.54435897 -0.37672123
v 1.42025244 3.81284738 -0.49712390
v 1.42297125 3.75536132 -0.31071919
v 1.42703414 3.70040655 -0.13023020
v 1.40945256 3.48215318 -0.19895951
v 1.42321265 3.64770603 0.04432840
v 1.41048193 3.42357183 -0.02748527
v 1.41846693 3.59642553 0.21458179
v 1.40788412 3.87131643 0.10065280
v 1.40747166 3.82451272 0.27620488
v 1.40014648 3.77950072 0.44748142
v 1.37257791 4.05101299 0.32531062
v 1.36579406 4.00981331 0.50128978
v 1.35805607 3.97053146 0.67320061
v 1.31179988 4.23692417 0.54347402
v 1.30525017 4.20038223 0.72104949
v 1.30421090 4.16069651 0.89859474
v 1.24248242 4.41969776 0.76713032
v 1.24271107 4.37965298 0.95401621
v 1.23154569 4.33054781 1.13889408
v 1.15343463 4.58031702 1.00552297
v 1.14290178 4.53431225 1.19865322
v 1.04063475 4.75875378 1.03810465
v 1.03078103 4.71858358 1.24188662
v 0.89570218 4.90952110 1.05279076
v 0.88788563 4.87628698 1.25187802
v 0.71668369 5.03225803 1.06241465
v 0.70889008 5.00120544 1.24759686
v 0.68508852 4.97754669 1.43135560
v 0.64197594 4.96878958 1.61669791
v 0.51253539 5.09959745 1.24908578
v 0.48847467 5.06586075 1.42145288
v 0.45783228 5.06268311 1.59357536
v 0.43230638 5.10635138 1.76142180
v 0.59161973 4.99493122 1.80585003
v 0.28670067 5.12519026 1.41727209
v 0.27232680 5.14152241 1.57805800
v 0.25727227 5.18418741 1.73372138
v 0.24263570 5.25121212 1.88257670
v 0.40759155 5.17613125 1.91940236
v 0.07584339 5.17308855 1.57920671
v 0.07224081 5.22771120 1.72501671
v 0.06853015 5.29620361 1.86831784
v 0.06525798 5.37538242 2.00881910
v 0.23112209 5.33749294 2.02253294
v -0.11465326 5.23411274 1.73838472
v -0.10813605 5.29946136 1.88111317
v -0.10296127 5.37929440 2.01936483
v -0.09784517 5.47097397 2.15130329
v 0.06265555 5.46701479 2.14292073
v -0.27673727 5.26209784 1.92076206
v -0.26527765 5.34645987 2.05638528
v -0.25520507 5.44384956 2.18459296
v -0.24677837 5.55696058 2.30118680
v -0.09343124 5.58055115 2.27194118
v -0.41374835 5.28487635 2.11869216
v -0.40155876 5.38981676 2.24474549
v -0.39403883 5.50868082 2.35754204
v -0.38210452 5.63319349 2.46436572
v -0.38210452 5.63319349 2.46436572
v -0.52983767 5.31791973 2.33283114
v -0.51827657 5.44217014 2.44938660
v -0.50954729 5.57367897 2.55405259
v -0.50954729 5.57367897 2.55405259
v -0.49137014 5.69753218 2.66512132
v -0.38232303 5.74569321 2.58286738
v -0.62051338 5.37938356 2.56641483
v -0.59475249 5.52366447 2.68055272
v -0.59475249 5.52366447 2.68055272
v -0.69581866 5.32856226 2.70481920
v -0.64859939 5.49330854 2.82570696
v -0.64859939 5.49330854 2.82570696
v -0.67213732 5.44784021 2.97660279
v -0.67213732 5.44784021 2.97660279
v -0.59883732 5.62227058 3.09557652
v -0.73654276 5.27613068 2.84194684
v -0.75182718 5.19970560 2.96661639
v -0.68240350 5.37620878 3.11425805
v -0.68240350 5.37620878 3.11425805
v -0.73356324 5.17887592 2.56714940
v -0.79131126 5.11105394 2.69053745
v -0.81351191 5.02919626 2.80839586
v -0.82412159 4.93519068 2.92150068
v -0.76954240 5.10771847 3.08830285
v -0.80966264 4.95099401 2.52873731
v -0.84512448 4.86211014 2.64124608
v -0.85980070 4.76677513 2.75092506
v -0.86648726 4.66300488 2.86002731
v -0.83095992 4.83044767 3.03026724
v -0.87522376 4.71009636 2.46603799
v -0.89595592 4.60754108 2.57819343
v -0.91285658 4.50423622 2.69349146
v -0.91957229 4.39608717 2.81329608
v -0.87715578 4.55373240 2.96939540
v -0.93354201 4.46234655 2.39989805
v -0.94844836 4.35306835 2.52701664
v -0.94641030 4.24299431 2.66184044
v -0.91526163 4.12850523 2.80067992
v -0.88905174 4.27774334 2.93265224
v -1.00266325 4.21053791 2.36956811
v -0.99449492 4.09629536 2.52741694
v -0.96083480 3.98488975 2.69120097
v -0.89381105 3.86414886 2.85787940
v -0.84886134 4.00328350 2.94536567
v -1.05693495 3.95403123 2.41375065
v -1.02158189 3.84420371 2.59802628
v -0.95291668 3.72894478 2.78191519
v -0.84313220 3.59832501 2.96202111
v -0.78776175 3.73050880 3.02191305
v -1.08954251 3.70312715 2.51466799
v -1.02083468 3.59445810 2.71261215
v -0.90707141 3.46876383 2.90519094
v -0.73361260 3.32070470 3.08173037
v -0.68217856 3.44979072 3.13085079
v -1.09090960 3.45432782 2.64149261
v -0.97008997 3.33664513 2.83790803
v -0.78015345 3.19718170 3.01179171
v -0.49603301 3.16863203 3.21724105
v -1.02468860 3.19988632 2.75875568
v -0.83000124 3.07761240 2.93102717
v -1.07648754 3.05306673 2.67194366
v -0.89555246 2.94857001 2.84257293
v -1.12342012 2.88888621 2.57859898
v -0.96713680 2.80356860 2.74733305
v -0.77140659 2.68874979 2.86722231
v -0.55170584 2.55647135 2.88577652
v -1.02688491 2.63157272 2.64403653
v -0.86571163 2.53576326 2.76001811
v -0.66782463 2.43295193 2.78502035
v -0.45140281 2.32775187 2.71487689
v -0.31934524 2.41898537 2.81595612
v -0.92633885 2.36073446 2.63927913
v -0.75233245 2.27792859 2.68551683
v -0.55311996 2.20522714 2.63338566
v -0.37378097 2.12647891 2.52211046
v -0.25557849 2.21114755 2.60980177
v -0.81362510 2.10518312 2.56938124
v -0.63529873 2.05473256 2.54844451
v -0.46416757 1.99725187 2.44927359
v -0.33013320 1.94049001 2.29694986
v -0.23002645 2.04087615 2.36242414
v -0.68593055 1.88589978 2.45696092
v -0.52323180 1.85452187 2.38784027
v -0.39306372 1.81572652 2.25351214
v -0.32927960 1.76932430 2.05928278
v -0.25519970 1.88185394 2.08854532
v -0.56385773 1.70536149 2.30705857
v -0.44858801 1.68154657 2.19524479
v -0.38895264 1.64828622 2.03108549
v -0.39365885 1.61172163 1.83840358
v -0.32863644 1.71537220 1.83848095
v -0.48298395 1.54313326 2.14263201
v -0.48298395 1.54313326 2.14263201
v -0.50988662 1.47417092 1.67279708
v -0.50988662 1.47417092 1.67279708
v -0.47828922 1.58858502 1.64591122
v -0.43028921 1.49593627 1.83713090
v -0.43028921 1.49593627 1.83713090
v -0.42265451 1.52083564 2.00480843
v -0.42265451 1.52083564 2.00480843
v -0.42658088 1.38031733 1.99038148
v -0.44133440 1.36278629 1.83773971
v -0.51755452 1.34574425 1.69255412
v -0.64831054 1.32704413 1.58576214
v -0.65322894 1.46263361 1.54209065
v -0.65322894 1.46263361 1.54209065
v -0.44004583 1.21422887 1.84118342
v -0.51044720 1.19801724 1.71044326
v -0.62830734 1.17638814 1.61878848
v -0.50443441 1.03333640 1.72887993
v -0.60966629 1.01366520 1.64595282
v -0.74064904 0.99644160 1.62688851
v -0.74064904 0.99644160 1.62688851
v -0.86018592 0.99330920 1.68247235
v -0.91249239 1.16223502 1.64379239
v -0.77272153 1.15711677 1.58439398
v -0.77272153 1.15711677 1.58439398
v -0.59987521 0.83272666 1.67047334
v -0.71923792 0.81942266 1.65619314
v -0.71923792 0.81942266 1.65619314
v -0.82657278 0.82042313 1.70903742
v -0.89836103 0.83342886 1.80779529
v -0.93512559 1.00391436 1.78606582
v -0.70961267 0.61485207 1.68426847
v -0.70961267 0.61485207 1.68426847
v -0.81618458 0.63098311 1.74062622
v -0.88535273 0.66166586 1.83609307
v -0.91206044 0.69626123 1.94987035
v -0.92776012 0.85413808 1.92248428
v -0.81440860 0.44463331 1.81795371
v -0.88850790 0.49755135 1.89674389
v -0.91439861 0.54660857 1.99690020
v -0.89203840 0.58121693 2.09496427
v -0.88985968 0.72425842 2.05583978
v -0.91691858 0.34693953 1.97614408
v -0.94089365 0.40728435 2.06433821
v -0.91204482 0.44441858 2.15175581
v -0.84876025 0.47048599 2.23090053
v -0.82828712 0.60386848 2.17595196
v -0.98745143 0.28897014 2.14535022
v -0.74296749 0.61832285 2.23644161
v -0.74001431 0.75822181 2.20131850
v -0.82718569 0.74543923 2.14128804
v -0.75023419 0.48435518 2.28577733
v -0.63794541 0.48547593 2.29498649
v -0.63508558 0.61974931 2.25090456
v -0.52802438 0.61156648 2.21898484
v -0.52815616 0.75747067 2.19236541
v -0.63461959 0.76183057 2.22082925
v -0.52771735 0.47674474 2.26527381
v -0.43175152 0.45090801 2.19507670
v -0.44103152 0.59260595 2.14076638
v -0.52358097 0.36484465 2.33530688
v -0.41762739 0.33993161 2.27102447
v -0.36085239 0.25761935 2.17746592
v -0.38055128 0.39768344 2.08648014
v -0.40198141 0.27020922 2.37237310
v -0.33249953 0.18651436 2.29946160
v -0.32539618 0.06854008 2.26527357
v -0.30003718 0.15858229 2.43354487
v -0.46222210 0.00410677 2.29479837
v -0.42084280 0.51624572 1.91739786
v -0.40075517 0.56145126 2.03060150
v -0.43334472 0.69754303 1.87673235
v -0.41359535 0.72684366 1.99715018
v -0.44995955 0.74556351 2.11008430
v -0.41894108 0.89488983 1.98401451
v -0.44867224 0.90793628 2.10375929
v -0.53080684 0.91450584 2.18719625
v -0.45447606 1.07410705 2.10522699
v -0.54286158 1.07859397 2.19202375
v -0.65929669 1.07803190 2.21993208
v -0.64219469 0.91496134 2.21171474
v -0.77582502 1.07232952 2.18967485
v -0.75274128 0.91023368 2.19097590
v -0.87580109 1.05968893 2.12152648
v -0.84413087 0.89687288 2.12607574
v -0.94258481 1.04045260 2.02261853
v -0.90850699 0.87688148 2.03480554
v -0.96407568 1.02093208 1.90429914
v -1.00781608 1.22260499 2.01698923
v -1.03676009 1.20962167 1.88741159
v -1.00334108 1.19225693 1.75718093
v -1.12436390 1.44603932 1.87953866
v -1.09241271 1.43558097 1.72320008
v -0.96947241 1.35201788 1.59182525
v -1.20542014 1.74993312 1.68188894
v -1.20542014 1.74993312 1.68188894
v -0.80483800 1.31105864 1.52893341
v -0.80483800 1.31105864 1.52893341
v -0.84185678 1.57461870 1.38241780
v -0.63920969 1.57765496 1.49785912
v -0.83567244 1.45337892 1.44947469
v -0.83567244 1.45337892 1.44947469
v -0.83567244 1.45337892 1.44947469
v -0.81138313 1.66744161 1.31862509
v -0.60529554 1.67963433 1.44410753
v -0.42151356 1.68192768 1.61176860
v -0.54306924 1.76187098 1.37087846
v -0.33587217 1.75089204 1.57000673
v -0.23924768 1.79876137 1.84213984
v -0.14748797 1.94971645 2.13986754
v -0.02126608 1.99265635 2.22184777
v -0.02126608 1.99265635 2.22184777
v -0.10677265 2.10215425 2.44609928
v -0.10677265 2.10215425 2.44609928
v -0.76902252 1.73346126 1.24336827
v -0.71840340 1.77592051 1.15719616
v -0.97203350 1.84720933 1.23454297
v -0.92456925 1.89818192 1.13607550
v -0.89299780 1.93385768 1.03861654
v -0.67781717 1.79875374 1.06203425
v -0.88029832 1.95090544 0.93031609
v -0.65801990 1.81078112 0.95004988
v -0.88586056 1.95026505 0.81415308
v -0.65544611 1.80875552 0.83466005
v -0.38343987 1.80200207 0.91208780
v -0.66405207 1.80157125 0.71001017
v -0.38837448 1.78775442 0.76607931
v -0.12917089 1.80105007 0.84935141
v -0.12917089 1.80105007 0.84935141
v -0.68154323 1.79359484 0.58158469
v -0.40589809 1.77735984 0.62305295
v -0.14422809 1.78652656 0.69237792
v -0.14422809 1.78652656 0.69237792
v -0.70113713 1.77912974 0.44717488
v -0.42804384 1.77000237 0.48265779
v -0.70973808 1.76935649 0.30146554
v -0.92392701 1.91790521 0.42227596
v -0.92164075 1.91393352 0.27736327
v -0.90582365 1.92095542 0.13367452
v -1.07950151 2.12136769 0.26611480
v -1.06968069 2.12169003 0.12189639
v -1.05737686 2.12135315 -0.02044597
v -1.19410634 2.35191536 0.10985116
v -1.17828381 2.35752153 -0.03426043
v -1.15491807 2.36476827 -0.17315310
v -1.25216305 2.61410928 -0.04586839
v -1.23475337 2.62240458 -0.19160901
v -1.22079813 2.62352800 -0.33590057
v -1.28823674 2.87716126 -0.21229504
v -1.27895105 2.87704825 -0.36876437
v -1.27529418 2.86261630 -0.52369940
v -1.32328951 3.11616564 -0.40526289
v -1.31963408 3.09819031 -0.57455313
v -1.32168722 3.06008172 -0.74083138
v -1.34876227 3.32033706 -0.62288916
v -1.34808099 3.27939725 -0.80319142
v -1.35429704 3.21550798 -0.98180282
v -1.36402285 3.49066138 -0.85422242
v -1.36331797 3.42739701 -1.04285979
v -1.37068868 3.70230031 -0.89381152
v -1.36466324 3.63696766 -1.08269191
v -1.36090577 3.92556190 -0.92643178
v -1.35317624 3.86870790 -1.11242020
v -1.34710705 3.80263019 -1.29133058
v -1.32486844 4.11750603 -1.14141035
v -1.31611085 4.06478119 -1.31913137
v -1.31166339 4.00397825 -1.49997914
v -1.34619844 3.73355317 -1.46146703
v -1.31252873 3.92881012 -1.69032264
v -1.34909403 3.65860891 -1.63390946
v -1.31573391 3.85184479 -1.86620629
v -1.35459387 3.57077336 -1.81879866
v -1.32034218 3.75237155 -2.03993273
v -1.25157630 4.10293245 -1.95651567
v -1.25490034 4.00840950 -2.11999989
v -1.25625956 3.89996386 -2.27593660
v -1.32103884 3.63628435 -2.20277572
v -1.25556827 3.78409433 -2.42385960
v -1.31956470 3.51437783 -2.34929943
v -1.37134171 3.22275066 -2.29108214
v -1.31502485 3.39570141 -2.47623610
v -1.37596023 3.11699224 -2.38874006
v -1.42259884 2.88173032 -2.25489187
v -1.41873121 2.96912169 -2.17853904
v -1.45490849 2.71934414 -2.07889009
v -1.44961536 2.83637619 -1.99366653
v -1.48023129 2.61991096 -1.89837503
v -1.46238399 2.82630181 -1.78003764
v -1.49875355 2.54915547 -1.73171866
v -1.46441424 2.81503272 -1.59752107
v -1.50259328 2.44788671 -1.58162463
v -1.47314680 2.69068050 -1.45695364
v -1.49581838 2.37532854 -1.84279871
v -1.50093985 2.26634789 -1.69544303
v -1.48403454 2.24576330 -1.93891907
v -1.48899567 2.13147163 -1.79782867
v -1.46676576 2.12887597 -2.03261828
v -1.46724021 2.36371160 -2.08401084
v -1.44929469 2.24969983 -2.17095017
v -1.42580628 2.14113331 -2.25433803
v -1.42904699 2.39670587 -2.32931471
v -1.40181029 2.28856730 -2.41153336
v -1.36473441 2.18043995 -2.49188042
v -1.39752626 2.03813839 -2.33149743
v -1.30851483 2.06534362 -2.57282758
v -1.33341372 2.34412050 -2.66532183
v -1.26026809 2.21958804 -2.74266195
v -1.15133679 2.07903147 -2.81153297
v -1.20286024 1.91812968 -2.66856027
v -0.98960805 1.93275070 -2.83809757
v -1.02914429 1.77591085 -2.72969794
v -1.04981446 1.61201632 -2.64498901
v -0.82768399 1.66384935 -2.70294070
v -1.03307593 1.41145360 -2.60367584
v -1.03307593 1.41145360 -2.60367584
v -0.79653674 1.80439031 -2.79019499
v -0.62139475 1.71216261 -2.65132904
v -0.75194311 1.94518352 -2.88382387
v -0.58137429 1.84286642 -2.71400404
v -0.45455924 1.74978507 -2.49612975
v -0.52699733 1.96365249 -2.78357196
v -0.41419446 1.86204636 -2.52512383
v -0.34880275 1.76672494 -2.24933887
v -0.36232182 1.96579528 -2.55676746
v -0.30752733 1.85636294 -2.25342822
v -0.31502581 1.77383673 -1.95770228
v -0.25355980 1.92833686 -2.26205182
v -0.26871493 1.84648001 -1.94793499
v -0.34088963 1.78208292 -1.63718081
v -0.18403938 1.98473227 -2.27396941
v -0.22012375 2.10834026 -2.61055970
v -0.13275070 2.14449787 -2.64289689
v -0.29638007 2.05036306 -2.58470941
v -0.37923133 2.16318297 -2.89757657
v -0.28742504 2.23314738 -2.94442654
v -0.45828333 2.07169628 -2.84888625
v -0.60761225 2.19767570 -3.07496762
v -0.51121283 2.30318666 -3.15256453
v -0.68854958 2.07885575 -2.98014045
v -0.86007392 2.24744558 -3.06269002
v -0.77336413 2.38175225 -3.16402173
v -0.93301588 2.09326720 -2.95212889
v -1.09106851 2.25160074 -2.95224333
v -1.01179016 2.42400789 -3.07895613
v -1.11872673 2.59929085 -3.04468346
v -1.00943899 2.76856661 -3.16927576
v -0.91500461 2.57425857 -3.20006537
v -1.19797599 2.40683866 -2.89912438
v -1.27327132 2.54527307 -2.83001256
v -1.19398999 2.75821424 -2.98064971
v -1.24891937 2.90332341 -2.89776492
v -1.14061701 3.11630511 -3.01321507
v -1.08009684 2.95032859 -3.09868765
v -1.32140589 2.67358303 -2.74848628
v -1.35219741 2.79423475 -2.66215515
v -1.28228819 3.03860617 -2.80101490
v -1.37372005 2.46204209 -2.58192420
v -1.39719748 2.57505822 -2.49789047
v -1.41207814 2.68341708 -2.41461730
v -1.37052083 2.90776682 -2.57254529
v -1.44588697 2.50527000 -2.24664259
v -1.45353782 2.61328602 -2.16286111
v -1.42057598 2.78633642 -2.33306098
v -1.47854805 2.48311853 -1.99436307
v -1.37673402 3.01448298 -2.48085213
v -1.30740297 3.27986479 -2.59034681
v -1.29840958 3.16261530 -2.69805241
v -1.23189747 3.54633737 -2.68603325
v -1.20887911 3.41731358 -2.80231500
v -1.18231964 3.27488375 -2.91133118
v -1.10555363 3.62140512 -2.91718674
v -1.07461488 3.45917773 -3.02760482
v -1.03159511 3.28612995 -3.12640643
v -0.93969333 3.58517599 -3.15271258
v -0.89086157 3.40403700 -3.23727703
v -0.82567185 3.21313691 -3.30809903
v -0.96282619 3.10302997 -3.20992422
v -0.75107670 3.01243496 -3.36774373
v -0.88261199 2.90697789 -3.27214837
v -0.67101508 2.80339456 -3.40787077
v -0.79818577 2.69917989 -3.30599403
v -0.55469918 2.59253502 -3.36148357
v -0.67148608 2.49530411 -3.26309252
v -0.40473542 2.39131474 -3.22818899
v -0.41514632 2.67627525 -3.45403838
v -0.28657866 2.46318150 -3.29527283
v -0.18549442 2.27998924 -2.99194884
v -0.07898733 2.31008792 -3.03001428
v -0.07898733 2.31008792 -3.03001428
v -0.03976933 2.16342163 -2.67478728
v -0.03976933 2.16342163 -2.67478728
v -0.15190452 2.51389885 -3.34369612
v -0.15190452 2.51389885 -3.34369612
v -0.00098106 2.54526758 -3.37209773
v -0.00098106 2.54526758 -3.37209773
v -0.24495859 2.74551868 -3.51162672
v -0.04697264 2.79122567 -3.54476023
v 0.17559808 2.79952621 -3.54740286
v 0.17559808 2.79952621 -3.54740286
v 0.16748193 2.54781985 -3.37814021
v 0.16748193 2.54781985 -3.37814021
v -0.09147847 3.02164674 -3.60197043
v 0.16911079 3.03806543 -3.60691667
v 0.16911079 3.03806543 -3.60691667
v 0.44195244 3.00285220 -3.55159998
v 0.14832425 3.25448251 -3.60357547
v 0.45236418 3.22937679 -3.56681442
v 0.75391829 3.15333319 -3.41554260
v 0.43353647 3.43444538 -3.52992034
v 0.74361008 3.37470293 -3.40332532
v 0.38816229 3.61356711 -3.48195219
v 0.69319683 3.56731129 -3.37747169
v 0.94945240 3.49617624 -3.21216917
v 0.62924343 3.75181365 -3.35022235
v 0.87895244 3.69426513 -3.20807838
v 1.06202006 3.63186336 -3.03915906
v 1.13031983 3.43086052 -3.02977443
v 1.19408667 3.58387041 -2.87923884
v 1.23093379 3.39289069 -2.88868451
v 1.26263094 3.54143405 -2.72923636
v 1.28836668 3.36849427 -2.76274681
v 1.30109608 3.19755864 -2.78853130
v 1.33495677 3.33436084 -2.62372351
v 1.34668469 2.97577667 -2.77427173
v 1.31930733 3.49298120 -2.57987404
v 1.37019765 3.42051005 -2.39056277
v 1.38039863 3.27222681 -2.44275880
v 1.39509022 3.47481894 -2.12643623
v 1.38279140 3.61307406 -2.06915808
v 1.40647554 3.53081584 -1.84966135
v 1.36153364 3.74518466 -1.99851704
v 1.37559187 3.66775274 -1.77874744
v 1.39108789 3.59058261 -1.56057787
v 1.35818660 3.80839491 -1.70110548
v 1.37361693 3.73648643 -1.48108482
v 1.38644207 3.66480231 -1.26345551
v 1.36054707 3.88575554 -1.40138113
v 1.38520789 3.82365036 -1.18177068
v 1.40176105 3.75962496 -0.96727353
v 1.37837183 3.98704791 -1.11505461
v 1.39924169 3.93238139 -0.90180314
v 1.40985703 3.87237501 -0.69437104
v 1.37948048 4.11615038 -0.85592145
v 1.38965392 4.06815100 -0.65009850
v 1.39961874 4.01866007 -0.45305499
v 1.35884285 4.26697016 -0.61812401
v 1.36980093 4.22447872 -0.41871578
v 1.37977850 4.18112993 -0.22561169
v 1.40692854 3.96912861 -0.26312968
v 1.38671315 4.13797998 -0.03679977
v 1.40907753 3.91986609 -0.07864822
v 1.38251853 4.09414673 0.14664271
v 1.33030236 4.35050774 -0.00680004
v 1.33064950 4.31283140 0.18043980
v 1.32394111 4.27482510 0.36404130
v 1.24320626 4.51861143 0.20339052
v 1.24505508 4.48675442 0.39124608
v 1.24477446 4.45418644 0.57924664
v 1.15556240 4.68499279 0.41718441
v 1.15480840 4.65045643 0.61134028
v 1.15627074 4.61825562 0.80855864
v 1.02407920 4.81278038 0.63702101
v 1.03388965 4.78563309 0.83572966
v 0.87007463 4.95743561 0.66148305
v 0.88229543 4.93056774 0.85518235
v 0.69902205 5.08788490 0.68684310
v 0.70926052 5.05868864 0.87413913
v 0.50554752 5.19022226 0.71188927
v 0.51442629 5.16049623 0.89458394
v 0.51968318 5.13084698 1.07326281
v 0.30445176 5.23332405 0.91889805
v 0.30372706 5.18587255 1.08748925
v 0.29791984 5.14595127 1.25346875
v 0.08329675 5.22743511 1.10737360
v 0.08271550 5.18111086 1.26773429
v 0.07970016 5.15490055 1.42360628
v -0.13204047 5.17817116 1.28573108
v -0.12555918 5.14779997 1.44293058
v -0.11880004 5.17378044 1.59647489
v -0.32206756 5.12818623 1.47441745
v -0.30363107 5.14127016 1.63222444
v -0.28969863 5.19168043 1.77944851
v -0.47121400 5.07016516 1.68363690
v -0.44727576 5.11981106 1.83892286
v -0.42913425 5.19420862 1.98318970
v -0.58432806 5.02515173 1.91160440
v -0.55769467 5.10303164 2.06500173
v -0.54203248 5.20368385 2.20521808
v -0.67197567 5.00815535 2.15537000
v -0.65909600 5.12242556 2.30344915
v -0.64241564 5.24648333 2.44049668
v -0.75245124 5.03777552 2.41369700
v -0.76430368 4.90958071 2.25358224
v -0.83004069 4.80952263 2.35822511
v -0.79337406 4.80532932 2.08146763
v -0.86042088 4.68869591 2.17828965
v -0.90619403 4.57361364 2.28337169
v -0.91764325 4.59477520 1.98817337
v -0.96483755 4.46214056 2.09172583
v -0.99207771 4.33236361 2.22091055
v -1.06915367 4.07155514 2.22954440
v -1.13250685 3.93122768 2.11996365
v -1.12230241 3.81012154 2.31633210
v -1.19618297 3.76254606 2.02615070
v -1.18352628 3.65349364 2.22877860
v -1.15495455 3.55516648 2.43467927
v -1.22956717 3.47833490 2.14629698
v -1.20517433 3.39185071 2.35269737
v -1.14746284 3.30317879 2.56156492
v -1.24098217 3.21482110 2.26953864
v -1.18941569 3.13892603 2.47567248
v -1.26133513 3.02744293 2.18408275
v -1.21844745 2.96010113 2.38509512
v -1.26581514 2.83275151 2.09635758
v -1.23298359 2.76958847 2.28926969
v -1.15650046 2.70563602 2.48016047
v -1.24083114 2.57650375 2.19017029
v -1.17938268 2.51393342 2.37953901
v -1.06988740 2.44280505 2.53586316
v -1.20000160 2.31976080 2.26890349
v -1.10831487 2.24883771 2.42249751
v -0.97255117 2.17321396 2.52071238
v -1.13838637 2.05607533 2.30319929
v -1.01471400 1.98351395 2.40818882
v -0.85975832 1.92191374 2.46460843
v -1.04217970 1.79968798 2.29661155
v -0.87881607 1.75630867 2.34962487
v -0.71371675 1.72674966 2.35932446
v -0.87409472 1.59854329 2.26255369
v -0.87409472 1.59854329 2.26255369
v -0.58910191 1.56200528 2.23145986
v -0.58910191 1.56200528 2.23145986
v -0.72227830 1.57782793 2.27506185
v -0.72227830 1.57782793 2.27506185
v -0.71180046 1.41520619 2.24064660
v -0.57937717 1.40690374 2.21088886
v -0.47444898 1.39584208 2.12464428
v -0.55772001 1.24542558 2.20385289
v -0.46200326 1.23924541 2.11429834
v -0.42208794 1.22808683 1.98439837
v -0.42119431 1.06450427 1.98191845
v -0.44168505 1.05047917 1.84842646
v -0.44344527 0.87654728 1.85906875
v -0.50438017 0.85467988 1.74731672
v -0.49273068 0.66105819 1.76798022
v -0.59006035 0.62753028 1.69927692
v -0.48585832 0.46419051 1.83347559
v -0.58829582 0.42414504 1.78970325
v -0.70154452 0.41862535 1.78584445
v -0.70154452 0.41862535 1.78584445
v -0.68566698 1.24660039 2.23064494
v -0.85099429 1.42275131 2.21439123
v -0.81206751 1.24334252 2.19759226
v -0.97664428 1.42978668 2.13767385
v -0.92388958 1.23492777 2.12396741
v -1.07884395 1.43908453 2.02284741
v -1.02684510 1.62579393 2.19611573
v -1.02684510 1.62579393 2.19611573
v -1.21231329 1.71414900 1.91289043
v -1.21231329 1.71414900 1.91289043
v -1.14601982 1.66298509 2.08359408
v -1.14601982 1.66298509 2.08359408
v -1.16765070 1.86346889 2.18675756
v -1.22036493 2.12709451 2.14870477
v -1.24611282 2.38173437 2.08212471
v -1.25224078 2.19092369 1.95830917
v -1.25255752 2.43812466 1.90638316
v -1.24428570 2.24478817 1.79539192
v -1.23943126 2.49939895 1.74791324
v -1.21739471 2.30821061 1.65218532
v -1.19452548 2.12888885 1.54488659
v -1.18718398 2.37829065 1.51354158
v -1.14412904 2.20268464 1.41980004
v -1.08129966 2.02682519 1.31784534
v -1.14391589 1.96311581 1.43012559
v -1.02285969 1.77984548 1.32967961
v -1.10621810 2.26728082 1.29470372
v -1.02639031 2.08601427 1.20923734
v -1.09714723 2.32063246 1.15867496
v -1.00279975 2.13355350 1.08933747
v -1.11343658 2.34971833 1.01236904
v -1.01244950 2.15373349 0.96166599
v -1.14276612 2.35574698 0.86284757
v -1.03494310 2.15170002 0.83107150
v -1.17295218 2.35057926 0.71404177
v -1.05925429 2.14194965 0.69474965
v -0.90138465 1.93965387 0.68946666
v -1.07492995 2.13237238 0.55524474
v -0.91636211 1.92792571 0.56023121
v -1.07985592 2.12600613 0.41152433
v -1.19317758 2.34685659 0.56159925
v -1.20348454 2.34561396 0.40932468
v -1.20459533 2.34674144 0.25790140
v -1.27600229 2.57843113 0.41380197
v -1.27473700 2.59018636 0.25731373
v -1.26646483 2.60258865 0.10373095
v -1.31734109 2.83324456 0.26492417
v -1.31075323 2.85307741 0.10319287
v -1.30033994 2.86889553 -0.05546064
v -1.34713316 3.09453821 0.10469854
v -1.33946168 3.11261940 -0.06549799
v -1.33052409 3.12086678 -0.23533623
v -1.36607289 3.34556222 -0.07648189
v -1.35925686 3.35146689 -0.25939253
v -1.35326493 3.34370637 -0.44132310
v -1.37823892 3.57313275 -0.28187501
v -1.37338972 3.56377554 -0.47407997
v -1.36824441 3.53613091 -0.66522396
v -1.38488817 3.77733064 -0.50343305
v -1.37735426 3.74891543 -0.70067501
v -1.37528253 3.99181867 -0.53009939
v -1.36770713 3.96697378 -0.73128194
v -1.34900141 4.20857334 -0.55289280
v -1.34317994 4.19155502 -0.76057148
v -1.33501863 4.16069126 -0.95675009
v -1.28925908 4.41661787 -0.78366160
v -1.28548169 4.39878368 -0.98420745
v -1.27588439 4.36769390 -1.17143464
v -1.19030905 4.62377501 -1.00582206
v -1.18649125 4.60637617 -1.19922101
v -1.17845702 4.57190275 -1.37870181
v -1.26359034 4.32825613 -1.34830785
v -1.05176306 4.82366657 -1.22036672
v -1.03950381 4.79934740 -1.40931618
v -0.90298706 5.02845097 -1.24035180
v -0.88926679 5.01286316 -1.44119370
v -0.87646478 4.98040342 -1.63525212
v -0.71839797 5.19102907 -1.47387612
v -0.70740294 5.16159153 -1.68629086
v -0.70234174 5.11419153 -1.89700937
v -0.87054569 4.93518209 -1.81843495
v -0.68933642 5.03274775 -2.10006642
v -0.86649835 4.87379122 -1.99422312
v -0.67885262 4.93686295 -2.29887438
v -0.86121607 4.79076672 -2.17319179
v -1.02709389 4.59834719 -2.03253698
v -0.85503650 4.69348812 -2.34732199
v -1.02393830 4.51775408 -2.19932771
v -1.15734434 4.31600571 -2.06711221
v -1.02040637 4.42283821 -2.36070561
v -1.15960348 4.22848797 -2.22793055
v -1.01952803 4.31680679 -2.51436806
v -1.15872884 4.12623644 -2.38072681
v -1.01915407 4.19824219 -2.66274524
v -1.15760303 4.01509953 -2.52796650
v -1.00985074 4.06555033 -2.80114794
v -1.14695084 3.89669633 -2.66515851
v -1.24796498 3.66626167 -2.56067967
v -1.13030612 3.76714563 -2.79530621
v -0.99181890 3.91849113 -2.92766905
v -0.97159946 3.76002192 -3.04765463
v -0.81835771 4.01982117 -3.07123137
v -0.78962725 3.84639955 -3.17734027
v -0.75417101 3.66806960 -3.27040958
v -0.57048577 3.90896273 -3.29351997
v -0.53254217 3.73416448 -3.37913179
v -0.48522526 3.55575299 -3.44422698
v -0.70388740 3.48717499 -3.33951569
v -0.43703222 3.37672925 -3.50313592
v -0.65325487 3.30426168 -3.40977120
v -0.38669342 3.18645692 -3.55565286
v -0.58835137 3.10626650 -3.46812844
v -0.32065004 2.97321653 -3.56299758
v -0.51327753 2.89764857 -3.49810481
v -0.13616787 3.23190403 -3.59692693
v -0.18284258 3.42930412 -3.58011031
v 0.11529219 3.44784784 -3.57408381
v -0.22677228 3.60876918 -3.52526808
v 0.07226633 3.62689233 -3.52796435
v -0.27025059 3.78271055 -3.45576382
v 0.02544859 3.80063200 -3.47499371
v 0.33467451 3.79032302 -3.44130850
v -0.02223121 3.97124529 -3.40963793
v 0.27610502 3.96440220 -3.38940096
v 0.55858320 3.93503928 -3.31288290
v 0.21570989 4.13697815 -3.32141709
v 0.48325717 4.11595297 -3.26014256
v 0.71565354 4.07475948 -3.14916420
v 0.80292350 3.88936567 -3.19219899
v 0.91143543 4.01892138 -3.00956917
v 0.99080610 3.82785559 -3.03316188
v 1.06764007 3.95292568 -2.84886408
v 1.13600945 3.76575565 -2.86632299
v 0.82866406 4.20332479 -2.96882343
v 0.98808962 4.13996077 -2.81966543
v 0.74901199 4.37908697 -2.91182327
v 0.91645217 4.31820869 -2.77922726
v 1.04460955 4.25024700 -2.62137818
v 0.84928381 4.48313665 -2.72477245
v 0.98275393 4.40711164 -2.57644701
v 1.08995688 4.33535624 -2.40695977
v 1.14250541 4.18879890 -2.45466971
v 1.18498397 4.27403879 -2.21979618
v 1.21060991 4.13480377 -2.27822685
v 1.24437487 3.98878336 -2.34657192
v 1.26398766 4.07541847 -2.07052851
v 1.28391051 3.93932509 -2.14237404
v 1.30928862 4.01429224 -1.84709978
v 1.33934546 3.88045716 -1.92324460
v 1.34156334 3.95102978 -1.62210977
v 1.28033543 4.14861393 -1.77633178
v 1.31867051 4.09595060 -1.54944682
v 1.34869909 4.04031706 -1.32984340
v 1.29234803 4.24467373 -1.49252117
v 1.32949042 4.20471573 -1.27592766
v 1.36090064 4.16084099 -1.06526649
v 1.29221618 4.37498188 -1.23755598
v 1.32005703 4.34129143 -1.02866840
v 1.34402955 4.30631638 -0.82259256
v 1.26103187 4.52354383 -1.00028908
v 1.29128623 4.49782991 -0.79701144
v 1.31074297 4.46511602 -0.59325784
v 1.18986905 4.67633581 -0.77386594
v 1.21121430 4.64965725 -0.57181925
v 1.22588849 4.61876392 -0.37356442
v 1.31842053 4.42729664 -0.39323398
v 1.23415446 4.58508921 -0.17873496
v 1.32236516 4.38756514 -0.19802363
v 1.24141836 4.55208540 0.01376880
v 1.12754297 4.77566099 -0.15926436
v 1.13708878 4.74502754 0.03266134
v 1.14655578 4.71483850 0.22468252
v 1.00274324 4.91643381 0.05702707
v 1.01872587 4.88877678 0.25033268
v 1.02190769 4.85029078 0.44270656
v 0.86294091 5.03886223 0.28022388
v 0.86629152 4.99675131 0.47067267
v 0.69209707 5.17413759 0.31094623
v 0.69519347 5.12950134 0.49964458
v 0.49311551 5.26911640 0.33580336
v 0.50052768 5.23052120 0.52579790
v 0.28316769 5.33843374 0.36202097
v 0.29377317 5.30426073 0.55348480
v 0.29994363 5.26839209 0.73933899
v 0.07517362 5.33601522 0.58034688
v 0.07973297 5.30142212 0.76275593
v 0.08223587 5.26860094 0.93968570
v -0.14821120 5.28323460 0.77747291
v -0.14536874 5.26162148 0.95457530
v -0.14106089 5.23131037 1.12489247
v -0.36851490 5.21328640 0.97006476
v -0.35480759 5.17266369 1.14094806
v -0.33926788 5.14143419 1.31003165
v -0.55453163 5.08936501 1.16814899
v -0.53073591 5.06566858 1.34531999
v -0.50225914 5.05837345 1.51805127
v -0.70430356 4.96511698 1.39072537
v -0.66352785 4.95980310 1.57142079
v -0.62039024 4.97619581 1.74625933
v -0.79964012 4.83550453 1.63456500
v -0.74644148 4.86289454 1.81757736
v -0.70162517 4.91935062 1.99236083
v -0.84593886 4.73206377 1.89788795
v -0.90800112 4.69129801 1.70785427
v -0.85255527 4.83271027 1.44478190
v -0.97178668 4.67639780 1.51254821
v -0.89199740 4.84316492 1.25213373
v -1.02230835 4.68055248 1.30823290
v -0.91656131 4.85843372 1.05193925
v -1.04920769 4.69158745 1.09495020
v -1.15355980 4.50762510 1.14011979
v -1.06395876 4.70712900 0.88010365
v -1.17134595 4.52457952 0.91376823
v -1.24692380 4.32843447 0.93639654
v -1.22328568 4.30884171 1.16675448
v -1.28801727 4.11429214 0.93908638
v -1.26238012 4.08710146 1.15642858
v -1.23446226 4.04837513 1.38078415
v -1.21039915 3.98798704 1.60725832
v -1.29941130 3.85687971 1.12843025
v -1.27735651 3.81187487 1.33469033
v -1.25707054 3.74859929 1.54077506
v -1.24713445 3.66462564 1.74408758
v -1.20181870 3.87758613 1.81854343
v -1.29851222 3.58058023 1.28610933
v -1.27929795 3.52214670 1.48162413
v -1.27079415 3.45099902 1.67692614
v -1.26765549 3.37135267 1.87075794
v -1.24069393 3.57108688 1.94484842
v -1.28626966 3.30280256 1.42655849
v -1.27911890 3.23909712 1.61456096
v -1.27782285 3.16760254 1.80103934
v -1.27560568 3.09547687 1.98853838
v -1.26073849 3.29098272 2.06721663
v -1.27134430 3.03049493 1.55585897
v -1.27115214 2.96333647 1.73486781
v -1.27225792 2.89582372 1.91231155
v -1.25218093 2.76234484 1.66687632
v -1.25913882 2.69538975 1.83455467
v -1.26130772 2.63535500 2.00598907
v -1.22361195 2.56650567 1.59429288
v -1.25016606 2.82697129 1.49738491
v -1.21609080 2.63170505 1.43778408
v -1.16910183 2.44595528 1.37253368
v -1.22135365 2.68651104 1.27322948
v -1.16916406 2.50176048 1.22133505
v -1.23942184 2.72639346 1.10398710
v -1.18697846 2.53607368 1.06011796
v -1.26555967 2.75232339 0.93238038
v -1.21632075 2.55315518 0.89804411
v -1.29053199 2.77103782 0.76314557
v -1.24539030 2.55975580 0.73506814
v -1.30861533 2.79082608 0.59601659
v -1.26657772 2.56764698 0.57326436
v -1.31805992 2.81222725 0.42937455
v -1.34038234 3.01313901 0.62456101
v -1.35009348 3.04155302 0.44974688
v -1.35192120 3.06943130 0.27641362
v -1.36987448 3.26815915 0.47269234
v -1.37398064 3.29926920 0.29013443
v -1.37238729 3.32657218 0.10678785
v -1.38249004 3.52371812 0.30261689
v -1.38411438 3.55026984 0.10908604
v -1.38222301 3.56739831 -0.08627459
v -1.38687515 3.76783299 0.10902896
v -1.38994563 3.78300667 -0.09549462
v -1.38988078 3.78764462 -0.30065140
v -1.38069677 3.99571991 -0.10749814
v -1.37801409 3.99960947 -0.31947336
v -1.34675527 4.20561981 -0.12392359
v -1.34746969 4.21130323 -0.33894429
v -1.29119813 4.41341448 -0.14337386
v -1.29038084 4.42093945 -0.35874879
v -1.29061484 4.42293024 -0.57305372
v -1.20221245 4.62538052 -0.37735415
v -1.19788814 4.63056517 -0.59039015
v -1.19469297 4.63116312 -0.80157417
v -1.07745135 4.82897997 -0.60300344
v -1.06747437 4.83214331 -0.81438160
v -1.05880284 4.83138084 -1.02116537
v -0.92174172 5.02162743 -0.82261002
v -0.91289294 5.02876997 -1.03364766
v -0.75773108 5.19159508 -0.83056402
v -0.74815398 5.20431805 -1.04641068
v -0.73512083 5.20756578 -1.26110518
v -0.55784637 5.34115219 -1.05809045
v -0.54444683 5.34824085 -1.28085089
v -0.53024423 5.33105373 -1.50665772
v -0.34695110 5.45864677 -1.29795194
v -0.33833453 5.44333315 -1.54120600
v -0.33214834 5.39953470 -1.78651547
v -0.52499324 5.30053139 -1.73569584
v -0.32126468 5.31431341 -2.01874828
v -0.52223396 5.24607325 -1.96622181
v -0.30726328 5.21767521 -2.24890733
v -0.50447929 5.14670992 -2.18594050
v -0.27417311 5.09600115 -2.46524954
v -0.48099810 5.03488874 -2.39702773
v -0.23749915 4.97570944 -2.67058921
v -0.45193264 4.91164255 -2.58992195
v -0.66418147 4.82623672 -2.48465943
v -0.43167445 4.78255606 -2.76965618
v -0.64754879 4.70082426 -2.65395880
v -0.84674841 4.58399153 -2.51092386
v -0.63722330 4.56538153 -2.80881572
v -0.83992314 4.46156693 -2.66383648
v -0.63231909 4.41865921 -2.95379782
v -0.83951789 4.32949209 -2.81113267
v -0.62348264 4.25712872 -3.08452868
v -0.83694291 4.18447256 -2.95023537
v -0.60206777 4.08379030 -3.19506311
v -0.37965402 4.29221773 -3.18335819
v -0.34753615 4.12030458 -3.28184581
v -0.31243414 3.95409083 -3.37746477
v -0.06971555 4.14293671 -3.33587098
v -0.11412559 4.30915356 -3.23756242
v 0.15524463 4.30688953 -3.23448610
v -0.15341669 4.48801565 -3.13531780
v 0.09958527 4.48122501 -3.13601089
v 0.34124511 4.47229910 -3.10735822
v 0.41002625 4.29436779 -3.19279051
v 0.55325770 4.42828369 -3.01747489
v 0.63252318 4.25526762 -3.09284163
v 0.27807444 4.64495659 -2.99924445
v 0.48493987 4.60274315 -2.92945504
v 0.67641610 4.54831028 -2.83857441
v 0.42530355 4.77239418 -2.81684208
v 0.61357236 4.70922613 -2.74627852
v 0.78323030 4.63245249 -2.65082908
v 0.56263304 4.85594749 -2.62926674
v 0.72674149 4.76987743 -2.56038404
v 0.86486024 4.68350363 -2.46479559
v 0.92301720 4.55028486 -2.52461529
v 0.98661256 4.59620428 -2.32230949
v 1.03932047 4.47086334 -2.36107802
v 1.09702897 4.52343130 -2.12235618
v 1.14836586 4.40460634 -2.16722775
v 1.16610348 4.46638250 -1.89376581
v 1.20917726 4.33890247 -1.94388235
v 1.24348545 4.20973969 -2.00434113
v 1.24581003 4.28552914 -1.71544135
v 1.21328843 4.43245316 -1.66725981
v 1.26224947 4.40730953 -1.45110512
v 1.17419899 4.58723974 -1.63363230
v 1.21072662 4.57260752 -1.41833675
v 1.23764968 4.55013371 -1.20741522
v 1.12664366 4.73421717 -1.39268196
v 1.15501726 4.72420311 -1.18378806
v 1.17117858 4.70215034 -0.97777969
v 1.04731488 4.89262056 -1.16694295
v 1.07200480 4.88155508 -0.95954591
v 1.09661424 4.86416149 -0.75229788
v 0.94567180 5.04592180 -0.94409817
v 0.96232611 5.02741575 -0.73359919
v 0.96859735 5.00012016 -0.52766252
v 1.10377204 4.83328390 -0.54943919
v 0.97949827 4.97593307 -0.32906854
v 1.11737883 4.80604601 -0.35232115
v 0.98914117 4.94605017 -0.13519503
v 0.83475024 5.13846064 -0.30316383
v 0.83682668 5.10200930 -0.10658660
v 0.84714371 5.06800508 0.08740226
v 0.67317230 5.24411488 -0.07652423
v 0.68187952 5.20933342 0.11852258
v 0.47775221 5.34389400 -0.05015194
v 0.48336527 5.30432701 0.14371595
v 0.26267749 5.41118145 -0.02403593
v 0.27049160 5.37379074 0.16884233
v 0.03965422 5.45690918 0.00601843
v 0.05165914 5.42113161 0.20422632
v 0.06580003 5.37221718 0.39347559
v -0.17283632 5.39113617 0.22611673
v -0.16002293 5.34093285 0.41315705
v -0.15181786 5.30503750 0.59555501
v -0.38366958 5.28247023 0.42007074
v -0.37566307 5.24694777 0.60592067
v -0.37287423 5.23094702 0.78999090
v -0.59068543 5.17011070 0.61622429
v -0.58572650 5.14907742 0.80530041
v -0.57370925 5.12225533 0.98980033
v -0.77249992 5.02741432 0.82319367
v -0.76122659 5.00758362 1.01730847
v -0.73789567 4.98411322 1.20575154
v -0.93042874 4.87605000 0.84765780
v -0.77841508 5.04789495 0.62661469
v -0.93835807 4.89597082 0.64293212
v -1.07355881 4.72652245 0.66719025
v -0.94324106 4.91842985 0.43681419
v -1.08296371 4.74914360 0.45598671
v -1.19103646 4.56263733 0.47921041
v -1.18081558 4.54231691 0.69412619
v -1.26851177 4.36310816 0.50071537
v -1.25721622 4.34479856 0.71586889
v -1.32160032 4.15472603 0.51552993
v -1.30570769 4.13457346 0.72629762
v -1.35606372 3.93893290 0.51943344
v -1.33926332 3.91512823 0.72244471
v -1.32107186 3.88952804 0.92497069
v -1.36121905 3.68975329 0.70590132
v -1.34296322 3.66025352 0.89891529
v -1.32110918 3.62561893 1.09171009
v -1.34763563 3.43163013 0.86665457
v -1.32534075 3.39766836 1.05160487
v -1.30311131 3.35553575 1.23848903
v -1.31928539 3.17555833 1.01121879
v -1.29635251 3.13767028 1.19244790
v -1.27898586 3.08946061 1.37459981
v -1.27555573 2.92753959 1.14771807
v -1.25761974 2.88311076 1.32403493
v -1.29925227 2.96054196 0.97060573
v -1.34219337 3.20674872 0.83242470
v -1.32246828 2.98651648 0.79747176
v -1.35902894 3.23689365 0.65346694
v -1.36596048 3.46275449 0.68125904
v -1.37761724 3.49345684 0.49385282
v -1.37258089 3.71750712 0.51066816
v -1.38038218 3.74447942 0.31186056
v -1.36860907 3.96210384 0.31349623
v -1.37698972 3.98228931 0.10374244
v -1.33626294 4.17546654 0.30430320
v -1.34438574 4.19325352 0.09090044
v -1.28135562 4.38299274 0.28710595
v -1.29083085 4.40102005 0.07255992
v -1.20103276 4.58322763 0.26578319
v -1.20493543 4.60063314 0.05168644
v -1.20281124 4.61397314 -0.16304803
v -1.08719063 4.78804874 0.03403547
v -1.08191073 4.80241632 -0.17806128
v -1.08058774 4.81784582 -0.39046690
v -0.93810326 4.97923994 -0.18629275
v -0.93715370 4.99866104 -0.39727956
v -0.93046218 5.01147890 -0.60998529
v -0.77396661 5.16245413 -0.40013000
v -0.76678711 5.17748737 -0.61464632
v -0.59633338 5.30451918 -0.39943540
v -0.58650285 5.31699562 -0.61785609
v -0.57249111 5.32834721 -0.83768111
v -0.38993353 5.41905451 -0.61782300
v -0.37439236 5.43301821 -0.83946502
v -0.36066085 5.45293188 -1.06443083
v -0.16874564 5.50616550 -0.83411831
v -0.15788549 5.53426695 -1.06313205
v -0.14893687 5.54581308 -1.31083655
v 0.04685861 5.56253052 -1.06607616
v 0.04718431 5.57425356 -1.32030535
v 0.05220300 5.54006529 -1.59055400
v -0.14242113 5.52393246 -1.57372630
v -0.12726192 5.44608402 -1.82654226
v 0.07030647 5.46610355 -1.85414553
v 0.09083493 5.36534977 -2.10041380
v -0.11803868 5.35911846 -2.06694436
v 0.23635934 5.49185801 -1.59132993
v 0.25593024 5.42248535 -1.84983289
v 0.27902201 5.30948687 -2.09132409
v 0.30436116 5.17937565 -2.30317855
v 0.10753281 5.24260902 -2.31359076
v 0.42185664 5.33494377 -1.83256853
v 0.44743979 5.23587894 -2.07121658
v 0.48784295 5.12344646 -2.29288435
v 0.51971549 4.98661900 -2.47459340
v 0.33705527 5.05684948 -2.49724221
v 0.60099423 5.14327288 -2.04863739
v 0.64513558 5.04280329 -2.27504802
v 0.68444616 4.90676260 -2.44507837
v 0.77722752 4.93954182 -2.25694132
v 0.81543410 4.80985022 -2.38655066
v 0.93191469 4.71778488 -2.28551793
v 1.04122400 4.63659906 -2.08874249
v 1.06172895 4.73625326 -1.82825696
v 1.12746072 4.60228205 -1.85817850
v 1.10205817 4.74016619 -1.60587263
v 0.96963114 4.86600924 -1.80200362
v 1.00376713 4.89199686 -1.58733964
v 1.02458239 4.89676094 -1.37613690
v 0.88145643 5.03857040 -1.57994461
v 0.90703958 5.05815077 -1.36773455
v 0.92308092 5.05420351 -1.15544713
v 0.75869024 5.19804382 -1.36320579
v 0.77840483 5.20282269 -1.14594507
v 0.79415244 5.18930817 -0.93014520
v 0.61070484 5.32529163 -1.13415086
v 0.62632895 5.31394529 -0.91305512
v 0.63998562 5.29777288 -0.69685340
v 0.80901027 5.17258072 -0.71711802
v 0.65472960 5.28742123 -0.48483482
v 0.82067531 5.15506268 -0.50712454
v 0.67068899 5.27839279 -0.27660632
v 0.46407181 5.38404989 -0.45636728
v 0.47374815 5.37507248 -0.25000170
v 0.25208333 5.44505835 -0.42779416
v 0.25768417 5.43706656 -0.22415209
v 0.03047920 5.48841619 -0.40676090
v 0.03353694 5.47715378 -0.20034193
v -0.19244163 5.47427702 -0.39653304
v -0.18950023 5.45920134 -0.18367131
v -0.18319114 5.43165588 0.02531614
v -0.40008700 5.38666821 -0.18101415
v -0.39773187 5.35907936 0.02820962
v -0.39269650 5.32436848 0.22896270
v -0.60332984 5.26396656 0.02400050
v -0.60558641 5.24047756 0.22815374
v -0.59875172 5.20333290 0.42481676
v -0.78666931 5.10286713 0.22599915
v -0.78257918 5.07305145 0.42712975
v -0.94613302 4.94220829 0.23140316
v -0.78321940 5.12444162 0.02028732
v -0.94105935 4.95992708 0.02348704
v -1.08930349 4.77119207 0.24553382
v -0.77856994 5.14429808 -0.18851425
v -0.59926569 5.28431177 -0.18566182
v -0.39932773 5.40621090 -0.39625946
v -0.18381311 5.48738289 -0.61406320
v 0.03602381 5.50742865 -0.61572188
v 0.04418473 5.53734684 -0.83336687
v 0.25147018 5.46298790 -0.63831186
v 0.25272045 5.49174881 -0.85733825
v 0.24280041 5.50970745 -1.08988225
v 0.23322141 5.51890421 -1.33424747
v 0.44741598 5.41993380 -0.88779867
v 0.43091521 5.42840910 -1.11587119
v 0.41481707 5.42245960 -1.34823549
v 0.41158691 5.39763880 -1.58742201
v 0.59180641 5.31795311 -1.35813427
v 0.58118927 5.29418755 -1.58478284
v 0.58026659 5.23422861 -1.81549907
v 0.74118388 5.17463207 -1.58116996
v 0.72923476 5.12330484 -1.80203342
v 0.74309289 5.04990959 -2.03742576
v 0.85986739 4.99823332 -1.79790080
v 0.45466492 5.39675665 -0.66873586
v 0.37971988 4.93367624 -2.67847085
v 0.18016809 4.98916435 -2.70965552
v 0.13769121 5.12199354 -2.51414967
v -0.02445087 5.02164650 -2.72273445
v -0.06996787 5.13907099 -2.50774217
v -0.10635826 5.25534105 -2.29279017
v 0.01307467 4.84704971 -2.89192343
v -0.20936309 4.83183193 -2.85404539
v 0.22603504 4.82233667 -2.87133336
v 0.05227400 4.66750956 -3.03298020
v -0.18320118 4.66307497 -3.00588250
v -0.40581965 4.47228193 -3.07431006
v -0.41822162 4.63701630 -2.93350601
v -0.10868219 2.26590180 2.71884394
v 0.19923110 2.21416330 2.63961387
v 0.19923110 2.21416330 2.63961387
v 0.04836953 2.32628655 2.79676127
v 0.37206149 2.29833293 2.70428944
v 0.37206149 2.29833293 2.70428944
v 0.23616785 2.40723872 2.84633875
v 0.23616785 2.40723872 2.84633875
v 0.31811845 2.61567950 3.00970221
v 0.47577816 2.84627342 3.10483050
v 0.40432116 2.96953106 3.20228267
v 0.66911113 3.10534191 3.09920096
v 0.61684209 3.22426009 3.18489623
v 0.35312930 3.09726357 3.28025055
v 0.82107103 3.37701559 3.02921319
v 0.75694239 3.50168443 3.08689666
v 0.56323892 3.35105896 3.24485016
v 0.90470344 3.64595819 2.91408324
v 0.84158897 3.77700186 2.97694063
v 0.69986081 3.63073826 3.14138198
v 0.93754560 3.90889168 2.80657244
v 0.88629180 4.04809141 2.89428544
v 0.79028100 3.90932751 3.04795027
v 0.94229293 4.17151546 2.73965788
v 0.91096002 4.32308197 2.86792994
v 0.85537666 4.19218254 3.00183988
v 0.92690742 4.43593836 2.72768140
v 0.88307470 4.59224606 2.88084507
v 0.87156320 4.47961521 3.01123762
v 0.91449529 4.53812647 2.57831907
v 0.87665159 4.69356966 2.74062014
v 0.83643126 4.85257864 2.89882421
v 0.84498441 4.75321388 3.03926539
v 0.89678144 4.64052391 2.42635846
v 0.86513489 4.79100513 2.59694624
v 0.82568157 4.94584990 2.75716567
v 0.78835422 5.10742855 2.89703059
v 0.79865903 5.01578951 3.04257989
v 0.82797998 4.88535976 2.45695615
v 0.80292529 5.03330469 2.61755824
v 0.77057767 5.19078302 2.75103712
v 0.71385771 5.25879431 2.60452294
v 0.71794754 5.34335184 2.85862207
v 0.71794754 5.34335184 2.85862207
v 0.73151457 5.26360130 3.00956130
v 0.73151457 5.26360130 3.00956130
v 0.73134035 5.11449766 2.48295498
v 0.63544083 5.20357037 2.35868335
v 0.62057894 5.33302975 2.47358060
v 0.75715429 4.98224020 2.32975936
v 0.66184688 5.08405447 2.21834779
v 0.53804040 5.18341303 2.12629867
v 0.51828432 5.29589462 2.25794148
v 0.78849667 4.85388088 2.15255380
v 0.68344659 4.96459913 2.05968428
v 0.55723768 5.07639170 1.97891569
v 0.39131624 5.27100420 2.06062222
v 0.37704712 5.37854338 2.18954062
v 0.22111160 5.43547773 2.15514064
v 0.21372032 5.55145025 2.27496934
v 0.36683285 5.49652624 2.30560803
v 0.06044014 5.57894850 2.26398444
v 0.05688811 5.70830250 2.37865281
v 0.05688811 5.70830250 2.37865281
v 0.20240635 5.67970991 2.38759232
v 0.20240635 5.67970991 2.38759232
v -0.08843592 5.70968246 2.38631701
v -0.08843592 5.70968246 2.38631701
v -0.09494015 5.84775925 2.51571083
v 0.04558446 5.84230280 2.51660824
v -0.23711170 5.68256521 2.41281915
v -0.23711170 5.68256521 2.41281915
v -0.24115968 5.80542707 2.53934550
v -0.28878763 5.90620089 2.68195081
v -0.14577325 5.95375681 2.68045759
v -0.40261164 5.84364700 2.71043158
v 0.00971165 5.96723175 2.68129611
v 0.18619598 5.80673122 2.52173209
v 0.33427697 5.74671268 2.53025222
v 0.48529184 5.67462587 2.56795716
v 0.49929750 5.55203104 2.47094274
v 0.49929750 5.55203104 2.47094274
v 0.35532725 5.62703896 2.41092467
v 0.35532725 5.62703896 2.41092467
v 0.50646502 5.41778708 2.37113810
v 0.60841304 5.47326708 2.57396579
v 0.60841304 5.47326708 2.57396579
v 0.58286703 5.60822773 2.66492438
v 0.64089334 5.55703831 2.79807162
v 0.67864817 5.40831423 2.70875883
v 0.67864817 5.40831423 2.70875883
v 0.52663869 5.72458172 2.75335288
v 0.56534469 5.68173122 2.87583232
v 0.59304303 5.64365339 3.02515149
v 0.66710800 5.49792862 2.95401645
v 0.60886645 5.58194733 3.19212699
v 0.66926950 5.41956186 3.10761523
v 0.61957854 5.50352716 3.35385394
v 0.67605555 5.33304930 3.26224327
v 0.69101745 5.24063349 3.42222857
v 0.74193841 5.17554474 3.16247845
v 0.74193841 5.17554474 3.16247845
v 0.75207335 5.07882929 3.31707358
v 0.75207335 5.07882929 3.31707358
v 0.80741811 4.91740465 3.18897319
v 0.83902597 4.64143276 3.16797328
v 0.80166525 4.49635744 3.27818036
v 0.82685733 4.34247017 3.12825131
v 0.72468519 4.30401134 3.37685037
v 0.73788828 4.17623472 3.24789119
v 0.75839949 4.04268503 3.13906145
v 0.61066169 4.01028013 3.37059450
v 0.62776506 3.88741207 3.27827048
v 0.65628541 3.75988650 3.20276546
v 0.45915949 3.74627972 3.41066933
v 0.48013923 3.61694455 3.34628487
v 0.51462340 3.48316503 3.29189062
v 0.26520088 3.51794767 3.45483899
v 0.28483948 3.37451339 3.39869642
v 0.31421876 3.23459482 3.34476042
v 0.03481684 3.33817792 3.43973446
v 0.04665828 3.18641591 3.38927197
v 0.06427311 3.03684783 3.32693648
v -0.22875337 3.06004691 3.30737853
v -0.22875337 3.06004691 3.30737853
v -0.22208445 3.20998120 3.36693549
v -0.22208445 3.20998120 3.36693549
v -0.46972018 3.30533004 3.27503300
v -0.21314135 3.36168575 3.41466999
v -0.21314135 3.36168575 3.41466999
v -0.44466984 3.44585586 3.32095075
v -0.63730776 3.58507848 3.17996144
v -0.42614871 3.58804846 3.37130713
v -0.60434192 3.72033358 3.23699665
v -0.74518466 3.86485004 3.09109664
v -0.58387083 3.85231376 3.30711627
v -0.71607763 3.99941421 3.17709088
v -0.82265764 4.14602947 3.05228066
v -0.70310909 4.12863779 3.28177404
v -0.79951411 4.28978157 3.17605782
v -0.85686642 4.43167162 3.07560444
v -0.77195019 4.42918301 3.31348014
v -0.82096416 4.58653784 3.22936583
v -0.83845186 4.71670771 3.13434029
v -0.78445947 4.73314190 3.39670348
v -0.80486459 4.88171625 3.30958819
v -0.78594518 5.00180292 3.20358634
v -0.71987706 5.17918921 3.37522912
v -0.71987706 5.17918921 3.37522912
v -0.69860750 5.28682280 3.24669838
v -0.69860750 5.28682280 3.24669838
v -0.63069504 5.48526573 3.40222979
v -0.61234289 5.56390858 3.24847007
v -0.54077810 5.77063894 3.36720085
v -0.41114393 5.97218227 3.44965029
v -0.73316777 5.04832554 3.48562551
v -0.73316777 5.04832554 3.48562551
v -0.72420245 4.87523270 3.57086062
v -0.72420245 4.87523270 3.57086062
v -0.63991940 4.77214336 3.79816937
v -0.73947972 4.55721474 3.46502399
v -0.69104254 4.67762804 3.63046432
v -0.69104254 4.67762804 3.63046432
v -0.66781771 4.37276411 3.53027415
v -0.68755132 4.25369120 3.39827394
v -0.56515324 4.09693146 3.48803377
v -0.55730128 4.20323706 3.59977627
v -0.57466382 3.97689390 3.39199138
v -0.41104364 3.85310221 3.49765301
v -0.40530723 3.97318816 3.57562637
v -0.41587538 3.72425461 3.42856598
v -0.20706858 3.78686309 3.56644893
v -0.20706858 3.78686309 3.56644893
v -0.20752525 3.51222873 3.46238756
v -0.20752525 3.51222873 3.46238756
v 0.02882176 3.49164772 3.48883700
v 0.02271371 3.63619018 3.54021168
v -0.20679426 3.65425348 3.51124096
v -0.20679426 3.65425348 3.51124096
v 0.01594496 3.76947522 3.59155416
v 0.25307390 3.65794253 3.51198816
v 0.24139546 3.79101014 3.56902719
v 0.22528867 3.91414356 3.63212323
v 0.00833160 3.89306331 3.64799047
v 0.44398165 3.87157750 3.48482990
v 0.42587495 3.98928094 3.56907177
v 0.40754020 4.08267403 3.67146802
v 0.20959096 4.01572561 3.71277976
v 0.59804314 4.12251425 3.47532010
v 0.58757007 4.21785736 3.60110092
v 0.39310345 4.15173292 3.79173160
v 0.39310345 4.15173292 3.79173160
v 0.70049256 4.41984272 3.52739191
v 0.65692025 4.51111317 3.69012475
v 0.65692025 4.51111317 3.69012475
v 0.60499543 4.53191280 3.88469243
v 0.54170340 4.31565619 3.90571141
v 0.56696707 4.28406000 3.74603486
v 0.56696707 4.28406000 3.74603486
v 0.50754362 4.32463455 4.06866503
v 0.35140103 4.22049856 4.07486629
v 0.37356985 4.19415951 3.92770863
v 0.56136131 4.52232361 4.06642771
v 0.53578693 4.49454975 4.24379063
v 0.48079890 4.32031679 4.23499918
v 0.56344765 4.73327780 4.09945297
v 0.52136952 4.68821764 4.28092575
v 0.50846922 4.64161396 4.46159649
v 0.52083284 4.46200514 4.42601538
v 0.55168408 4.92527437 4.16056347
v 0.48260844 4.86080074 4.34088182
v 0.45767432 4.79814148 4.51771641
v 0.40683904 4.71617794 4.68735838
v 0.46001187 4.58023500 4.63837481
v 0.44689968 5.02289724 4.40685225
v 0.39974141 4.93777466 4.57428598
v 0.36262199 4.84222698 4.73940706
v 0.29165030 4.74671650 4.88079834
v 0.32917830 4.62560940 4.83661413
v 0.36377305 5.08752918 4.64231253
v 0.34336594 4.97967815 4.79990959
v 0.27749673 4.87716913 4.93509483
v 0.16422771 4.80638266 5.02996302
v 0.18014222 4.67493820 4.98508692
v 0.20901518 4.55055094 4.94495583
v 0.02779202 4.77065277 5.07385921
v 0.04316873 4.62983608 5.03113556
v 0.06804677 4.50160027 4.98958158
v -0.03292222 4.36505175 4.92174768
v -0.03292222 4.36505175 4.92174768
v -0.08416233 4.47744703 4.97982550
v -0.08416233 4.47744703 4.97982550
v -0.23699152 4.48118401 4.90809584
v -0.18838815 4.35277414 4.87448597
v -0.08504100 4.27045393 4.78526449
v -0.08504100 4.27045393 4.78526449
v 0.04458892 4.28437614 4.81883240
v 0.04458892 4.28437614 4.81883240
v 0.01443170 4.21667480 4.64564848
v 0.14867081 4.23007536 4.67615366
v -0.33958152 4.36657190 4.77859592
v -0.38426569 4.52480984 4.79738045
v -0.48814380 4.58115530 4.63742542
v -0.47269282 4.38636208 4.62271690
v -0.52704382 4.61565924 4.45321417
v -0.50834912 4.40851879 4.44651794
v -0.51957786 4.63259554 4.28672791
v -0.50408155 4.41298151 4.29035902
v -0.38359728 4.27008104 4.31614876
v -0.50877148 4.40430641 4.14755106
v -0.38748372 4.25868416 4.17012072
v -0.21851471 4.20355082 4.18570662
v -0.21851471 4.20355082 4.18570662
v -0.03758895 4.19652414 4.19792938
v -0.04984683 4.20014048 4.33353138
v -0.21967851 4.21423531 4.32614708
v -0.21967851 4.21423531 4.32614708
v -0.39353964 4.23621321 4.03067827
v -0.21514077 4.18363333 4.05069017
v -0.21514077 4.18363333 4.05069017
v -0.02662591 4.17991209 4.06196308
v -0.21184203 4.14691877 3.92450666
v -0.21184203 4.14691877 3.92450666
v -0.01705869 4.14319563 3.93293786
v 0.17969376 4.15219831 3.93698287
v 0.16309094 4.18749046 4.07176304
v 0.14429142 4.20385790 4.21226263
v 0.11942977 4.20447397 4.35254812
v 0.32638159 4.23413134 4.22701263
v 0.29024312 4.23532963 4.37923241
v 0.23231991 4.23038006 4.52512550
v 0.07833271 4.20276785 4.49568987
v 0.45424956 4.29255295 4.40707302
v 0.38021258 4.29045439 4.56706285
v 0.46028787 4.42911625 4.60136175
v -0.00819873 4.08569050 3.81546831
v -0.00819873 4.08569050 3.81546831
v 0.19491698 4.09628201 3.81522703
v 0.19491698 4.09628201 3.81522703
v 0.00016149 3.99937940 3.72024274
v -0.20677039 3.90832353 3.63186169
v -0.20677039 3.90832353 3.63186169
v -0.20778188 4.01032305 3.71144342
v -0.20778188 4.01032305 3.71144342
v -0.40129122 4.07419062 3.66835213
v -0.20924555 4.09078884 3.80960989
v -0.20924555 4.09078884 3.80960989
v -0.20924555 4.09078884 3.80960989
v -0.20924555 4.09078884 3.80960989
v -0.39964208 4.15033865 3.77709723
v -0.39964208 4.15033865 3.77709723
v -0.55043721 4.28663540 3.72599316
v -0.55043721 4.28663540 3.72599316
v -0.39840373 4.20207405 3.89878559
v -0.54016304 4.34505796 3.86280775
v -0.60625017 4.55038071 3.83184314
v -0.64023757 4.47530222 3.67777777
v -0.64023757 4.47530222 3.67777777
v -0.52303261 4.38258457 4.00411034
v -0.56750411 4.60115576 3.98351669
v -0.58889014 4.83621550 3.96518993
v -0.52973008 4.62797022 4.13485956
v -0.53127855 4.85949898 4.13685513
v -0.49101079 4.84860325 4.31225300
v -0.46971869 5.06449366 4.34018230
v -0.47016412 4.81447411 4.48738480
v -0.41543362 5.00714445 4.51690197
v -0.38199288 5.20286083 4.56084967
v -0.42430744 5.27195978 4.36727047
v -0.31297675 5.38466835 4.61772060
v -0.33976495 5.46466541 4.41567850
v -0.20694342 5.52736664 4.68333054
v -0.23241563 5.62769508 4.47244167
v -0.27476165 5.72304487 4.27520752
v -0.09699325 5.81111193 4.28478527
v -0.12183171 5.89887953 4.08875227
v -0.32004249 5.80152845 4.07875156
v -0.15143941 5.96507645 3.91750264
v 0.10274580 6.03535843 3.77622843
v 0.10274580 6.03535843 3.77622843
v -0.16492662 6.01787424 3.78260064
v 0.11289171 5.97124958 3.91782379
v 0.11289171 5.97124958 3.91782379
v 0.34866187 5.86248779 3.90227556
v 0.34492370 5.92684650 3.74210143
v 0.50800163 5.69731426 3.87706876
v 0.52298433 5.77754593 3.68612385
v 0.48325521 5.84836674 3.51095533
v 0.60438901 5.60567570 3.60884190
v 0.56662190 5.68315554 3.43445873
v 0.64081937 5.41849899 3.51970744
v 0.58918041 5.49542856 3.78553271
v 0.64614332 5.32939291 3.68644333
v 0.51882261 5.40967369 3.94688845
v 0.60343623 5.24420881 3.84819818
v 0.47195145 5.34439754 4.11647272
v 0.57104129 5.17054892 4.03950691
v 0.51269293 5.09939861 4.23035049
v 0.44006205 5.27155399 4.29608107
v 0.39436242 5.18592453 4.47260094
v 0.38075101 5.53154182 4.19249535
v 0.35001266 5.44693518 4.36663580
v 0.32815468 5.34783649 4.54804134
v 0.31765372 5.23515701 4.72115898
v 0.24962457 5.60425329 4.44004774
v 0.23866643 5.49097252 4.63008738
v 0.23344323 5.35383129 4.80754375
v 0.10595611 5.58806849 4.69187164
v 0.11210132 5.43465376 4.88489819
v -0.05699822 5.59858561 4.71008158
v -0.05699822 5.59858561 4.71008158
v -0.03512564 5.45192719 4.91689587
v -0.03512564 5.45192719 4.91689587
v -0.00340919 5.06340218 5.14157534
v -0.00340919 5.06340218 5.14157534
v -0.01887167 5.27615690 5.08258152
v -0.01887167 5.27615690 5.08258152
v -0.17565438 5.39375925 4.87852049
v -0.29201081 5.27745914 4.80169058
v -0.35881156 5.11646271 4.73180246
v -0.38052937 4.93620777 4.68302774
v -0.33565730 4.85599184 4.84168816
v -0.34770998 4.69480085 4.81613636
v -0.24008109 4.63730764 4.94200754
v -0.24013510 4.79214668 4.96629000
v -0.42615524 4.76291800 4.65428257
v -0.10453991 4.61481905 5.01648045
v -0.10453991 4.61481905 5.01648045
v -0.11541190 4.76401854 5.05287266
v -0.11541190 4.76401854 5.05287266
v 0.01124763 4.90259361 5.11111832
v -0.07414555 5.70925045 4.49102449
v -0.07414555 5.70925045 4.49102449
v 0.27690396 5.71477270 4.25858784
v 0.10547671 5.80986404 4.28167105
v 0.10547671 5.80986404 4.28167105
v 0.10048089 5.70239496 4.48204613
v 0.10048089 5.70239496 4.48204613
v 0.31639847 5.80407190 4.07528877
v 0.11112241 5.89735174 4.08407593
v 0.11112241 5.89735174 4.08407593
v 0.41640744 5.60647106 4.02412605
v 0.54278624 5.83952522 2.79415703
v 0.46527371 5.89671612 2.74990344
v 0.55374891 5.98513746 2.81492186
v 0.45405841 5.77881718 2.68113232
v 0.85462952 4.74469757 2.27985740
v 1.31027699 2.58990550 0.20759229
v 1.35490716 2.78073502 0.45352504
v 1.31240499 2.55949664 0.38140348
v 1.34476244 2.75598598 0.63066089
v 1.36550009 2.97447419 0.71050239
v 1.34238088 2.94871283 0.88730448
v 1.35021043 3.16533303 0.96734852
v 1.32422888 3.13274050 1.14413583
v 1.31119013 2.92423844 1.06766808
v 1.29767764 3.09126306 1.32398427
v 1.27540123 2.89185596 1.24852717
v 1.28165603 3.03696036 1.50187874
v 1.25325370 2.84225798 1.42554808
v 1.28650939 2.97039795 1.67481411
v 1.25459802 2.77559066 1.59584606
v 1.31100881 2.90084553 1.84397137
v 1.28267682 2.70601749 1.75338399
v 1.24543655 2.51556540 1.65678883
v 1.31163037 2.64631271 1.91685259
v 1.28339076 2.45574045 1.80932152
v 1.26994979 2.26626444 1.69656765
v 1.29270244 2.40880799 1.98859513
v 1.30182636 2.22664094 1.86847711
v 1.25957561 2.35528326 2.18638563
v 1.28608930 2.17753077 2.07445121
v 1.17633009 2.29305911 2.36486030
v 1.20298910 2.11298561 2.25037646
v 1.22886038 1.93273139 2.13075566
v 1.09447813 2.04228425 2.38003182
v 1.11929286 1.86790848 2.26425219
v 1.20269907 1.73705781 2.02545738
v 1.20269907 1.73705781 2.02545738
v 1.09910166 1.69868016 2.15772295
v 1.09910166 1.69868016 2.15772295
v 1.05579841 1.49601066 2.09576225
v 1.14105535 1.50188041 1.96526253
v 1.14868987 1.49142981 1.80786049
v 1.24801278 1.76913321 1.81268609
v 1.24801278 1.76913321 1.81268609
v 1.06495786 1.27787030 1.94847667
v 1.04930544 1.26285648 1.80586839
v 0.94745094 1.24444890 1.66837728
v 1.03931451 1.44661748 1.64346588
v 1.15455902 1.67870486 1.59064329
v 1.15455902 1.67870486 1.59064329
v 0.88485003 1.55592155 1.48769736
v 0.88485003 1.55592155 1.48769736
v 0.88485003 1.55592155 1.48769736
v 0.90805173 1.67504346 1.40600193
v 0.81980824 1.39919460 1.54972363
v 0.81980824 1.39919460 1.54972363
v 0.58748859 1.40169513 1.63670015
v 0.77054036 1.23744714 1.59019685
v 0.77054036 1.23744714 1.59019685
v 0.58209860 1.25088847 1.66342282
v 0.46725005 1.26751947 1.82264793
v 0.45745379 1.41637731 1.82109332
v 0.43602473 1.54592967 1.82564402
v 0.43602473 1.54592967 1.82564402
v 0.43443635 1.28354645 1.99675095
v 0.44364208 1.43696487 2.01617193
v 0.44298169 1.57524788 2.04392695
v 0.44298169 1.57524788 2.04392695
v 0.51835674 1.45106602 2.16306043
v 0.53220123 1.60022771 2.19436502
v 0.53220123 1.60022771 2.19436502
v 0.64490998 1.46037149 2.23831773
v 0.65625197 1.61815751 2.27105904
v 0.65625197 1.61815751 2.27105904
v 0.78907180 1.47063446 2.24082184
v 0.80303276 1.63435221 2.29092813
v 0.80303276 1.63435221 2.29092813
v 0.80199045 1.78295541 2.38461876
v 0.96875477 1.81481266 2.35060048
v 0.94997078 1.98080957 2.46081996
v 1.06280780 2.22439861 2.49880099
v 1.15870667 2.48003006 2.46855068
v 1.25588930 2.53775501 2.29542518
v 1.25431013 2.72523022 2.40543723
v 1.30772638 2.59360766 2.10310388
v 1.31131685 2.78444862 2.21259618
v 1.29160607 2.97644615 2.31628489
v 1.32250750 2.84124541 2.02048922
v 1.30998373 3.03506637 2.11765003
v 1.27985203 3.22456169 2.20768929
v 1.30824423 3.09651995 1.93189228
v 1.28783083 3.29005408 2.01590204
v 1.25395167 3.47774291 2.10181689
v 1.28766751 3.36545110 1.83563042
v 1.25845897 3.55941057 1.91909599
v 1.21745443 3.74546003 2.00402427
v 1.26667047 3.64242792 1.73663485
v 1.28734338 3.44077849 1.65644538
v 1.29798865 3.50788736 1.47632623
v 1.29388738 3.23723173 1.57832277
v 1.30311763 3.29749775 1.39991546
v 1.32415748 3.34688282 1.22122908
v 1.29885495 3.16781735 1.75500000
v 0.95828533 1.65886545 2.25241470
v 0.95828533 1.65886545 2.25241470
v 0.93197721 1.48312914 2.19104981
v 0.76343286 1.30059695 2.22065878
v 0.89625078 1.29794872 2.16496038
v 1.00520289 1.28905487 2.07342219
v 0.86547744 1.12305105 2.16160202
v 0.96403182 1.10420620 2.06790400
v 1.01419401 1.08347404 1.94273627
v 0.93352836 0.93727988 2.06729889
v 0.97587544 0.91359216 1.93918550
v 0.94736987 0.89766198 1.79934335
v 0.98585141 1.07241416 1.80156302
v 0.85577673 0.89103067 1.68232608
v 0.89357728 1.06743681 1.67409456
v 0.71412873 0.89505404 1.63646042
v 0.71412873 0.89505404 1.63646042
v 0.73554677 1.07298648 1.61983979
v 0.73554677 1.07298648 1.61983979
v 0.57185656 0.91033798 1.69847214
v 0.57417136 1.08702230 1.68282628
v 0.47428164 0.93000573 1.82773626
v 0.46611872 1.10323238 1.82248521
v 0.43309477 0.94786733 1.98129475
v 0.43018106 1.11838806 1.98492467
v 0.48475552 0.96310383 2.11893344
v 0.48568350 1.12854314 2.12802458
v 0.49974808 1.29351938 2.14068961
v 0.59952211 1.13290417 2.21462536
v 0.62039292 1.29852211 2.22275281
v 0.73894995 1.13195527 2.21722913
v 0.58937645 0.97049648 2.20851660
v 0.72233826 0.97009903 2.21490622
v 0.84124666 0.95863277 2.15987420
v 0.71339089 0.81597257 2.21668243
v 0.82708603 0.80541509 2.16848969
v 0.91194808 0.78289849 2.07670498
v 0.82411504 0.66096848 2.18978143
v 0.90908843 0.63791978 2.10456920
v 0.94155300 0.59859836 1.98475993
v 0.94690794 0.75130093 1.94961894
v 0.90933317 0.54305983 1.86123514
v 0.91757399 0.71848726 1.81156206
v 0.81692058 0.48647857 1.77021933
v 0.83176047 0.69243824 1.69849861
v 0.69697434 0.68797731 1.65426230
v 0.69697434 0.68797731 1.65426230
v 0.68651831 0.47955725 1.74942338
v 0.68651831 0.47955725 1.74942338
v 0.56313407 0.51287508 1.78542423
v 0.56638491 0.71482229 1.71983659
v 0.46058765 0.57120335 1.87881291
v 0.47980833 0.75093609 1.84282577
v 0.43369204 0.61985230 2.01312447
v 0.43665582 0.78178877 1.98579466
v 0.48427969 0.65225047 2.14345527
v 0.48614579 0.80282462 2.12109280
v 0.58795404 0.67004639 2.22706556
v 0.58737928 0.81519723 2.20905280
v 0.71343488 0.67178196 2.23748040
v 0.59093726 0.53553414 2.26498508
v 0.72342479 0.53893602 2.27972388
v 0.83952081 0.52644467 2.23683715
v 0.74426299 0.41710407 2.33453417
v 0.86356455 0.39730251 2.29596949
v 0.94937259 0.36314857 2.22620821
v 0.92160809 0.49800915 2.15409493
v 0.99684662 0.31872869 2.13815069
v 0.96007890 0.44900709 2.04842544
v 0.98953944 0.22782636 2.05365348
v 0.92821217 0.37384140 1.94840956
v 0.59536791 0.41788948 2.32068920
v 0.47241813 0.51376468 2.19129610
v 0.46155006 0.39367333 2.25388789
v 0.41731235 0.46064758 2.06325102
v 0.40069321 0.31331807 2.13416791
v 0.37085667 0.21315961 2.22742534
v 0.41291884 0.20420276 2.02571034
v 0.37777257 0.06863068 2.15959430
v 0.52030766 0.11055710 1.99591553
v 0.52393234 -0.00897714 2.15045071
v 0.68085003 0.07228562 2.01188540
v 0.68085003 0.07228562 2.01188540
v 0.69025314 -0.00948667 2.16716909
v 0.69025314 -0.00948667 2.16716909
v 0.69872320 -0.01185609 2.33225751
v 0.69872320 -0.01185609 2.33225751
v 0.67637944 -0.00672201 2.45109057
v 0.67637944 -0.00672201 2.45109057
v 0.54660016 0.30929610 1.87633872
v 0.44712576 0.38881081 1.94283688
v -0.21103312 1.76313376 -0.03877163
v -0.21103312 1.76313376 -0.03877163
v -0.21757504 1.76526320 -0.18915139
v -0.21757504 1.76526320 -0.18915139
v 0.67585021 1.87941849 -0.69022578
v 1.46984756 1.83018720 -2.10147309
v 1.50002420 1.83060527 -1.83802247
v 1.46391559 1.72138143 -1.93579710
v 1.41578317 1.61295319 -2.02057528
v 1.40810466 1.60911822 -1.78102422
v 1.37036049 1.49355304 -1.87840271
v 1.32083082 1.35330188 -1.97982562
v 1.32083082 1.35330188 -1.97982562
v 1.35457468 1.45304739 -2.11631823
v 1.35457468 1.45304739 -2.11631823
v 1.26553547 1.18072712 -2.09356308
v 1.28618801 1.23552966 -2.22672534
v 1.24513173 1.27255154 -2.38016987
v 1.23494637 1.01905227 -2.32184744
v 1.19151902 1.01893854 -2.46482968
v 1.11254835 0.98586875 -2.61773348
v 1.12103033 1.25505471 -2.55615616
v 0.92503703 1.41677737 -2.61728787
v 0.92503703 1.41677737 -2.61728787
v 0.89858592 1.58619153 -2.65277195
v 0.89858592 1.58619153 -2.65277195
v 0.89858592 1.58619153 -2.65277195
v 0.92850327 1.21253037 -2.64122915
v 0.92850327 1.21253037 -2.64122915
v 0.75320286 1.15846074 -2.59321308
v 0.72349536 1.33823776 -2.55136943
v 0.68619144 1.49188280 -2.55587435
v 0.68619144 1.49188280 -2.55587435
v 0.59881639 1.27504039 -2.42103338
v 0.55450737 1.42543018 -2.39246726
v 0.55450737 1.42543018 -2.39246726
v 0.51211393 1.56691396 -2.39085984
v 0.45830032 1.51269114 -2.18774772
v 0.42357090 1.62991405 -2.16396785
v 0.47318640 1.44102132 -1.98664200
v 0.44211528 1.54680753 -1.93286681
v 0.41761780 1.64254904 -1.88303256
v 0.52709103 1.46278667 -1.72728431
v 0.50721139 1.56128514 -1.64586627
v 0.66483384 1.38487911 -1.58123386
v 0.65700585 1.49109697 -1.47004759
v 0.82979453 1.33042967 -1.50103354
v 0.84271145 1.43844676 -1.37420094
v 1.00986683 1.33220339 -1.49565661
v 1.03353083 1.43988574 -1.36808336
v 1.06145144 1.55552614 -1.23416889
v 1.20695245 1.49851286 -1.43327773
v 1.23866606 1.61295688 -1.30227852
v 1.26571286 1.75230896 -1.15810287
v 1.37356138 1.71401238 -1.41048300
v 1.40121341 1.84996879 -1.27922773
v 1.47071803 1.83359861 -1.55623233
v 1.34267080 1.60291445 -1.53929746
v 1.44184279 1.71775770 -1.67319131
v 1.31138623 1.49547493 -1.65348113
v 1.17534292 1.39460230 -1.55437005
v 1.14454818 1.29188049 -1.67179596
v 1.27813160 1.38336539 -1.75958860
v 1.11311662 1.18818378 -1.78685319
v 1.11311662 1.18818378 -1.78685319
v 1.23573303 1.26249516 -1.87001967
v 1.23573303 1.26249516 -1.87001967
v 1.08474886 1.07900238 -1.89434612
v 1.19316721 1.12528110 -1.97762382
v 1.06194270 0.95979512 -1.97610331
v 1.15321219 0.98320550 -2.06122160
v 1.21606421 0.99991268 -2.17680573
v 1.11296082 0.84831291 -2.10237598
v 1.16532278 0.84344417 -2.20143199
v 1.17893100 0.82151461 -2.32032490
v 1.16346467 0.68409371 -2.15362358
v 1.18275750 0.63644606 -2.24068975
v 1.15220451 0.57121277 -2.32085371
v 1.14282727 0.77955586 -2.43624949
v 1.08322501 0.49903902 -2.37133956
v 1.07101357 0.72662252 -2.52180624
v 0.97895968 0.45702028 -2.37105703
v 0.97895968 0.45702028 -2.37105703
v 0.95897311 0.68664134 -2.54832196
v 0.95897311 0.68664134 -2.54832196
v 0.87912267 0.44971329 -2.34325647
v 0.84711409 0.67142892 -2.51234508
v 0.78196526 0.91337138 -2.63639402
v 0.93910772 0.95019454 -2.69263053
v 0.93910772 0.95019454 -2.69263053
v 0.76289457 0.67390025 -2.43852592
v 0.68512642 0.89672691 -2.51169896
v 0.64072657 1.10739422 -2.47430754
v 0.63311160 0.88021541 -2.37940311
v 0.58327961 1.05764580 -2.33506131
v 0.54430223 1.22140002 -2.26777792
v 0.50330830 1.37138343 -2.21769547
v 0.50330830 1.37138343 -2.21769547
v 0.57561076 1.01477504 -2.19615793
v 0.54079407 1.16974783 -2.12143350
v 0.50803423 1.31181300 -2.05198407
v 0.50803423 1.31181300 -2.05198407
v 0.58896375 1.11465740 -1.99016464
v 0.56235540 1.23854959 -1.90123618
v 0.56235540 1.23854959 -1.90123618
v 0.54576808 1.35472155 -1.81346810
v 0.67425829 1.17458141 -1.79493988
v 0.67425829 1.17458141 -1.79493988
v 0.66835475 1.28057778 -1.68970990
v 0.82249922 1.23217392 -1.62436020
v 0.98982096 1.23101485 -1.61755049
v 0.97075951 1.13149524 -1.73261130
v 0.97075951 1.13149524 -1.73261130
v 0.81579328 1.13059938 -1.73639262
v 0.81579328 1.13059938 -1.73639262
v 0.81793505 1.03270769 -1.84330499
v 0.96024793 1.03355634 -1.83787274
v 0.83080733 0.93823534 -1.93570006
v 0.95224798 0.94175768 -1.93310297
v 0.84930277 0.83865470 -1.99891341
v 0.95039743 0.84072530 -1.99525940
v 1.04201341 0.84439272 -2.02753234
v 0.95670712 0.72878063 -2.00045085
v 1.03899908 0.72496367 -2.02450418
v 1.10971928 0.71145087 -2.07918119
v 1.06204736 0.61738127 -1.94489181
v 1.14093971 0.59358329 -1.99367404
v 1.20144498 0.55348665 -2.05916286
v 1.18042684 0.48810422 -1.88652790
v 1.25322473 0.44327506 -1.95130157
v 1.27753127 0.37627482 -2.01327538
v 1.22516239 0.48958021 -2.12930155
v 1.24580967 0.28063035 -2.05836058
v 1.19008934 0.40588793 -2.18246174
v 1.08675826 0.51417428 -1.84193599
v 1.11142886 0.41603678 -1.73454690
v 0.98345727 0.52764082 -1.82139456
v 0.99222243 0.43235934 -1.71730232
v 0.88115174 0.52407515 -1.83522868
v 0.88378167 0.43289858 -1.72834218
v 0.88547450 0.35816360 -1.60811698
v 0.78913945 0.49590862 -1.88088441
v 0.78447944 0.40743670 -1.76411462
v 0.77960497 0.35218707 -1.63200927
v 0.71339637 0.34255776 -1.81935287
v 0.69776893 0.28621119 -1.66849077
v 0.68778527 0.25411788 -1.51390243
v 0.68977726 0.17481032 -1.70258832
v 0.68559021 0.13507098 -1.53398263
v 0.73561609 0.08707979 -1.72065270
v 0.74586529 0.04998562 -1.53683972
v 0.82784820 0.04849689 -1.72436464
v 0.85069150 0.02997663 -1.52395678
v 0.95540673 0.02021239 -1.50529575
v 0.96672028 0.03057568 -1.35856164
v 1.06353331 0.05629116 -1.26631331
v 1.06353331 0.05629116 -1.26631331
v 0.80084819 0.08663727 -1.95658922
v 0.71718407 0.15973100 -1.92655146
v 0.73471695 0.30962104 -2.09887314
v 0.80015486 0.26632079 -2.14196515
v 0.68628281 0.24841641 -1.87957656
v 0.70962876 0.37352094 -2.03077102
v 0.72335094 0.53186518 -2.14923096
v 0.74207681 0.49123514 -2.23624158
v 0.72715998 0.44437066 -1.94925892
v 0.74057174 0.57306159 -2.05734801
v 0.72864115 0.71288759 -2.12717199
v 0.70638615 0.70536250 -2.22834539
v 0.79411799 0.60619444 -1.98070633
v 0.79020721 0.72449172 -2.05263710
v 0.74728447 0.83654571 -2.03575492
v 0.65272075 0.84199250 -2.11840081
v 0.87795025 0.62291116 -1.93654990
v 0.87001073 0.72897708 -2.01056957
v 0.97110879 0.62757587 -1.92399359
v 0.61801845 0.97837049 -2.07133365
v 0.61812419 0.85913795 -2.24418497
v 0.71399438 0.95070559 -1.98217952
v 0.69119751 1.06705427 -1.89799368
v 0.71827692 0.68959749 -2.33532453
v 0.78849471 0.45718268 -2.30965567
v -1.34911430 0.19991484 -1.43723893
v 1.14267731 0.11213723 -1.26293838
v 1.14267731 0.11213723 -1.26293838
v 0.46761501 5.50807238 3.98550725
v 0.51549298 5.73743010 3.78159618
v 0.54605752 5.60768270 3.83509421
v 0.46220452 5.65189266 3.95059729
v 0.56112945 5.32694149 3.89754343
v 0.56368667 5.69161081 3.64748287
v -0.59866822 5.60045624 3.48469138
v -0.43046215 5.42815876 4.18339634
v -0.59649503 5.62766361 3.64446187
v 0.62260419 5.51208735 3.56427479
v 0.59587806 5.55507469 3.69739509
v -0.48846447 5.62851715 3.94741416
v -0.58133429 5.59668732 3.80212879
v 0.64348137 5.37394619 3.60307550
v -0.64391971 5.45543432 3.63307643
v -0.59885991 5.46058273 3.80669618
v -0.50599015 5.49241161 3.95198154
v -0.62043166 5.29702663 3.78129148
v -0.52562833 5.35219288 4.02198792
v -0.64609289 5.42822647 3.47330594
v 0.61802506 5.41023159 3.73651934
v 0.55426681 5.45049381 3.86741233
v -0.66549146 5.29187870 3.60767174
v -0.41082394 5.56837749 4.11338997
v -0.54823124 5.74437141 3.65938210
v -0.53307050 5.71339560 3.81704903
v 0.62478977 5.28680086 3.76732063
v -0.63217568 5.37623072 3.70718384
v 0.50664747 5.55858374 3.91080427
v -0.56478274 5.67052937 3.73075533
v 0.55658847 5.64125824 3.74001718
v 0.58952934 5.36870623 3.81725883
v -0.62129396 5.52794504 3.55888391
v -0.54366219 5.54454947 3.87705517
v 0.61977744 5.46384382 3.65069723
v -0.46822613 5.46028519 4.06768894
v 0.44201124 5.55727196 4.00481653
v 0.51923865 5.75748825 3.73386002
v 0.56257260 5.57957840 3.80828524
v 0.43930596 5.62918186 3.98736167
v 0.58228284 5.28557491 3.87287092
v 0.58403784 5.64864349 3.62816238
v -0.61468160 5.54286098 3.44346046
v -0.40575048 5.48078728 4.19891739
v -0.61142182 5.58367252 3.68311644
v 0.63171178 5.46529293 3.54199123
v 0.58962697 5.54305553 3.73618078
v -0.46453679 5.61592865 3.97987795
v -0.60384148 5.56818390 3.76194978
v 0.64481235 5.35166931 3.64475942
v -0.65270525 5.41331100 3.58872938
v -0.58511555 5.42103338 3.84915876
v -0.47329962 5.54787540 3.98216152
v -0.64496195 5.25479794 3.72612619
v -0.50275689 5.33754730 4.08717108
v -0.63839400 5.45674610 3.43776798
v 0.63154697 5.37249660 3.71178150
v 0.53606534 5.43265963 3.90711641
v -0.66749179 5.25222397 3.63931656
v -0.39593136 5.55089664 4.16391420
v -0.55743635 5.73000908 3.61326742
v -0.53469521 5.68354511 3.84976792
v 0.61411297 5.26550484 3.80775928
v 0.49321881 5.45887280 3.96619797
v 0.51174730 5.71737194 3.82933235
v 0.52784210 5.64881563 3.85499763
v 0.48510307 5.67460346 3.91383314
v 0.53997600 5.36830759 3.92221594
v 0.54333550 5.73457813 3.66680336
v -0.58265483 5.65805149 3.52592230
v -0.45517382 5.37553024 4.16787529
v -0.58156824 5.67165470 3.60580730
v 0.61349660 5.55888176 3.58655834
v 0.60023129 5.57970858 3.65358043
v -0.51239216 5.64110565 3.91495037
v -0.55882710 5.62519073 3.84230781
v 0.64215040 5.39622259 3.56139135
v -0.63513422 5.49755764 3.67742348
v -0.61260426 5.50013161 3.76423359
v -0.53868067 5.43694782 3.92180157
v -0.59590143 5.33925533 3.83645654
v -0.54849976 5.36683846 3.95680475
v -0.65379184 5.39970684 3.50884390
v 0.60631543 5.43832541 3.76122689
v 0.57346851 5.46310377 3.82752752
v -0.66349113 5.33153343 3.57602692
v -0.42571652 5.58585835 4.06286573
v -0.53902614 5.75873423 3.70549679
v -0.53144580 5.74324608 3.78433013
v 0.63546658 5.30809689 3.72688198
v -0.61551780 5.41840649 3.75693989
v -0.64883357 5.33405495 3.65742779
v -0.63804770 5.41583252 3.67013025
v -0.62630367 5.33662891 3.74423766
v 0.48763254 5.53115606 3.94731951
v 0.52600712 5.58433819 3.87401366
v 0.52979308 5.50792551 3.88936424
v 0.48493275 5.60304213 3.92985559
v -0.55650699 5.70745039 3.69506884
v -0.57305849 5.63360834 3.76644206
v -0.58063889 5.64909649 3.68760872
v -0.54892659 5.69196224 3.77390218
v 0.57604915 5.59973383 3.71757841
v 0.53563809 5.69150829 3.76077700
v 0.55974036 5.66856909 3.69372082
v 0.55129999 5.62558937 3.78588271
v 0.60433584 5.38645649 3.77694774
v 0.57508475 5.34910631 3.85743761
v 0.57325560 5.40237665 3.84231329
v 0.60691488 5.32903576 3.79232597
v -0.63369346 5.47808552 3.51609492
v -0.60889447 5.57780457 3.60167289
v -0.63260686 5.49168968 3.59598017
v -0.60998106 5.56420040 3.52178764
v -0.56249821 5.57061863 3.83959198
v -0.52482617 5.51848030 3.91451836
v -0.57126105 5.50256634 3.84187555
v -0.51606333 5.58653355 3.91223478
v 0.62119079 5.48796558 3.60748601
v 0.61861557 5.43852425 3.69366932
v 0.60792547 5.50879288 3.67450809
v 0.63162941 5.41889477 3.62688637
v -0.49692723 5.40623903 4.04483843
v -0.43952504 5.51433134 4.09053946
v -0.44934416 5.44422197 4.12554264
v -0.48710814 5.47634840 4.00983524
v -0.45641232 5.53110313 4.03635025
v -0.42263776 5.49755955 4.14472866
v -0.47605053 5.39088440 4.10635662
v 0.63158822 5.39569569 3.66933393
v 0.60591614 5.47995090 3.71789122
v 0.61071104 5.53383732 3.63053322
v -0.49468148 5.56720448 3.94719815
v -0.55497086 5.46975708 3.88183856
v -0.58755124 5.53537512 3.80191278
v -0.59577465 5.61792755 3.56379747
v -0.62201434 5.53768110 3.63954830
v -0.64319932 5.44569826 3.55241203
v 0.59459889 5.30730534 3.83259845
v 0.55569220 5.39025021 3.88229060
v 0.59152424 5.41092396 3.80203390
v 0.53178942 5.66997242 3.80776358
v 0.53948677 5.71304321 3.71379018
v 0.58001328 5.62399054 3.67365336
v -0.55387688 5.65857649 3.80810499
v -0.59224021 5.60864019 3.72477913
v -0.56903762 5.68955278 3.65043807
v 0.50630563 5.62629128 3.89254951
v 0.54747391 5.53494167 3.85220075
v 0.51186061 5.48186159 3.92719054
v -0.64689773 5.29442644 3.69177723
v -0.65076941 5.37368298 3.62307858
v -0.62532598 5.45798206 3.71718192
v -0.60570961 5.37883091 3.79669809
v 0.46349359 5.58006334 3.96729994
v -0.54397637 5.72534847 3.73969936
v 0.56844169 5.59737396 3.75726819
v 0.61923093 5.35076618 3.75205374
v -0.62418753 5.51047325 3.47977781
v -0.53744519 5.60586214 3.87727118
v 0.63167059 5.44209385 3.58443880
v -0.51780397 5.42159367 3.98332000
vt 0.26225430 0.23566931
vt 0.26643464 0.23578596
vt 0.26352224 0.23307699
vt 0.26093096 0.22879934
vt 0.24644870 0.36524981
vt 0.24184851 0.36148977
vt 0.23635705 0.37542480
vt 0.23141116 0.38506824
vt 0.24223831 0.37957555
vt 0.74198854 0.15981328
vt 0.74481159 0.16363996
vt 0.75018036 0.15877408
vt 0.74668342 0.15758258
vt 0.74271399 0.15590030
vt 0.73812419 0.15672290
vt 0.74511290 0.15155280
vt 0.74055874 0.16507691
vt 0.74099737 0.16462928
vt 0.74083382 0.16416675
vt 0.73998898 0.16442919
vt 0.74054343 0.16638768
vt 0.74240404 0.16633260
vt 0.73874259 0.16436070
vt 0.79273391 0.56132925
vt 0.79181671 0.55970657
vt 0.79040384 0.55913210
vt 0.78933233 0.56105816
vt 0.90623248 0.10158587
vt 0.90174323 0.09944475
vt 0.91288215 0.09284902
vt 0.89704937 0.10502714
vt 0.91809505 0.09139144
vt 0.90577710 0.10574120
vt 0.90875435 0.10031217
vt 0.90767729 0.09582007
vt 0.90984774 0.10513824
vt 0.90193760 0.55001676
vt 0.90810168 0.55144024
vt 0.90943176 0.54676688
vt 0.90218818 0.54598367
vt 0.89735258 0.54932082
vt 0.89888179 0.55144382
vt 0.90591216 0.55557406
vt 0.89432955 0.54115629
vt 0.89433241 0.54215544
vt 0.89580584 0.54152364
vt 0.89480060 0.54064441
vt 0.89416844 0.54051983
vt 0.89267075 0.54154027
vt 0.89458680 0.54025984
vt 0.73717684 0.16204727
vt 0.74092209 0.16325116
vt 0.74153376 0.16396153
vt 0.42716625 0.10028547
vt 0.42179966 0.08645016
vt 0.41155985 0.08990908
vt 0.41718665 0.10411382
vt 0.42384610 0.11855596
vt 0.43401358 0.11497480
vt 0.44305685 0.11141211
vt 0.43641090 0.09757841
vt 0.89623141 0.79375303
vt 0.88674873 0.81175137
vt 0.86977851 0.83089161
vt 0.88817352 0.84722793
vt 0.70593232 0.21247005
vt 0.91257006 0.82788140
vt 0.68119484 0.20908976
vt 0.67891735 0.22840714
vt 0.69980216 0.23471719
vt 0.91918290 0.80149806
vt 0.88234878 0.69671834
vt 0.88462943 0.69382727
vt 0.88296944 0.69241500
vt 0.87915564 0.69453454
vt 0.86966038 0.69959474
vt 0.88032597 0.70497662
vt 0.88892603 0.69819236
vt 0.88949043 0.71272254
vt 0.89536363 0.70297146
vt 0.85484296 0.70648384
vt 0.86789507 0.71852851
vt 0.88119715 0.72630775
vt 0.75355518 0.88543606
vt 0.75367528 0.86859626
vt 0.73698413 0.86949718
vt 0.74387968 0.89266795
vt 0.75479883 0.90499210
vt 0.76337612 0.89158762
vt 0.76977998 0.87237483
vt 0.43164781 0.08363998
vt 0.33705047 0.13890511
vt 0.33215466 0.11430287
vt 0.32230812 0.11606646
vt 0.32471097 0.13599837
vt 0.34775108 0.13070244
vt 0.34150162 0.11103755
vt 0.32012358 0.15242773
vt 0.32892257 0.15753883
vt 0.34584302 0.15439934
vt 0.35425943 0.14601344
vt 0.33649462 0.16623849
vt 0.78689289 0.55753446
vt 0.78642720 0.55753928
vt 0.78650874 0.55788296
vt 0.78693062 0.55782610
vt 0.78667927 0.55658972
vt 0.78586704 0.55698168
vt 0.78777409 0.55705237
vt 0.78712285 0.55858135
vt 0.78764057 0.55933619
vt 0.78897309 0.55729640
vt 0.79594523 0.55532861
vt 0.79944026 0.55312836
vt 0.79925513 0.54881418
vt 0.79469770 0.54924941
vt 0.79808003 0.55649698
vt 0.79948545 0.55541229
vt 0.79675543 0.55812252
vt 0.79768002 0.55839610
vt 0.78999978 0.55017555
vt 0.79103565 0.55467927
vt 0.79402208 0.55847436
vt 0.79217255 0.55801386
vt 0.89028186 0.53783190
vt 0.89030552 0.53844243
vt 0.89126098 0.53983992
vt 0.89196438 0.53693479
vt 0.88948685 0.53752059
vt 0.88927263 0.53814185
vt 0.88910979 0.53614140
vt 0.89475173 0.54010117
vt 0.89512247 0.54010397
vt 0.89488244 0.53953004
vt 0.89464432 0.53994966
vt 0.89443505 0.54007393
vt 0.74174738 0.15615606
vt 0.74301082 0.15404147
vt 0.74573606 0.15519613
vt 0.74859530 0.15472949
vt 0.73542356 0.16572392
vt 0.73826838 0.16762990
vt 0.89373791 0.53951502
vt 0.88854557 0.53151202
vt 0.88463354 0.53436291
vt 0.88717538 0.53836334
vt 0.89355153 0.53318954
vt 0.89675200 0.52885592
vt 0.89221543 0.52557129
vt 0.75162596 0.15286696
vt 0.75137836 0.15330857
vt 0.75255466 0.15413517
vt 0.75283480 0.15263230
vt 0.75175744 0.15137333
vt 0.75133455 0.15271783
vt 0.75099456 0.15298289
vt 0.72951615 0.62031555
vt 0.83715618 0.98608840
vt 0.73212701 0.62690401
vt 0.82269853 0.99753755
vt 0.73866087 0.62420821
vt 0.74406856 0.61980146
vt 0.73767543 0.61565816
vt 0.85681707 0.99813521
vt 0.73434061 0.62071419
vt 0.84124756 0.99807900
vt 0.85527927 0.98085213
vt 0.73681527 0.16858160
vt 0.73434693 0.16951829
vt 0.73520076 0.17030662
vt 0.73779345 0.16986489
vt 0.75026727 0.15253061
vt 0.75052190 0.15365583
vt 0.74883050 0.15186393
vt 0.74113786 0.16986489
vt 0.74523360 0.16897702
vt 0.73883384 0.17277151
vt 0.73347425 0.17188400
vt 0.73570597 0.17333561
vt 0.88485008 0.69131970
vt 0.88562191 0.68876767
vt 0.88283014 0.68996882
vt 0.88402617 0.69170922
vt 0.88500822 0.69238138
vt 0.88512868 0.69175529
vt 0.88853794 0.69070375
vt 0.88142347 0.69120479
vt 0.87663668 0.69125724
vt 0.87764102 0.68603170
vt 0.85252905 0.65161252
vt 0.84748816 0.65190727
vt 0.85129058 0.65862060
vt 0.85478216 0.65284425
vt 0.85377854 0.64979386
vt 0.85018414 0.64869463
vt 0.85602325 0.65011513
vt 0.88623691 0.68097317
vt 0.89789295 0.67491251
vt 0.88865525 0.66792715
vt 0.87725997 0.67349505
vt 0.86732215 0.68122870
vt 0.81419200 0.65718007
vt 0.81624913 0.66482460
vt 0.82414663 0.66285753
vt 0.82047600 0.65043503
vt 0.80690706 0.65656918
vt 0.80960774 0.66668057
vt 0.81008321 0.64669448
vt 0.74363536 0.66351193
vt 0.75012684 0.66569239
vt 0.74961215 0.65795296
vt 0.74186444 0.65858775
vt 0.71337593 0.91730505
vt 0.73958182 0.66705394
vt 0.74753690 0.67217577
vt 0.72870064 0.93158573
vt 0.73561800 0.66071284
vt 0.51589459 0.27673244
vt 0.53335321 0.25775909
vt 0.51838988 0.24339026
vt 0.50216389 0.25521505
vt 0.48642033 0.26249731
vt 0.49364999 0.28151512
vt 0.51639354 0.30268210
vt 0.54116482 0.30752420
vt 0.54510379 0.28644872
vt 0.55595326 0.26735526
vt 0.49614456 0.30230254
vt 0.25420976 0.23229551
vt 0.25597227 0.23969615
vt 0.25805467 0.24767470
vt 0.26402360 0.24245459
vt 0.50845027 0.03415763
vt 0.13848726 0.87674040
vt 0.52619010 0.02962255
vt 0.49854025 0.04127592
vt 0.50985086 0.04986721
vt 0.52021956 0.04546964
vt 0.23485781 0.20986581
vt 0.23611295 0.21553493
vt 0.24164438 0.21317631
vt 0.24029325 0.20332837
vt 0.22391652 0.21043444
vt 0.22565171 0.22161251
vt 0.23263681 0.19942957
vt 0.78550041 0.55779237
vt 0.78556240 0.55879319
vt 0.78615326 0.55983782
vt 0.27163488 0.22778422
vt 0.26832515 0.22287244
vt 0.27517077 0.23235703
vt 0.28736132 0.27777088
vt 0.28489500 0.27306628
vt 0.27812454 0.27785015
vt 0.28536293 0.28253973
vt 0.79300892 0.55972469
vt 0.79236150 0.55925822
vt 0.80840129 0.54852796
vt 0.81159872 0.54522967
vt 0.80759299 0.54344177
vt 0.80652523 0.54779881
vt 0.80866563 0.55141234
vt 0.81359637 0.54953170
vt 0.80391449 0.54949224
vt 0.80365413 0.54296911
vt 0.79840887 0.54301679
vt 0.80277050 0.55334884
vt 0.80664706 0.55481225
vt 0.79846323 0.56008726
vt 0.80055612 0.55667543
vt 0.80098546 0.55795157
vt 0.80352724 0.55734318
vt 0.80137897 0.55562603
vt 0.79970413 0.55678004
vt 0.79961658 0.55772018
vt 0.77622962 0.56374878
vt 0.82387590 0.55356264
vt 0.77619016 0.56090069
vt 0.77105677 0.55970836
vt 0.77069449 0.56195569
vt 0.83636153 0.53528702
vt 0.78075093 0.56161726
vt 0.81242305 0.55529165
vt 0.80723125 0.56020492
vt 0.78159702 0.56407797
vt 0.81340611 0.56348217
vt 0.82157713 0.54327869
vt 0.82877409 0.52858603
vt 0.80211747 0.56128585
vt 0.90070587 0.11623383
vt 0.89991218 0.11636329
vt 0.90003550 0.11709672
vt 0.90065753 0.11698478
vt 0.91115886 0.09715116
vt 0.91122407 0.09959793
vt 0.91355181 0.10253710
vt 0.91467452 0.09701562
vt 0.89824158 0.11731654
vt 0.89965105 0.11852390
vt 0.90132403 0.11843133
vt 0.90236634 0.11688900
vt 0.78847498 0.56320071
vt 0.79864937 0.56552279
vt 0.78553110 0.56396246
vt 0.80467069 0.56604964
vt 0.78818059 0.55413854
vt 0.78579539 0.55462611
vt 0.08130008 0.79630095
vt 0.47993374 0.02108002
vt 0.09098050 0.78393662
vt 0.08026923 0.74473250
vt 0.09132671 0.70796633
vt 0.08076721 0.70156789
vt 0.06300393 0.74709368
vt 0.45265004 0.01645416
vt 0.45948774 0.02990997
vt 0.48273420 0.02971536
vt 0.44295725 0.03054947
vt 0.07126297 0.68628478
vt 0.04823632 0.71793473
vt 0.43469188 0.01681602
vt 0.86245322 0.53127229
vt 0.89074302 0.55180860
vt 0.86125630 0.52361333
vt 0.89435673 0.55818367
vt 0.88255143 0.53602779
vt 0.88092172 0.53285122
vt 0.88120258 0.53555596
vt 0.88279343 0.53704250
vt 0.75477326 0.15544027
vt 0.73092711 0.16749835
vt 0.89779639 0.11413229
vt 0.90226871 0.11445522
vt 0.90408140 0.11135089
vt 0.89697629 0.11017871
vt 0.92154771 0.09892946
vt 0.92357260 0.10410100
vt 0.92702174 0.10320526
vt 0.92623740 0.09969985
vt 0.88419515 0.11078358
vt 0.92730790 0.09452254
vt 0.86286986 0.53780544
vt 0.89027673 0.54584396
vt 0.89456528 0.53746074
vt 0.81298864 0.94067305
vt 0.80407405 0.93767565
vt 0.79883474 0.95178878
vt 0.81317383 0.95106626
vt 0.82873726 0.94265950
vt 0.82212883 0.93077683
vt 0.81321985 0.92220992
vt 0.74939692 0.16654742
vt 0.75467587 0.16147810
vt 0.90790176 0.11820841
vt 0.91137868 0.11319613
vt 0.90575451 0.12085664
vt 0.25436896 0.20104682
vt 0.26077497 0.19569474
vt 0.25571898 0.19271076
vt 0.24946027 0.20144057
vt 0.25139201 0.20970058
vt 0.25785536 0.20624685
vt 0.91305572 0.12410694
vt 0.91755629 0.12041706
vt 0.92271078 0.11690634
vt 0.91882122 0.10762978
vt 0.87684172 0.53590852
vt 0.88229811 0.54086697
vt 0.88024634 0.53769886
vt 0.89616805 0.53862345
vt 0.85764766 0.65075612
vt 0.85997772 0.64784646
vt 0.85734248 0.64722013
vt 0.85712898 0.65357405
vt 0.86232245 0.65163183
vt 0.88174808 0.52825314
vt 0.87725025 0.53153718
vt 0.87576902 0.52974242
vt 0.87104011 0.53601170
vt 0.88545454 0.54336679
vt 0.87891048 0.52601236
vt 0.84726745 0.68657279
vt 0.86434937 0.69047236
vt 0.85661083 0.67299807
vt 0.83790290 0.67305773
vt 0.82849801 0.67644846
vt 0.82854366 0.69937706
vt 0.83266503 0.69004107
vt 0.84486425 0.66686642
vt 0.84255421 0.71772885
vt 0.26632455 0.07440060
vt 0.28647560 0.08759397
vt 0.29722282 0.08146977
vt 0.28474766 0.06558067
vt 0.25986552 0.06293851
vt 0.23959722 0.07526350
vt 0.24104254 0.08249712
vt 0.24131916 0.09152955
vt 0.26160693 0.08814335
vt 0.27945316 0.09610707
vt 0.27666000 0.05376101
vt 0.75814772 0.15627939
vt 0.88871068 0.11589473
vt 0.26298526 0.91151190
vt 0.60095078 0.03208947
vt 0.30167118 0.86338449
vt 0.28503489 0.84346229
vt 0.25491574 0.87479043
vt 0.21319613 0.89335108
vt 0.20872699 0.92660576
vt 0.57358533 0.04178035
vt 0.58710176 0.05933958
vt 0.60117537 0.06059158
vt 0.29220700 0.92209488
vt 0.61474544 0.03844941
vt 0.31974095 0.87580115
vt 0.47102883 0.09265345
vt 0.47504020 0.09810358
vt 0.48296162 0.09403139
vt 0.46268743 0.09033954
vt 0.46774986 0.10047823
vt 0.87187088 0.52276886
vt 0.87113804 0.52553296
vt 0.87405258 0.52618170
vt 0.87415588 0.52345288
vt 0.87302262 0.51692307
vt 0.86794049 0.51805079
vt 0.84587103 0.64414752
vt 0.83836991 0.64646381
vt 0.83909202 0.65714920
vt 0.85218650 0.64309371
vt 0.79825437 0.64469963
vt 0.79902697 0.65889925
vt 0.89672083 0.53508347
vt 0.87497902 0.52646065
vt 0.87633044 0.52394903
vt 0.85467499 0.64678717
vt 0.85940838 0.64118683
vt 0.39388204 0.59051156
vt 0.39283141 0.62759584
vt 0.41894820 0.63227177
vt 0.42409781 0.60185671
vt 0.43301362 0.57570171
vt 0.40917793 0.56146127
vt 0.38825786 0.54360199
vt 0.37306765 0.56337953
vt 0.46038550 0.05719954
vt 0.46149763 0.04639590
vt 0.44821140 0.05078566
vt 0.44857037 0.06320345
vt 0.47498542 0.04974473
vt 0.47738519 0.04343915
vt 0.46539718 0.06062192
vt 0.86119658 0.13191295
vt 0.87386841 0.52818656
vt 0.87163162 0.53015041
vt 0.18777251 0.71501327
vt 0.18641764 0.70289332
vt 0.16956517 0.70175570
vt 0.14979200 0.70417035
vt 0.14842342 0.71501124
vt 0.91414714 0.36507165
vt 0.18876934 0.73067689
vt 0.85498554 0.63255137
vt 0.84708816 0.63407850
vt 0.16956411 0.38336539
vt 0.16118245 0.37991691
vt 0.16139978 0.39097559
vt 0.17565164 0.39148712
vt 0.18243051 0.37976235
vt 0.17423509 0.37343436
vt 0.89198762 0.11980122
vt 0.89552361 0.12241209
vt 0.88635969 0.52195853
vt 0.88195270 0.51962709
vt 0.75376654 0.14917028
vt 0.75110328 0.14690542
vt 0.74990869 0.14962268
vt 0.75526267 0.15189821
vt 0.81289613 0.63486874
vt 0.80338323 0.63168019
vt 0.78895575 0.63459373
vt 0.78076971 0.64101100
vt 0.78617013 0.65072048
vt 0.79409152 0.62540841
vt 0.78872985 0.66207385
vt 0.93539375 0.10566008
vt 0.93446952 0.10757488
vt 0.93896276 0.10952425
vt 0.93975478 0.10638076
vt 0.93882537 0.10247797
vt 0.93383354 0.10433561
vt 0.93170744 0.10591173
vt 0.17538674 0.41383255
vt 0.18829793 0.42344993
vt 0.20021172 0.41721183
vt 0.19255494 0.40937316
vt 0.16308537 0.42393917
vt 0.17559110 0.43197477
vt 0.18438287 0.40052187
vt 0.16872588 0.40176964
vt 0.92677879 0.11466777
vt 0.92291057 0.10868078
vt 0.03703837 0.43531185
vt 0.01726685 0.42871368
vt 0.02541246 0.45313472
vt 0.04476429 0.45743674
vt 0.06362180 0.44868392
vt 0.06222008 0.43662614
vt 0.04085352 0.42261916
vt 0.06636693 0.46001470
vt 0.22836831 0.36744928
vt 0.22141494 0.37765241
vt 0.09865952 0.37746847
vt 0.10370968 0.37985265
vt 0.10645375 0.37382692
vt 0.09738863 0.37013572
vt 0.09097499 0.38060421
vt 0.99790549 0.11885542
vt 0.09900386 0.38447928
vt 0.25234762 0.37028009
vt 0.86961573 0.66680348
vt 0.86481172 0.65824813
vt 0.85639989 0.66086900
vt 0.92892611 0.10471970
vt 0.93050456 0.10466540
vt 0.93069458 0.10302800
vt 0.92931288 0.10709059
vt 0.92696100 0.10559183
vt 0.86436260 0.50909066
vt 0.85670531 0.51166874
vt 0.90356666 0.56150162
vt 0.86857045 0.13526976
vt 0.94069403 0.09832406
vt 0.93203712 0.09991258
vt 0.94584286 0.10471278
vt 0.86631054 0.15376627
vt 0.94680959 0.10152596
vt 0.94521409 0.10827136
vt 0.72836047 0.17357272
vt 0.71497762 0.18468106
vt 0.76420265 0.13206518
vt 0.72441012 0.18601662
vt 0.25121197 0.15298486
vt 0.72564846 0.35876244
vt 0.25465903 0.15584004
vt 0.25804484 0.15237033
vt 0.25279510 0.14785105
vt 0.73271638 0.38784307
vt 0.24258217 0.15273398
vt 0.76206779 0.33423001
vt 0.24763091 0.15963113
vt 0.77529180 0.36998367
vt 0.23934329 0.16560066
vt 0.24434559 0.17106134
vt 0.25204489 0.16379750
vt 0.25771004 0.15865886
vt 0.23434556 0.15780997
vt 0.22561131 0.16345030
vt 0.22980641 0.17356533
vt 0.23043843 0.14763755
vt 0.22288324 0.15115023
vt 0.21394706 0.15467745
vt 0.21615763 0.16938132
vt 0.23018393 0.13740849
vt 0.22338301 0.13820165
vt 0.21588445 0.13856733
vt 0.20840703 0.13816762
vt 0.20452642 0.15692472
vt 0.22743548 0.12723464
vt 0.22202207 0.12507910
vt 0.21653378 0.12243193
vt 0.21198367 0.11929375
vt 0.20127305 0.13685054
vt 0.23114245 0.11540008
vt 0.22803110 0.11111438
vt 0.22546360 0.10657442
vt 0.22310168 0.10130233
vt 0.20768948 0.11560822
vt 0.24207976 0.10447198
vt 0.24157085 0.09858310
vt 0.25703329 0.10369259
vt 0.25914159 0.09700006
vt 0.26916093 0.10879326
vt 0.27396402 0.10329533
vt 0.27676031 0.11713403
vt 0.28359517 0.11393076
vt 0.29031599 0.10934561
vt 0.29797569 0.10395014
vt 0.28736728 0.12478006
vt 0.29574779 0.12297755
vt 0.30405557 0.12027574
vt 0.31290689 0.11778992
vt 0.30663881 0.09931833
vt 0.29656225 0.13440943
vt 0.30509520 0.13487244
vt 0.31432882 0.13503259
vt 0.30228314 0.14682508
vt 0.31100842 0.14932925
vt 0.30556598 0.16026825
vt 0.31323734 0.16474730
vt 0.29763916 0.15587872
vt 0.29254618 0.16365749
vt 0.29938158 0.16869098
vt 0.29397285 0.14375836
vt 0.29035076 0.15201819
vt 0.28607321 0.15944898
vt 0.28121614 0.16608274
vt 0.28705952 0.17046529
vt 0.28369457 0.14917022
vt 0.28000790 0.15622294
vt 0.27561870 0.16255528
vt 0.27085170 0.16843724
vt 0.27600807 0.17229122
vt 0.27441922 0.15377563
vt 0.27034545 0.15964544
vt 0.26590756 0.16496152
vt 0.26059958 0.17094326
vt 0.26537922 0.17458928
vt 0.26556617 0.15706205
vt 0.26145020 0.16174400
vt 0.25611499 0.16743118
vt 0.24903855 0.17521858
vt 0.25385466 0.17848587
vt 0.24578759 0.18957949
vt 0.25093842 0.19085705
vt 0.25873253 0.18161529
vt 0.24027313 0.18694109
vt 0.23480777 0.18144041
vt 0.22572336 0.19161469
vt 0.21585134 0.20038199
vt 0.22030981 0.18173784
vt 0.21005702 0.18886870
vt 0.19772431 0.19582647
vt 0.20280428 0.20910579
vt 0.20579414 0.17456412
vt 0.19430439 0.17923731
vt 0.18138972 0.18285161
vt 0.18291949 0.20242655
vt 0.19494519 0.15790945
vt 0.18555251 0.15777439
vt 0.17658463 0.15610629
vt 0.19472991 0.13474149
vt 0.18847644 0.13184744
vt 0.18292283 0.12795347
vt 0.16886275 0.15253174
vt 0.20350049 0.11142874
vt 0.19975677 0.10669887
vt 0.22087368 0.09534013
vt 0.21871023 0.08935046
vt 0.00672119 0.36230510
vt 0.21636526 0.08342546
vt 0.01349298 0.36625957
vt 0.02556008 0.33774477
vt 0.02016811 0.33184743
vt 0.19624439 0.10136187
vt 0.00186478 0.39432013
vt 0.23730075 0.06839848
vt 0.01030057 0.39679426
vt 0.02030843 0.39977628
vt 0.02024820 0.36985427
vt 0.00441930 0.42468351
vt 0.25681213 0.05474079
vt 0.00881454 0.45009124
vt 0.27297208 0.04354948
vt 0.02889281 0.47160590
vt 0.29109702 0.04767400
vt 0.01062758 0.47108209
vt 0.28639212 0.03640807
vt 0.30395159 0.04455018
vt 0.29897371 0.06119472
vt 0.31114247 0.05894613
vt 0.32317945 0.05697358
vt 0.31621951 0.04218709
vt 0.30783546 0.07758272
vt 0.31858277 0.07493460
vt 0.32949081 0.07327062
vt 0.34030783 0.07211840
vt 0.33470929 0.05574805
vt 0.32543001 0.09341645
vt 0.33523872 0.09134656
vt 0.34534588 0.08956361
vt 0.35561019 0.08804381
vt 0.35119373 0.07114565
vt 0.35095558 0.10789239
vt 0.36085212 0.10497832
vt 0.37112403 0.10212445
vt 0.36605605 0.08634001
vt 0.35650030 0.12539268
vt 0.36625338 0.12103713
vt 0.37638792 0.11729622
vt 0.37166804 0.13530803
vt 0.38169831 0.13130677
vt 0.39209828 0.12784362
vt 0.38675112 0.11392736
vt 0.38146508 0.09914225
vt 0.39172453 0.09611672
vt 0.38688233 0.08148515
vt 0.37652951 0.08415359
vt 0.39709285 0.11079216
vt 0.40719935 0.10765547
vt 0.40167683 0.09306234
vt 0.40273121 0.12471718
vt 0.41337484 0.12170029
vt 0.40853053 0.13768059
vt 0.41950271 0.13460916
vt 0.43052727 0.13140690
vt 0.42593500 0.14677376
vt 0.43712139 0.14321202
vt 0.44799754 0.13895601
vt 0.44103804 0.12753731
vt 0.45801342 0.13387275
vt 0.45063546 0.12316769
vt 0.46686381 0.12773895
vt 0.45902145 0.11790663
vt 0.45158109 0.10775793
vt 0.46675947 0.11298174
vt 0.45983750 0.10379994
vt 0.45383635 0.09293944
vt 0.44516748 0.09508431
vt 0.44951800 0.07893592
vt 0.44084460 0.08097738
vt 0.43871236 0.06706220
vt 0.42861506 0.07016271
vt 0.43673092 0.05426615
vt 0.42560634 0.05721682
vt 0.41467327 0.05965883
vt 0.41791949 0.07296544
vt 0.40366480 0.06209999
vt 0.40739009 0.07569647
vt 0.39293122 0.06455326
vt 0.39710295 0.07845312
vt 0.38250673 0.06689727
vt 0.38829657 0.05003709
vt 0.37778574 0.05150330
vt 0.36747932 0.05281317
vt 0.37223700 0.06882060
vt 0.35702050 0.05384964
vt 0.36177516 0.07021224
vt 0.34610367 0.05472159
vt 0.35076040 0.03744942
vt 0.33965936 0.03882122
vt 0.32813740 0.04040545
vt 0.00874123 0.52718782
vt 0.32127479 0.02581507
vt 0.00927912 0.50806272
vt 0.30957389 0.02866858
vt 0.03214008 0.52165067
vt 0.03083806 0.50439548
vt 0.03010259 0.48788112
vt 0.01007236 0.48939949
vt 0.29800540 0.03211921
vt 0.05259183 0.50135469
vt 0.05041651 0.48646331
vt 0.04787889 0.47187507
vt 0.07291398 0.48494065
vt 0.06952009 0.47199696
vt 0.09644812 0.48219699
vt 0.09264050 0.47070366
vt 0.08870659 0.46014059
vt 0.11472069 0.46685368
vt 0.10901470 0.45663965
vt 0.10318347 0.44701743
vt 0.08582295 0.44979012
vt 0.09710772 0.43714613
vt 0.08232684 0.43936783
vt 0.09128013 0.42712736
vt 0.07913985 0.42914498
vt 0.06243017 0.42699987
vt 0.04456305 0.41492832
vt 0.07559769 0.41973180
vt 0.06240747 0.41776252
vt 0.04840416 0.40872532
vt 0.03982364 0.39313352
vt 0.03349521 0.39550841
vt 0.06260724 0.40925944
vt 0.05226193 0.40247422
vt 0.04540114 0.39074993
vt 0.04444358 0.37670892
vt 0.03864961 0.37572002
vt 0.05594992 0.39698648
vt 0.05059074 0.38841289
vt 0.04959434 0.37744778
vt 0.05369565 0.36671317
vt 0.04937682 0.36290216
vt 0.05557051 0.38619119
vt 0.05469804 0.37819511
vt 0.05780458 0.37013674
vt 0.06392509 0.36356384
vt 0.06174619 0.35790336
vt 0.05975186 0.37875640
vt 0.06185457 0.37300724
vt 0.06626379 0.36807209
vt 0.07213360 0.36462545
vt 0.07200377 0.35889840
vt 0.06877225 0.37161154
vt 0.98577142 0.27252376
vt 0.07749306 0.36824846
vt 0.96635371 0.33050042
vt 0.98781770 0.10020828
vt 0.07937744 0.36325669
vt 0.07278288 0.36906302
vt 0.97578764 0.30093759
vt 0.95932806 0.26436192
vt 0.94854605 0.28812236
vt 0.93572295 0.31349331
vt 0.98135084 0.10104966
vt 0.98306006 0.10624403
vt 0.91963464 0.26645648
vt 0.90220207 0.28300297
vt 0.97323585 0.10263896
vt 0.97453487 0.10687363
vt 0.97571480 0.11145186
vt 0.98494262 0.11208999
vt 0.96656698 0.10857302
vt 0.96727455 0.11232769
vt 0.96753854 0.11648089
vt 0.97642851 0.11652482
vt 0.95887876 0.10899472
vt 0.95882159 0.11241019
vt 0.95847940 0.11627477
vt 0.95767051 0.12093765
vt 0.96702600 0.12175113
vt 0.95134091 0.11072147
vt 0.95054197 0.11464500
vt 0.94937354 0.11867893
vt 0.94733816 0.12322599
vt 0.95606673 0.12619102
vt 0.94415742 0.11206448
vt 0.94265544 0.11565948
vt 0.94034189 0.11946303
vt 0.93710756 0.12363529
vt 0.94445229 0.12828678
vt 0.93735534 0.11237532
vt 0.93489987 0.11530083
vt 0.93139791 0.11877793
vt 0.92737281 0.12246835
vt 0.93320376 0.12812537
vt 0.93081337 0.11190516
vt 0.93332064 0.10973686
vt 0.92748278 0.10878056
vt 0.92878991 0.13305640
vt 0.93669391 0.13991350
vt 0.94092315 0.13383234
vt 0.92282361 0.12658954
vt 0.91788745 0.13093317
vt 0.92374587 0.13848096
vt 0.91771281 0.14383757
vt 0.92534518 0.15364158
vt 0.93161005 0.14662522
vt 0.91262794 0.13509423
vt 0.90655428 0.13849819
vt 0.91066593 0.14855248
vt 0.90899134 0.12729728
vt 0.90430301 0.12970668
vt 0.89894438 0.13060623
vt 0.89960885 0.14058042
vt 0.90265477 0.12273359
vt 0.89904380 0.12327379
vt 0.89365691 0.13000673
vt 0.88817525 0.12815565
vt 0.88552743 0.13969135
vt 0.89263314 0.14075500
vt 0.88567638 0.15451545
vt 0.89407027 0.15393585
vt 0.90266985 0.15196574
vt 0.89962095 0.17080855
vt 0.90909857 0.16639459
vt 0.91771972 0.16040796
vt 0.91990137 0.18320835
vt 0.92863661 0.17383713
vt 0.93585527 0.16428208
vt 0.94306445 0.18653411
vt 0.94911522 0.17336422
vt 0.95391494 0.16147423
vt 0.94183272 0.15490955
vt 0.95774186 0.15099257
vt 0.94658470 0.14630598
vt 0.96089476 0.14211452
vt 0.95048565 0.13872176
vt 0.96355790 0.13448298
vt 0.95362836 0.13209718
vt 0.96567881 0.12774521
vt 0.97296381 0.13569462
vt 0.97463328 0.12859064
vt 0.97580516 0.12213063
vt 0.98338741 0.12945825
vt 0.98502922 0.12369084
vt 0.98602867 0.11811882
vt 0.08687505 0.38559830
vt 0.99443817 0.12509817
vt 0.08839774 0.37437701
vt 0.99517995 0.11228061
vt 0.08320964 0.38857114
vt 0.99180001 0.13024771
vt 0.08760908 0.39244986
vt 0.09333263 0.38919753
vt 0.09178715 0.39635539
vt 0.09788067 0.39254028
vt 0.10330465 0.38756710
vt 0.10737086 0.39116901
vt 0.11192603 0.38560420
vt 0.10757256 0.38242948
vt 0.10200226 0.39650255
vt 0.10632038 0.40122932
vt 0.11193649 0.39538342
vt 0.09564430 0.40073436
vt 0.09947772 0.40602762
vt 0.10392950 0.41208208
vt 0.11129054 0.40646321
vt 0.08812634 0.40365916
vt 0.09151521 0.40916222
vt 0.09546868 0.41592443
vt 0.10089833 0.42373896
vt 0.10983704 0.41858971
vt 0.08265734 0.41121942
vt 0.08634692 0.41839689
vt 0.07307944 0.41163713
vt 0.07985876 0.40515387
vt 0.07169816 0.40481913
vt 0.06358225 0.40233821
vt 0.07115706 0.39910078
vt 0.06493746 0.39672112
vt 0.05948218 0.39247614
vt 0.06651885 0.39237106
vt 0.06262682 0.38889223
vt 0.06015218 0.38423353
vt 0.06427334 0.37908453
vt 0.99776298 0.22152489
vt 0.06417385 0.38292795
vt 0.99790549 0.19979906
vt 0.97789884 0.20047820
vt 0.97447634 0.22010201
vt 0.96803004 0.24143326
vt 0.06585689 0.37516844
vt 0.99357778 0.24587196
vt 0.95385081 0.21391386
vt 0.94552165 0.23207802
vt 0.93369615 0.24976474
vt 0.92491430 0.21388721
vt 0.91229630 0.22540760
vt 0.89812529 0.23504496
vt 0.88303548 0.24292684
vt 0.96584964 0.10555613
vt 0.89767057 0.19790226
vt 0.88516009 0.20244449
vt 0.87214714 0.20600253
vt 0.95895141 0.10622281
vt 0.87897593 0.17524701
vt 0.86749268 0.17653644
vt 0.95274854 0.10442108
vt 0.95198727 0.10727865
vt 0.87655371 0.15424305
vt 0.88950044 0.17351753
vt 0.87746567 0.13795233
vt 0.88218451 0.12488908
vt 0.87558973 0.12013501
vt 0.93382591 0.09594208
vt 0.90929270 0.19156498
vt 0.93523461 0.20073998
vt 0.95965636 0.19592917
vt 0.97934973 0.18230832
vt 0.96396828 0.17970139
vt 0.97968191 0.16661292
vt 0.96678352 0.16550756
vt 0.97983342 0.15394294
vt 0.96889657 0.15359801
vt 0.98059398 0.14406502
vt 0.97094387 0.14389843
vt 0.98191255 0.13612014
vt 0.07932339 0.39042670
vt 0.98976851 0.13593447
vt 0.07535937 0.39121944
vt 0.98874533 0.14286500
vt 0.07640669 0.39517373
vt 0.08192924 0.39450610
vt 0.07784464 0.39987129
vt 0.08492897 0.39891303
vt 0.07122862 0.39446527
vt 0.07153778 0.39079821
vt 0.98942769 0.15198737
vt 0.06813733 0.38910276
vt 0.99207383 0.16436291
vt 0.06542477 0.38637120
vt 0.99574280 0.18080169
vt 0.11776043 0.42565769
vt 0.12615931 0.41847223
vt 0.11749461 0.41211975
vt 0.10811297 0.43210918
vt 0.11720193 0.44095725
vt 0.12793986 0.43337500
vt 0.13903221 0.44198686
vt 0.15093718 0.43315303
vt 0.13781302 0.42555153
vt 0.12552382 0.45014441
vt 0.13344741 0.45987380
vt 0.14896597 0.45113152
vt 0.15703651 0.46055281
vt 0.17193988 0.45084059
vt 0.16266713 0.44172174
vt 0.13981932 0.46986222
vt 0.14519669 0.48016107
vt 0.16374663 0.47068745
vt 0.11929693 0.47734654
vt 0.12357973 0.48835212
vt 0.12763618 0.49966592
vt 0.14996436 0.49104273
vt 0.10003670 0.49418133
vt 0.10364851 0.50679350
vt 0.10732543 0.51925802
vt 0.13165221 0.51152563
vt 0.07601500 0.49841571
vt 0.07899749 0.51205629
vt 0.08239297 0.52548242
vt 0.08647623 0.53898108
vt 0.11137219 0.53188896
vt 0.05489442 0.51651013
vt 0.05795314 0.53171337
vt 0.06196602 0.54667222
vt 0.06643292 0.56151426
vt 0.09106626 0.55283141
vt 0.03443078 0.53892642
vt 0.03749501 0.55568993
vt 0.04115150 0.57203579
vt 0.04491026 0.58814520
vt 0.07111544 0.57632977
vt 0.01916702 0.61913759
vt 0.37637979 0.01708287
vt 0.04854176 0.60409045
vt 0.01595964 0.60106504
vt 0.36560580 0.01786524
vt 0.01324317 0.58324683
vt 0.35495532 0.01912242
vt 0.36144784 0.03628153
vt 0.37212658 0.03525639
vt 0.38282734 0.03440595
vt 0.39378077 0.03363800
vt 0.02279379 0.63758600
vt 0.38730142 0.01680434
vt 0.39919636 0.04850572
vt 0.41063958 0.04698205
vt 0.40518761 0.03292924
vt 0.41696432 0.03233099
vt 0.42202675 0.04529035
vt 0.43403235 0.04333442
vt 0.42943615 0.03167504
vt 0.03982566 0.69606000
vt 0.42175612 0.01674181
vt 0.44658333 0.04101467
vt 0.46134269 0.03822815
vt 0.48032394 0.03654557
vt 0.49168539 0.04617733
vt 0.48635474 0.05110556
vt 0.49439150 0.05626923
vt 0.50171769 0.05314302
vt 0.49784946 0.06290245
vt 0.50623429 0.06205946
vt 0.51533133 0.06005508
vt 0.52541459 0.05720681
vt 0.50663459 0.07063484
vt 0.51688343 0.07127315
vt 0.52779597 0.07067132
vt 0.53914285 0.06905651
vt 0.51513302 0.08104593
vt 0.52678066 0.08345389
vt 0.53849828 0.08470428
vt 0.55099469 0.08418196
vt 0.55244040 0.06616801
vt 0.52281815 0.09422261
vt 0.53448182 0.09811473
vt 0.54689282 0.10051930
vt 0.55965728 0.10188699
vt 0.56460810 0.08241141
vt 0.52762145 0.10950154
vt 0.53944850 0.11448336
vt 0.55153298 0.11853600
vt 0.56340361 0.12204605
vt 0.57186073 0.10312396
vt 0.53032196 0.12571007
vt 0.54196656 0.13204426
vt 0.55361372 0.13767409
vt 0.56525761 0.14285463
vt 0.57503426 0.12542385
vt 0.53166437 0.14297658
vt 0.54301143 0.15051973
vt 0.55464083 0.15761411
vt 0.56644547 0.16445404
vt 0.57692653 0.14810336
vt 0.53196877 0.16145396
vt 0.54350722 0.17021340
vt 0.55548352 0.17870641
vt 0.56805980 0.18686408
vt 0.57863426 0.17119980
vt 0.53249240 0.18173844
vt 0.54449123 0.19173580
vt 0.55736309 0.20128959
vt 0.57197899 0.20991880
vt 0.58190143 0.19470108
vt 0.53323877 0.20436651
vt 0.54611272 0.21537733
vt 0.56094581 0.22509426
vt 0.54831094 0.24089009
vt 0.56772441 0.24998403
vt 0.57888031 0.23376262
vt 0.58868873 0.21798396
vt 0.53325570 0.22960192
vt 0.52093488 0.21683300
vt 0.50737816 0.22836053
vt 0.49285200 0.23805541
vt 0.50995833 0.20401496
vt 0.49731755 0.21401370
vt 0.48432580 0.22232181
vt 0.47130528 0.22907001
vt 0.47864681 0.24520779
vt 0.48804799 0.20018208
vt 0.47595474 0.20749974
vt 0.46391511 0.21363920
vt 0.45208547 0.21872199
vt 0.45848572 0.23441154
vt 0.46776867 0.19332933
vt 0.45636788 0.19887072
vt 0.44527388 0.20356071
vt 0.43441358 0.20773667
vt 0.44049826 0.22300923
vt 0.44862205 0.18478888
vt 0.43788952 0.18914938
vt 0.42747852 0.19325697
vt 0.41742030 0.19730204
vt 0.42381719 0.21165067
vt 0.43017390 0.17559034
vt 0.41989014 0.17957604
vt 0.41009179 0.18360293
vt 0.40066075 0.18784755
vt 0.40753019 0.20139748
vt 0.41213048 0.16642779
vt 0.40233812 0.17040098
vt 0.39305857 0.17477173
vt 0.38410082 0.17949730
vt 0.39133188 0.19229090
vt 0.39479896 0.15755260
vt 0.38549840 0.16187847
vt 0.37668914 0.16670477
vt 0.36817366 0.17211622
vt 0.37512553 0.18456984
vt 0.37818554 0.14876443
vt 0.36940360 0.15363908
vt 0.36125043 0.15943104
vt 0.35268623 0.16673136
vt 0.35943118 0.17831576
vt 0.36235794 0.14012468
vt 0.35002154 0.18558192
vt 0.35646522 0.19582325
vt 0.36600062 0.18990356
vt 0.34339914 0.17577708
vt 0.33418134 0.18465698
vt 0.34043610 0.19306028
vt 0.32757020 0.17691982
vt 0.31896544 0.18586999
vt 0.32501176 0.19270670
vt 0.32064036 0.17017233
vt 0.31272170 0.17969841
vt 0.30493751 0.18741524
vt 0.31048435 0.19346589
vt 0.30616441 0.17406726
vt 0.29911479 0.18146455
vt 0.29206595 0.18788242
vt 0.29716527 0.19398224
vt 0.29307494 0.17571211
vt 0.28675684 0.18201590
vt 0.28018081 0.18821979
vt 0.28492433 0.19396210
vt 0.28134215 0.17676616
vt 0.27521357 0.18301123
vt 0.26841581 0.18950456
vt 0.27319011 0.19454831
vt 0.27025071 0.17852724
vt 0.26351064 0.18522543
vt 0.26577106 0.20069772
vt 0.26983219 0.20605576
vt 0.27754340 0.20005465
vt 0.27337882 0.21165776
vt 0.28148755 0.20586079
vt 0.28938466 0.19999903
vt 0.28526434 0.21168894
vt 0.29368803 0.20605463
vt 0.30207628 0.20007360
vt 0.29799789 0.21195924
vt 0.30695090 0.20616889
vt 0.31594130 0.19982767
vt 0.31196800 0.21248025
vt 0.32141763 0.20660424
vt 0.33090633 0.20013529
vt 0.32698864 0.21391940
vt 0.33679199 0.20818740
vt 0.34660438 0.20205694
vt 0.34260431 0.21683544
vt 0.35274285 0.21153527
vt 0.36265677 0.20644140
vt 0.35763386 0.22208619
vt 0.36772963 0.21795106
vt 0.37778527 0.21383232
vt 0.37233719 0.20160818
vt 0.38775021 0.20972133
vt 0.38190907 0.19691294
vt 0.39767730 0.20555007
vt 0.39234683 0.22286177
vt 0.40285692 0.21918702
vt 0.41334307 0.21545190
vt 0.40696290 0.23329574
vt 0.41810799 0.23007464
vt 0.42923662 0.22670209
vt 0.42179593 0.24528563
vt 0.43375468 0.24239171
vt 0.44592765 0.23881185
vt 0.43772143 0.25821751
vt 0.45113426 0.25487471
vt 0.46478656 0.25057852
vt 0.45584768 0.27119088
vt 0.47100616 0.26746881
vt 0.45885715 0.28772736
vt 0.47578582 0.28503692
vt 0.46004367 0.30490071
vt 0.47755638 0.30350560
vt 0.46006006 0.32368070
vt 0.47742212 0.32368994
vt 0.49601889 0.32443738
vt 0.51650780 0.32664788
vt 0.47643641 0.34534049
vt 0.49520332 0.34765339
vt 0.51528770 0.35098642
vt 0.53677684 0.35541373
vt 0.53920376 0.33056784
vt 0.49303603 0.37191683
vt 0.51277739 0.37624794
vt 0.53385526 0.38104165
vt 0.55621552 0.38622963
vt 0.55922288 0.36069936
vt 0.50924617 0.40254521
vt 0.53051269 0.40759087
vt 0.55331999 0.41247171
vt 0.57745093 0.41681236
vt 0.57953858 0.39124519
vt 0.52656871 0.43484128
vt 0.55016381 0.43941408
vt 0.57521355 0.44329125
vt 0.60119241 0.44604379
vt 0.60245109 0.42031759
vt 0.54666108 0.46737367
vt 0.57268322 0.47099149
vt 0.59974599 0.47325110
vt 0.62740016 0.47370154
vt 0.62781960 0.44740242
vt 0.57016104 0.49998146
vt 0.59850311 0.50206572
vt 0.62730706 0.50227106
vt 0.65629423 0.50001389
vt 0.87631047 0.62707043
vt 0.59832406 0.53232753
vt 0.62909192 0.53242171
vt 0.66002202 0.53013659
vt 0.86678195 0.62353408
vt 0.86301100 0.63273042
vt 0.87109363 0.63559711
vt 0.63405329 0.56303251
vt 0.66923362 0.55934030
vt 0.85753453 0.62236047
vt 0.64316726 0.59303081
vt 0.68365061 0.58692515
vt 0.84878892 0.62312454
vt 0.69732893 0.61600029
vt 0.84023046 0.62400931
vt 0.83885628 0.63553417
vt 0.65233529 0.62097132
vt 0.65713036 0.64942133
vt 0.70566070 0.64680505
vt 0.83195329 0.62398899
vt 0.60446817 0.59373248
vt 0.60861117 0.62143928
vt 0.61070031 0.64846432
vt 0.61030108 0.67651582
vt 0.65848541 0.67998326
vt 0.56723464 0.61736280
vt 0.56682879 0.64403021
vt 0.56511045 0.67069244
vt 0.56158477 0.69844556
vt 0.60718590 0.70564795
vt 0.52606636 0.63635904
vt 0.52317643 0.66290694
vt 0.51965928 0.69013262
vt 0.51517457 0.71871477
vt 0.55619836 0.72720617
vt 0.48491460 0.65290880
vt 0.48156264 0.68069720
vt 0.47795188 0.71005428
vt 0.47324044 0.74159330
vt 0.50879180 0.74931306
vt 0.44741559 0.67164034
vt 0.44491428 0.70239490
vt 0.44204307 0.73509818
vt 0.43660912 0.77130008
vt 0.46614978 0.77729630
vt 0.41579175 0.69666243
vt 0.41389328 0.72965372
vt 0.40977246 0.76528305
vt 0.40114853 0.80481273
vt 0.42690474 0.81145006
vt 0.38792473 0.72503614
vt 0.38488364 0.75942159
vt 0.37740877 0.79758286
vt 0.36297640 0.84051371
vt 0.38589349 0.84877539
vt 0.36099085 0.75352985
vt 0.35485765 0.78944707
vt 0.34195736 0.83063072
vt 0.34081933 0.88649654
vt 0.33314705 0.78108680
vt 0.32247430 0.81950426
vt 0.31148157 0.77257442
vt 0.30292258 0.80653906
vt 0.28919470 0.76431036
vt 0.28278905 0.79317081
vt 0.26813546 0.82211339
vt 0.24401918 0.84610701
vt 0.26110655 0.78102559
vt 0.24984024 0.80379462
vt 0.23169985 0.82375067
vt 0.20476064 0.83986932
vt 0.21090959 0.86420375
vt 0.23017935 0.78865862
vt 0.21659184 0.80539912
vt 0.19632998 0.81966197
vt 0.17062302 0.82763517
vt 0.17350598 0.84919804
vt 0.20058116 0.78910506
vt 0.18616489 0.80103528
vt 0.16559920 0.80802560
vt 0.14225796 0.80742598
vt 0.14187855 0.82624549
vt 0.17507134 0.78552616
vt 0.16030271 0.79197866
vt 0.14230023 0.79194140
vt 0.12426053 0.78249764
vt 0.11918004 0.79607904
vt 0.15448777 0.77814424
vt 0.14166301 0.77787125
vt 0.12901801 0.77094984
vt 0.11959900 0.75787836
vt 0.11082374 0.76475215
vt 0.14144373 0.76680011
vt 0.99813521 0.50156534
vt 0.12526473 0.74085796
vt 0.99766332 0.55015522
vt 0.11629070 0.74073106
vt 0.12707686 0.75279498
vt 0.99775785 0.53340268
vt 0.13310933 0.76193655
vt 0.99802262 0.51709801
vt 0.98451710 0.52060068
vt 0.98539728 0.53534240
vt 0.98594451 0.55042982
vt 0.98566359 0.56553209
vt 0.12862422 0.72873867
vt 0.99810398 0.56723106
vt 0.97189045 0.53737211
vt 0.97266579 0.55050588
vt 0.97218800 0.56349468
vt 0.95855004 0.55107194
vt 0.95827472 0.56209826
vt 0.86514133 0.43548232
vt 0.95701647 0.57284153
vt 0.88058174 0.44002664
vt 0.89051598 0.41920340
vt 0.87132841 0.41498113
vt 0.97080112 0.57615638
vt 0.94392133 0.56163293
vt 0.85948294 0.45571840
vt 0.94289082 0.57059216
vt 0.87214589 0.45923835
vt 0.88489532 0.46402729
vt 0.89520150 0.44601262
vt 0.85471290 0.47633564
vt 0.92819822 0.56886148
vt 0.86608267 0.47794777
vt 0.87732643 0.48047352
vt 0.88841569 0.48451060
vt 0.89695930 0.46988004
vt 0.86391294 0.49531215
vt 0.87352395 0.49552613
vt 0.88269889 0.49761504
vt 0.89072651 0.50134778
vt 0.89798605 0.48990858
vt 0.87217122 0.50798661
vt 0.87929624 0.50892174
vt 0.88547242 0.51130706
vt 0.89141792 0.51484907
vt 0.89788550 0.50627792
vt 0.87760121 0.51767468
vt 0.90410709 0.51191938
vt 0.91327924 0.50359535
vt 0.90629715 0.49634326
vt 0.89717138 0.51926512
vt 0.90207416 0.52403373
vt 0.90944326 0.51818097
vt 0.91379344 0.52485025
vt 0.92366773 0.51946878
vt 0.91901839 0.51136696
vt 0.90604484 0.52921134
vt 0.90884465 0.53498483
vt 0.91704774 0.53197014
vt 0.90052086 0.53246373
vt 0.90306765 0.53687537
vt 0.90347701 0.54179907
vt 0.91004103 0.54119384
vt 0.89892930 0.53771609
vt 0.89923751 0.54099512
vt 0.89781493 0.54334694
vt 0.89650846 0.54024196
vt 0.89500356 0.54531634
vt 0.91941261 0.54629910
vt 0.91898811 0.53917360
vt 0.93091482 0.54487079
vt 0.92976213 0.53627557
vt 0.92724252 0.52776897
vt 0.94213605 0.53251928
vt 0.93944657 0.52260041
vt 0.93573093 0.51298267
vt 0.95324755 0.51699436
vt 0.94963139 0.50571644
vt 0.94495344 0.49451643
vt 0.93089765 0.50341529
vt 0.93867743 0.48319328
vt 0.92482114 0.49395061
vt 0.93048966 0.47211665
vt 0.91708517 0.48499393
vt 0.92032719 0.46209908
vt 0.90778351 0.47690511
vt 0.90846640 0.45325810
vt 0.93625933 0.44436800
vt 0.92388391 0.43300867
vt 0.90890872 0.42432070
vt 0.94576806 0.40838110
vt 0.92849416 0.39581871
vt 0.90181124 0.39428097
vt 0.16762355 0.71556365
vt 0.95600724 0.35824788
vt 0.87744838 0.39365345
vt 0.98461771 0.58007389
vt 0.13292214 0.71107697
vt 0.12148505 0.72402620
vt 0.13540480 0.71918088
vt 0.88219929 0.37162179
vt 0.99813521 0.58498943
vt 0.12795809 0.70290470
vt 0.11313558 0.71889985
vt 0.10607080 0.74108875
vt 0.10237069 0.71342039
vt 0.09407856 0.74231672
vt 0.10131582 0.77338320
vt 0.11411238 0.81135893
vt 0.10935768 0.83055067
vt 0.50237799 0.02197200
vt 0.14006519 0.84742165
vt 0.51923424 0.01801014
vt 0.12129705 0.69436836
vt 0.11304998 0.68542928
vt 0.14265975 0.68341517
vt 0.13694508 0.67196107
vt 0.13157669 0.66058648
vt 0.10491234 0.67563903
vt 0.12613565 0.64856470
vt 0.09791778 0.66343606
vt 0.12088859 0.63588774
vt 0.09227072 0.65043205
vt 0.06502686 0.67120898
vt 0.08741785 0.63620669
vt 0.05896327 0.65436935
vt 0.03295119 0.67604291
vt 0.40995035 0.01675123
vt 0.08362179 0.62151968
vt 0.05477762 0.63729995
vt 0.02730668 0.65668702
vt 0.39855281 0.01676738
vt 0.08007477 0.60651433
vt 0.05169070 0.62044108
vt 0.07585045 0.59112036
vt 0.10595887 0.59510422
vt 0.10085192 0.58091825
vt 0.09587118 0.56682444
vt 0.12541369 0.57157969
vt 0.12047531 0.55813414
vt 0.11576861 0.54486877
vt 0.14400889 0.54920048
vt 0.13962686 0.53626651
vt 0.13556263 0.52370894
vt 0.16237561 0.52732527
vt 0.15838796 0.51477611
vt 0.15431698 0.50263214
vt 0.17904438 0.50564241
vt 0.17449731 0.49330795
vt 0.16947199 0.48160869
vt 0.19193679 0.48391068
vt 0.18608360 0.47204638
vt 0.17952405 0.46101832
vt 0.20047323 0.46287203
vt 0.19319814 0.45179844
vt 0.18516979 0.44144136
vt 0.20556399 0.44337738
vt 0.19721055 0.43321568
vt 0.21737465 0.43544239
vt 0.20875570 0.42606378
vt 0.22923881 0.42731655
vt 0.22104701 0.41861576
vt 0.21312857 0.41053981
vt 0.23344719 0.41033626
vt 0.22612727 0.40267450
vt 0.21879883 0.39508367
vt 0.20575722 0.40300882
vt 0.21101652 0.38734883
vt 0.19849584 0.39548147
vt 0.20392714 0.38033110
vt 0.19082685 0.38755649
vt 0.19622454 0.37373793
vt 0.21415469 0.37119520
vt 0.20696285 0.36553544
vt 0.19960418 0.36024076
vt 0.18830851 0.36776483
vt 0.19229946 0.35519987
vt 0.18064651 0.36244899
vt 0.16731586 0.36888939
vt 0.17359143 0.35783130
vt 0.16117494 0.36533988
vt 0.15107584 0.37426728
vt 0.15604709 0.37717265
vt 0.14453258 0.38429403
vt 0.15101144 0.38762480
vt 0.14067991 0.39396816
vt 0.15209192 0.39871943
vt 0.13778955 0.40279132
vt 0.15277664 0.40866697
vt 0.13286042 0.41085511
vt 0.14657423 0.41723764
vt 0.12879467 0.39769554
vt 0.12362413 0.40505654
vt 0.12242206 0.39337242
vt 0.11723845 0.40005606
vt 0.11687728 0.38931084
vt 0.12741221 0.38613832
vt 0.12176292 0.38258362
vt 0.11648159 0.37929207
vt 0.12752604 0.37444198
vt 0.12198676 0.37127465
vt 0.11643023 0.36822486
vt 0.11153878 0.37638479
vt 0.11037318 0.36515713
vt 0.12229482 0.35889512
vt 0.11537289 0.35565925
vt 0.10696875 0.35242021
vt 0.10208953 0.36142260
vt 0.09662628 0.34988600
vt 0.09228285 0.35811865
vt 0.08802718 0.36478978
vt 0.08181082 0.35689855
vt 0.08288465 0.36980450
vt 0.99070895 0.10599393
vt 0.08472127 0.34914678
vt 0.07242784 0.35173166
vt 0.08813825 0.34019959
vt 0.07330639 0.34333634
vt 0.05965764 0.35128433
vt 0.07441999 0.33401644
vt 0.05755364 0.34396291
vt 0.04482128 0.35859257
vt 0.05533458 0.33599818
vt 0.04014463 0.35377717
vt 0.03262815 0.37428600
vt 0.03559313 0.34882599
vt 0.02659138 0.37225616
vt 0.02678865 0.39751917
vt 0.03069158 0.34354413
vt 0.04962498 0.32087469
vt 0.04627166 0.31317359
vt 0.05266103 0.32816911
vt 0.07513714 0.31453037
vt 0.07440712 0.30465549
vt 0.07526441 0.32419366
vt 0.09511755 0.31971502
vt 0.09791645 0.30881250
vt 0.09169506 0.33025622
vt 0.10672833 0.33037156
vt 0.11161221 0.32031572
vt 0.10152750 0.34043080
vt 0.11290351 0.34266275
vt 0.11933597 0.33262348
vt 0.12976988 0.33538383
vt 0.13672659 0.32528269
vt 0.12535101 0.32246965
vt 0.12217771 0.34561056
vt 0.12991877 0.34876609
vt 0.13852687 0.33859265
vt 0.14631416 0.34215927
vt 0.15554565 0.33307225
vt 0.14670861 0.32896131
vt 0.13684823 0.35202080
vt 0.14331530 0.35529584
vt 0.15357368 0.34590292
vt 0.12854061 0.36203945
vt 0.13449274 0.36515224
vt 0.14025241 0.36825848
vt 0.14945807 0.35862565
vt 0.13312238 0.37765104
vt 0.13879889 0.38094264
vt 0.14581056 0.37132221
vt 0.13348165 0.38989943
vt 0.15536292 0.36198366
vt 0.16694403 0.35364330
vt 0.16036513 0.34969682
vt 0.17850439 0.34584105
vt 0.17147736 0.34146929
vt 0.16389626 0.33730173
vt 0.18011650 0.33314842
vt 0.17186716 0.32886451
vt 0.16306259 0.32457316
vt 0.17735219 0.31986880
vt 0.16848414 0.31553549
vt 0.15875144 0.31088233
vt 0.15353699 0.31991321
vt 0.14780964 0.30617452
vt 0.14279792 0.31558573
vt 0.13546821 0.30203742
vt 0.13058947 0.31231034
vt 0.12047400 0.29896367
vt 0.11609982 0.30991662
vt 0.10060829 0.29738706
vt 0.12474111 0.28694022
vt 0.10279263 0.28524947
vt 0.07307789 0.29445159
vt 0.07065143 0.28429204
vt 0.16201206 0.14712334
vt 0.04225884 0.30527747
vt 0.17789248 0.12290281
vt 0.10328522 0.27189386
vt 0.14682305 0.17138261
vt 0.10457977 0.25711256
vt 0.15630718 0.17827678
vt 0.12816514 0.27332693
vt 0.13084663 0.25727695
vt 0.13079084 0.23797423
vt 0.16579668 0.20660657
vt 0.10337209 0.24177980
vt 0.16795298 0.18311626
vt 0.14968303 0.26074773
vt 0.15373690 0.23914880
vt 0.16784014 0.22678983
vt 0.18684131 0.21819317
vt 0.17355937 0.24510276
vt 0.19197303 0.23109579
vt 0.20844001 0.22034973
vt 0.19826305 0.24227452
vt 0.21256763 0.23095387
vt 0.20355919 0.25166869
vt 0.21573819 0.24039799
vt 0.22725166 0.23125708
vt 0.21887240 0.24933445
vt 0.22893076 0.24054801
vt 0.23791172 0.23379558
vt 0.23699401 0.22467029
vt 0.24557948 0.22895068
vt 0.24366045 0.22095454
vt 0.25182182 0.22546387
vt 0.24908426 0.21850222
vt 0.24653864 0.21164125
vt 0.25477517 0.21571100
vt 0.24565357 0.20216125
vt 0.25785926 0.22192419
vt 0.26525927 0.21719807
vt 0.26187670 0.21149296
vt 0.27680171 0.21725458
vt 0.28031489 0.22268981
vt 0.28914806 0.21740633
vt 0.28426507 0.22793150
vt 0.29333037 0.22304231
vt 0.30257463 0.21790636
vt 0.29773933 0.22884506
vt 0.30731910 0.22411197
vt 0.31713241 0.21917009
vt 0.31196883 0.23063362
vt 0.32217029 0.22634435
vt 0.33248064 0.22185504
vt 0.32629022 0.23400855
vt 0.33674800 0.23029315
vt 0.34727216 0.22623616
vt 0.33974442 0.23956913
vt 0.35035098 0.23651910
vt 0.36087969 0.23328090
vt 0.35238799 0.24715447
vt 0.36317036 0.24469262
vt 0.37400100 0.24204367
vt 0.37136656 0.22991687
vt 0.38493988 0.23925585
vt 0.38186264 0.22644377
vt 0.39591971 0.23634225
vt 0.38689661 0.25233251
vt 0.39835140 0.25016415
vt 0.41000369 0.24783021
vt 0.39968425 0.26421601
vt 0.41189307 0.26258171
vt 0.42458275 0.26064152
vt 0.41310108 0.27715200
vt 0.42664796 0.27574420
vt 0.44097853 0.27388465
vt 0.42790148 0.29084277
vt 0.44292215 0.28953600
vt 0.42842668 0.30672199
vt 0.44371733 0.30604959
vt 0.42813602 0.32350820
vt 0.44360214 0.32375634
vt 0.42688197 0.34119105
vt 0.44254690 0.34264189
vt 0.45898288 0.34383219
vt 0.44047660 0.36256433
vt 0.45696515 0.36536056
vt 0.47448009 0.36840641
vt 0.45318279 0.38794684
vt 0.47080800 0.39261019
vt 0.48925298 0.39745653
vt 0.46515054 0.41722548
vt 0.48415029 0.42362982
vt 0.50466675 0.42949075
vt 0.47779855 0.44958752
vt 0.49918103 0.45666993
vt 0.52203804 0.46264720
vt 0.49272797 0.48394191
vt 0.51703215 0.49091172
vt 0.54289967 0.49625880
vt 0.51131153 0.51923954
vt 0.53907400 0.52556729
vt 0.56825942 0.52999079
vt 0.53529757 0.55464143
vt 0.56718433 0.56015801
vt 0.60013241 0.56305814
vt 0.56695700 0.58970273
vt 0.53181082 0.58289397
vt 0.52884132 0.61001611
vt 0.49912044 0.57406002
vt 0.49354681 0.60036284
vt 0.48868737 0.62636387
vt 0.46124044 0.58899719
vt 0.45481443 0.61443621
vt 0.45037749 0.64211893
vt 0.41716236 0.66455185
vt 0.39107168 0.66116285
vt 0.38938090 0.69285166
vt 0.36444581 0.66116714
vt 0.36398572 0.69082987
vt 0.36326334 0.72118831
vt 0.33882710 0.69025016
vt 0.33893418 0.71818346
vt 0.33768049 0.74790120
vt 0.31485471 0.71582639
vt 0.31450382 0.74279308
vt 0.29116604 0.71376419
vt 0.29117009 0.73812532
vt 0.26801190 0.71188712
vt 0.26796958 0.73371857
vt 0.26638791 0.75693023
vt 0.24593303 0.72936058
vt 0.24443071 0.75021034
vt 0.23946512 0.77040827
vt 0.22393541 0.74320185
vt 0.21947737 0.76032484
vt 0.21141663 0.77553743
vt 0.20184487 0.75128555
vt 0.19530539 0.76412368
vt 0.18643101 0.77556252
vt 0.18189122 0.75522357
vt 0.17475222 0.76531261
vt 0.16566969 0.77344573
vt 0.16527607 0.75843680
vt 0.99525088 0.45142090
vt 0.15016024 0.76738048
vt 0.99802125 0.48638546
vt 0.15832484 0.76451230
vt 0.99718249 0.47012603
vt 0.97838557 0.47626400
vt 0.98130614 0.49161857
vt 0.98324728 0.50616252
vt 0.96508449 0.49845040
vt 0.96812296 0.51135796
vt 0.97031111 0.52422971
vt 0.95592159 0.52824962
vt 0.95774561 0.53979689
vt 0.94379795 0.54253590
vt 0.94435614 0.55235237
vt 0.93075031 0.55332422
vt 0.92959154 0.56110895
vt 0.91833371 0.55275810
vt 0.91645700 0.55895376
vt 0.85441375 0.49581385
vt 0.91472870 0.56501114
vt 0.96082276 0.48508209
vt 0.97381550 0.45962888
vt 0.95485109 0.47143286
vt 0.96695065 0.44222236
vt 0.94665474 0.45764291
vt 0.95777494 0.42431718
vt 0.17044431 0.74996662
vt 0.99150950 0.43003619
vt 0.17287736 0.72942460
vt 0.97594517 0.38410944
vt 0.17304875 0.74065208
vt 0.98588276 0.40826726
vt 0.18670265 0.74403143
vt 0.20541678 0.73641586
vt 0.22507462 0.72474217
vt 0.20578410 0.71971756
vt 0.22455989 0.70771313
vt 0.20467292 0.70525777
vt 0.22394060 0.69167411
vt 0.20391035 0.69125855
vt 0.18531331 0.69083774
vt 0.20315416 0.67656898
vt 0.18390845 0.67711759
vt 0.16399871 0.67862320
vt 0.16762102 0.69084251
vt 0.14739403 0.69418418
vt 0.18176876 0.66322041
vt 0.16021490 0.66587317
vt 0.17922048 0.64863276
vt 0.15650356 0.65264481
vt 0.17536294 0.63360679
vt 0.15216158 0.63934690
vt 0.17019047 0.61872482
vt 0.14694618 0.62600374
vt 0.16452993 0.60434878
vt 0.14149056 0.61230063
vt 0.11581216 0.62244660
vt 0.13605136 0.59875798
vt 0.11099252 0.60894465
vt 0.13063303 0.58517063
vt 0.15896122 0.59008360
vt 0.15368104 0.57614982
vt 0.14866966 0.56249934
vt 0.17533942 0.56784832
vt 0.17076215 0.55390894
vt 0.16646224 0.54037642
vt 0.19179945 0.54581332
vt 0.18759120 0.53181517
vt 0.18342000 0.51843411
vt 0.20711984 0.52333939
vt 0.20244262 0.50954026
vt 0.19742405 0.49639899
vt 0.21955252 0.50054842
vt 0.21360464 0.48718822
vt 0.20726775 0.47466207
vt 0.22820292 0.47806680
vt 0.22113268 0.46562666
vt 0.21354599 0.45409787
vt 0.23376387 0.45676833
vt 0.22571017 0.44562906
vt 0.24569322 0.44775641
vt 0.23749830 0.43701738
vt 0.25712812 0.43854439
vt 0.24889493 0.42795837
vt 0.24100447 0.41863114
vt 0.25986540 0.41872102
vt 0.25222799 0.40955967
vt 0.24504772 0.40151751
vt 0.26266503 0.40032858
vt 0.25562724 0.39239126
vt 0.24890833 0.38553125
vt 0.23830380 0.39420927
vt 0.26537004 0.38313752
vt 0.25869989 0.37618464
vt 0.27409434 0.37377042
vt 0.26724598 0.36679441
vt 0.26058850 0.36051184
vt 0.27428934 0.35769218
vt 0.26713654 0.35141051
vt 0.26000777 0.34562945
vt 0.25417721 0.35498595
vt 0.25275156 0.34023720
vt 0.24781100 0.34994572
vt 0.24548535 0.33499688
vt 0.24100220 0.34495586
vt 0.23517428 0.35619324
vt 0.23413226 0.34009421
vt 0.22866128 0.35107505
vt 0.22190796 0.36163276
vt 0.22201179 0.34618402
vt 0.21524246 0.35639495
vt 0.21527296 0.34158665
vt 0.20841804 0.35149401
vt 0.20831226 0.33713776
vt 0.20152661 0.34675431
vt 0.20118295 0.33276117
vt 0.19473019 0.34215015
vt 0.18529581 0.35040593
vt 0.18769126 0.33761853
vt 0.19374856 0.32845205
vt 0.18586676 0.32414597
vt 0.19806071 0.31843358
vt 0.19001380 0.31405652
vt 0.18163659 0.30960351
vt 0.19420919 0.30313563
vt 0.18627141 0.29821253
vt 0.17792970 0.29306829
vt 0.17300096 0.30503720
vt 0.16890942 0.28779203
vt 0.16366942 0.30030876
vt 0.15842575 0.28238684
vt 0.15287577 0.29519165
vt 0.14516050 0.27723676
vt 0.14039709 0.29054856
vt 0.16423649 0.26648879
vt 0.17522137 0.27332234
vt 0.18420269 0.25638825
vt 0.18407585 0.27972436
vt 0.19229332 0.26516998
vt 0.19199613 0.28580278
vt 0.19927067 0.27268678
vt 0.20859607 0.26016569
vt 0.20575671 0.27941579
vt 0.21362157 0.26792163
vt 0.22238711 0.25784791
vt 0.21878561 0.27510655
vt 0.22628441 0.26589924
vt 0.23399962 0.25797749
vt 0.23116949 0.24948615
vt 0.24163167 0.25103867
vt 0.23950575 0.24255753
vt 0.24910909 0.24490553
vt 0.24727380 0.23679310
vt 0.24425852 0.25911319
vt 0.25123259 0.25305873
vt 0.24734850 0.26659840
vt 0.25376925 0.26055682
vt 0.26047644 0.25520766
vt 0.25662687 0.26732635
vt 0.26289383 0.26176077
vt 0.26984185 0.25683081
vt 0.26734808 0.25068676
vt 0.27761203 0.25246912
vt 0.27451831 0.24692285
vt 0.27092069 0.24106634
vt 0.28301808 0.24300820
vt 0.27922329 0.23758835
vt 0.29239783 0.23897493
vt 0.28836933 0.23338735
vt 0.30212396 0.23486936
vt 0.29608437 0.24470717
vt 0.30609217 0.24121481
vt 0.31610975 0.23759878
vt 0.30918908 0.24792486
vt 0.31923771 0.24525326
vt 0.32935062 0.24241889
vt 0.32132989 0.25344330
vt 0.33142340 0.25146103
vt 0.34175524 0.24939525
vt 0.33270791 0.26088363
vt 0.34296054 0.25952286
vt 0.35360137 0.25797921
vt 0.34349981 0.27002007
vt 0.35414061 0.26915634
vt 0.36505210 0.26812303
vt 0.36449996 0.25627685
vt 0.37626591 0.26695555
vt 0.37560886 0.25437295
vt 0.38782275 0.26565301
vt 0.37635204 0.27978861
vt 0.38805318 0.27912652
vt 0.40029377 0.27825916
vt 0.38801214 0.29274684
vt 0.40057904 0.29241014
vt 0.41381288 0.29178840
vt 0.40049824 0.30693662
vt 0.41404784 0.30698448
vt 0.39964077 0.32192528
vt 0.41347802 0.32286996
vt 0.39774373 0.33736515
vt 0.41190922 0.33938426
vt 0.39495280 0.35318947
vt 0.40942287 0.35635686
vt 0.42460334 0.35954833
vt 0.40585122 0.37382746
vt 0.42087683 0.37854236
vt 0.43665645 0.38329381
vt 0.41513783 0.39816153
vt 0.43070337 0.40446359
vt 0.44716242 0.41084397
vt 0.42296517 0.42567569
vt 0.43959635 0.43369853
vt 0.45792413 0.44179338
vt 0.43081269 0.45624834
vt 0.44955409 0.46608949
vt 0.47024861 0.47544199
vt 0.44025120 0.48976117
vt 0.46163693 0.50082099
vt 0.48541304 0.51087070
vt 0.45243606 0.52580947
vt 0.47747764 0.53721392
vt 0.50514728 0.54703635
vt 0.46914268 0.56332016
vt 0.44287086 0.55066633
vt 0.43018004 0.51318628
vt 0.41995215 0.53683686
vt 0.41097096 0.50007546
vt 0.40003514 0.52180970
vt 0.39365134 0.48671609
vt 0.38251880 0.50632608
vt 0.37040985 0.52531928
vt 0.36683613 0.49137580
vt 0.35493398 0.50837243
vt 0.34148932 0.52393496
vt 0.35611990 0.54226100
vt 0.32546192 0.53796613
vt 0.33749360 0.55664641
vt 0.34963325 0.57808805
vt 0.36002067 0.60308290
vt 0.31646764 0.56871653
vt 0.32528836 0.58923256
vt 0.33231860 0.61212099
vt 0.33641070 0.63708878
vt 0.36348408 0.63151324
vt 0.30171099 0.59830320
vt 0.30731681 0.61956793
vt 0.31113026 0.64227915
vt 0.31317881 0.66593981
vt 0.33822957 0.66329426
vt 0.28383008 0.62596095
vt 0.28722879 0.64699358
vt 0.28918499 0.66866446
vt 0.29030755 0.69073784
vt 0.31425244 0.69039977
vt 0.26451713 0.65132999
vt 0.26625088 0.67138159
vt 0.26723304 0.69136953
vt 0.24430224 0.67362344
vt 0.24504943 0.69187629
vt 0.24577457 0.71001530
vt 0.22328268 0.67536533
vt 0.24277966 0.65515977
vt 0.22205478 0.65851963
vt 0.20202279 0.66126990
vt 0.21957724 0.64116180
vt 0.19982916 0.64521348
vt 0.21577580 0.62387812
vt 0.19592230 0.62880486
vt 0.21088460 0.60700029
vt 0.19099295 0.61279625
vt 0.20566078 0.59093547
vt 0.18541162 0.59730303
vt 0.20077990 0.57544369
vt 0.18016508 0.58230746
vt 0.19620299 0.56034994
vt 0.22097039 0.56866264
vt 0.21619222 0.55296373
vt 0.21162075 0.53784490
vt 0.23543891 0.54536879
vt 0.23024814 0.52978635
vt 0.22502889 0.51478517
vt 0.24772428 0.52128488
vt 0.24149835 0.50606573
vt 0.23497947 0.49162871
vt 0.25669578 0.49691218
vt 0.24917528 0.48257083
vt 0.24156761 0.46911883
vt 0.26230001 0.47304320
vt 0.25396353 0.45991570
vt 0.27444097 0.46288085
vt 0.26562938 0.45027679
vt 0.28578800 0.45209181
vt 0.27665678 0.44016749
vt 0.26801547 0.42901212
vt 0.28715795 0.42958009
vt 0.27841946 0.41909039
vt 0.27023855 0.40927213
vt 0.28833622 0.40886331
vt 0.28005174 0.39957362
vt 0.27241752 0.39095885
vt 0.28918278 0.38968629
vt 0.28133985 0.38141930
vt 0.29731718 0.37964457
vt 0.28915605 0.37181193
vt 0.28157884 0.36446142
vt 0.29592988 0.36229819
vt 0.28791931 0.35534608
vt 0.28006321 0.34892136
vt 0.29326531 0.34662670
vt 0.28470662 0.34055370
vt 0.27629355 0.33484322
vt 0.27228442 0.34293526
vt 0.26812887 0.32952732
vt 0.26451233 0.33729029
vt 0.26018068 0.32412893
vt 0.25671321 0.33180779
vt 0.25265852 0.31836081
vt 0.24920137 0.32624835
vt 0.24573320 0.31260723
vt 0.24213409 0.32082379
vt 0.23841998 0.32994497
vt 0.23521800 0.31576699
vt 0.23145717 0.32516032
vt 0.22732243 0.33544177
vt 0.22445595 0.32073790
vt 0.22040270 0.33105004
vt 0.21720891 0.31650102
vt 0.21324684 0.32684082
vt 0.20967931 0.31226492
vt 0.20583120 0.32268178
vt 0.20198055 0.30786401
vt 0.21350670 0.30178940
vt 0.20643371 0.29680324
vt 0.19935061 0.29150665
vt 0.21203439 0.28563118
vt 0.21829922 0.29146284
vt 0.22412015 0.28184950
vt 0.22489828 0.29698765
vt 0.22978501 0.28819591
vt 0.23534751 0.28034490
vt 0.23058082 0.27337062
vt 0.24120666 0.27319634
vt 0.23735657 0.26588976
vt 0.24053460 0.28682160
vt 0.24558836 0.28000343
vt 0.25092620 0.27350354
vt 0.25058621 0.28631198
vt 0.25502732 0.27978384
vt 0.25986150 0.27346981
vt 0.25974062 0.28536814
vt 0.26354057 0.27900523
vt 0.26793009 0.27328199
vt 0.26535696 0.26772678
vt 0.27390090 0.26785105
vt 0.27210155 0.26251191
vt 0.28224614 0.26307034
vt 0.28022280 0.25784582
vt 0.29181740 0.25953436
vt 0.28943598 0.25392711
vt 0.28645340 0.24845248
vt 0.29919437 0.25073856
vt 0.30163717 0.25724936
vt 0.31141514 0.25537252
vt 0.30324805 0.26419252
vt 0.31289637 0.26321191
vt 0.32268614 0.26210469
vt 0.31363267 0.27145934
vt 0.32330179 0.27118593
vt 0.33322483 0.27071750
vt 0.32313570 0.28053576
vt 0.33308017 0.28074282
vt 0.34348211 0.28073287
vt 0.33227086 0.29079098
vt 0.34277952 0.29149234
vt 0.35364747 0.29215044
vt 0.35418451 0.28057945
vt 0.36469758 0.29266089
vt 0.36511794 0.28027713
vt 0.37609977 0.29286003
vt 0.36375046 0.30504805
vt 0.37542504 0.30602860
vt 0.38766205 0.30661845
vt 0.37410292 0.31925625
vt 0.38654280 0.32073987
vt 0.37195045 0.33270675
vt 0.38445419 0.33516961
vt 0.36895934 0.34661734
vt 0.38142258 0.35001689
vt 0.36521530 0.36078292
vt 0.37797624 0.36518461
vt 0.39154890 0.36936992
vt 0.37320194 0.38045400
vt 0.38649806 0.38616359
vt 0.40036848 0.39201581
vt 0.37914851 0.40273279
vt 0.39288673 0.41017109
vt 0.40746349 0.41781604
vt 0.38390717 0.42774606
vt 0.39840537 0.43701947
vt 0.41399258 0.44650531
vt 0.38845551 0.45556104
vt 0.40410343 0.46683723
vt 0.42116770 0.47828090
vt 0.37790173 0.47363883
vt 0.37404045 0.44467992
vt 0.36359155 0.46116281
vt 0.35271308 0.47729731
vt 0.35042864 0.44926000
vt 0.33982372 0.46413177
vt 0.32868981 0.47858310
vt 0.34116784 0.49288064
vt 0.31661123 0.49243665
vt 0.32845479 0.50756359
vt 0.30321664 0.50543469
vt 0.31396005 0.52115548
vt 0.28821701 0.51730317
vt 0.29745194 0.53334618
vt 0.30699807 0.55030632
vt 0.27932736 0.54397941
vt 0.28713015 0.56083655
vt 0.29477325 0.57877374
vt 0.26676315 0.56985343
vt 0.27316651 0.58729583
vt 0.27901703 0.60599554
vt 0.25196439 0.59463459
vt 0.25719175 0.61263645
vt 0.26148146 0.63162494
vt 0.23614627 0.61852539
vt 0.24008018 0.63667834
vt 0.23121890 0.60104644
vt 0.24634477 0.57767975
vt 0.22598271 0.58461893
vt 0.24078462 0.56134611
vt 0.26029035 0.55320108
vt 0.25395349 0.53707087
vt 0.27165172 0.52779984
vt 0.26415458 0.51208770
vt 0.27935636 0.50186908
vt 0.27073741 0.48703718
vt 0.29315823 0.49050218
vt 0.28359970 0.47630358
vt 0.30568159 0.47822672
vt 0.29544979 0.46479791
vt 0.31718463 0.46525151
vt 0.30649164 0.45268118
vt 0.29650289 0.44078028
vt 0.31701797 0.44018143
vt 0.30679518 0.42914569
vt 0.29724857 0.41870886
vt 0.31666395 0.41726577
vt 0.30684578 0.40763384
vt 0.29767364 0.39844710
vt 0.31571919 0.39637613
vt 0.30616668 0.38786364
vt 0.32370698 0.38514882
vt 0.31367898 0.37731701
vt 0.30443478 0.36966217
vt 0.32033426 0.36695600
vt 0.31078425 0.35990047
vt 0.30187091 0.35309356
vt 0.31655630 0.35038704
vt 0.30714837 0.34429133
vt 0.29780424 0.33837318
vt 0.31140697 0.33579570
vt 0.30144227 0.33084065
vt 0.29169285 0.32559675
vt 0.28849426 0.33267742
vt 0.27963430 0.32713038
vt 0.28261971 0.32002962
vt 0.27416024 0.31457508
vt 0.27127054 0.32197398
vt 0.29467666 0.31869340
vt 0.28561997 0.31341171
vt 0.27711225 0.30784410
vt 0.26943806 0.30245662
vt 0.26646775 0.30955690
vt 0.28842312 0.30671018
vt 0.27988130 0.30141711
vt 0.27217194 0.29584944
vt 0.26542819 0.29058081
vt 0.26255462 0.29727691
vt 0.28236061 0.29494584
vt 0.27440152 0.28961802
vt 0.26811653 0.28421849
vt 0.27607545 0.28350401
vt 0.27109149 0.27840698
vt 0.27548078 0.27306366
vt 0.28363955 0.26819932
vt 0.29460701 0.27169603
vt 0.29350594 0.26544005
vt 0.30418265 0.27155089
vt 0.29516229 0.27836353
vt 0.30432531 0.27935082
vt 0.31356546 0.28007019
vt 0.30355802 0.28743166
vt 0.31271461 0.28886241
vt 0.32224673 0.28994757
vt 0.31115380 0.29763925
vt 0.32074690 0.29936492
vt 0.33085254 0.30080676
vt 0.31882834 0.30866122
vt 0.32904434 0.31079590
vt 0.33969873 0.31293154
vt 0.34142864 0.30221862
vt 0.35076916 0.31515670
vt 0.35244638 0.30369681
vt 0.36224580 0.31732684
vt 0.34876916 0.32681459
vt 0.36010489 0.32988030
vt 0.34601492 0.33889967
vt 0.35714495 0.34284264
vt 0.34200332 0.35111862
vt 0.35318169 0.35597003
vt 0.33689785 0.36292720
vt 0.34827045 0.36873424
vt 0.36037567 0.37461609
vt 0.34197816 0.38107574
vt 0.35377502 0.38821274
vt 0.36614856 0.39544708
vt 0.34573624 0.40140027
vt 0.35767299 0.40992880
vt 0.37034923 0.41873300
vt 0.34833995 0.42406452
vt 0.36067039 0.43414330
vt 0.33839157 0.43806809
vt 0.33677661 0.41443175
vt 0.32717085 0.42741704
vt 0.32799044 0.45181966
vt 0.32592240 0.40519971
vt 0.33440536 0.39312434
vt 0.33081406 0.37407988
vt 0.32632855 0.35669816
vt 0.33153167 0.34596479
vt 0.32140610 0.34076363
vt 0.33523399 0.33478051
vt 0.32473260 0.33070934
vt 0.31434035 0.32697088
vt 0.30428213 0.32320189
vt 0.32705155 0.32074910
vt 0.31667197 0.31787622
vt 0.30683443 0.31484461
vt 0.29746747 0.31122279
vt 0.30912018 0.30631185
vt 0.29990032 0.30348790
vt 0.29097837 0.29975021
vt 0.30200854 0.29548842
vt 0.29311296 0.29261297
vt 0.28415084 0.28859299
vt 0.29449525 0.28540552
vt 0.33774421 0.32373828
vt 0.25623098 0.29203689
vt 0.25273517 0.29877037
vt 0.25946423 0.30435932
vt 0.24934371 0.30534971
vt 0.25615665 0.31125778
vt 0.26336688 0.31693995
vt 0.24242984 0.29978073
vt 0.23878120 0.30728680
vt 0.24635899 0.29293633
vt 0.23585184 0.29415381
vt 0.23176327 0.30219597
vt 0.22081612 0.30652761
vt 0.22813061 0.31103158
vt 0.17455438 0.87515348
vt 0.13774711 0.90214354
vt 0.53199661 0.03992271
vt 0.17292516 0.90115035
vt 0.13487363 0.93164665
vt 0.53705353 0.05320394
vt 0.16771436 0.93112910
vt 0.55318117 0.04824853
vt 0.56859034 0.06213510
vt 0.57861120 0.08143610
vt 0.59143156 0.08262312
vt 0.58359605 0.10491842
vt 0.59513831 0.10760921
vt 0.60319024 0.08530140
vt 0.58659548 0.12912637
vt 0.59797156 0.13333029
vt 0.60641736 0.11118668
vt 0.58867341 0.15352511
vt 0.60091138 0.15929425
vt 0.60968465 0.13830870
vt 0.59161800 0.17795813
vt 0.60576326 0.18478692
vt 0.61380804 0.16530329
vt 0.59737068 0.20219415
vt 0.61522990 0.20939577
vt 0.62154698 0.19170618
vt 0.60800451 0.22547585
vt 0.62913251 0.23223990
vt 0.63524443 0.21614563
vt 0.59940481 0.24134392
vt 0.62159061 0.24814415
vt 0.64420015 0.25472933
vt 0.65134764 0.23862004
vt 0.58991784 0.25765073
vt 0.61316049 0.26424223
vt 0.63636768 0.27078694
vt 0.65836036 0.27797985
vt 0.66601771 0.26162922
vt 0.60460538 0.28088897
vt 0.62821811 0.28691965
vt 0.65010220 0.29422790
vt 0.64100802 0.31113154
vt 0.66978979 0.30229986
vt 0.93656522 0.72502220
vt 0.67819041 0.28589004
vt 0.93343091 0.74270689
vt 0.61999673 0.30469340
vt 0.61274511 0.32502097
vt 0.63336384 0.33064896
vt 0.59690285 0.29910505
vt 0.59056038 0.31932658
vt 0.58554554 0.34184319
vt 0.60767370 0.34733611
vt 0.57204723 0.29319090
vt 0.56702733 0.31347543
vt 0.56268376 0.33612502
vt 0.58198231 0.36609143
vt 0.60488653 0.37122947
vt 0.60351390 0.39563864
vt 0.62792814 0.39927936
vt 0.62763178 0.37559015
vt 0.62804508 0.42288387
vt 0.65455788 0.42439008
vt 0.90276152 0.64459825
vt 0.65261906 0.40250099
vt 0.91215301 0.65205854
vt 0.65567613 0.44700640
vt 0.89405465 0.63820434
vt 0.88568848 0.64785945
vt 0.89244276 0.65411127
vt 0.65581727 0.47213709
vt 0.88534862 0.63222897
vt 0.87871045 0.64133966
vt 0.87020314 0.64754164
vt 0.87526131 0.65414935
vt 0.86493903 0.64268816
vt 0.88104564 0.66119862
vt 0.90023667 0.66080189
vt 0.90963435 0.66893494
vt 0.91859597 0.68041170
vt 0.65007377 0.35693192
vt 0.93228817 0.67557967
vt 0.65035856 0.37970793
vt 0.92295802 0.66181076
vt 0.62898070 0.35229909
vt 0.65349162 0.33639461
vt 0.93783551 0.69133854
vt 0.92232871 0.69357026
vt 0.92152059 0.70763874
vt 0.66088015 0.31870753
vt 0.93866205 0.70795625
vt 0.90833110 0.69434381
vt 0.90684199 0.70604777
vt 0.90244997 0.71879339
vt 0.91804266 0.72297001
vt 0.89647734 0.73350084
vt 0.91387749 0.73905516
vt 0.89034176 0.74918985
vt 0.90903062 0.75618923
vt 0.90309697 0.77462655
vt 0.68616229 0.26917654
vt 0.92931020 0.76135474
vt 0.69362020 0.25205177
vt 0.92427588 0.78107810
vt 0.67319584 0.24508566
vt 0.65689117 0.22246927
vt 0.65971583 0.20439225
vt 0.63948160 0.19842756
vt 0.66012734 0.18210995
vt 0.64330906 0.17718416
vt 0.62787437 0.17132622
vt 0.64790601 0.15450495
vt 0.63435227 0.14924556
vt 0.62170273 0.14370459
vt 0.64131397 0.12669349
vt 0.62946427 0.12109399
vt 0.61778390 0.11576420
vt 0.63798618 0.10007828
vt 0.62621439 0.09426290
vt 0.61480588 0.08932555
vt 0.63605040 0.07558352
vt 0.62452126 0.06966197
vt 0.61287552 0.06428760
vt 0.31642416 0.93197101
vt 0.62525344 0.04460567
vt 0.34385353 0.94146705
vt 0.63637269 0.05142707
vt 0.36498702 0.89545929
vt 0.37275976 0.94983602
vt 0.64734524 0.05843496
vt 0.39118788 0.90304011
vt 0.41153491 0.85604340
vt 0.41984254 0.90988451
vt 0.43916219 0.86254257
vt 0.45489955 0.81762671
vt 0.46867311 0.86891735
vt 0.48554808 0.82429582
vt 0.49921152 0.78373981
vt 0.51856583 0.83165497
vt 0.53582770 0.79143322
vt 0.54830760 0.75759065
vt 0.57513446 0.80093193
vt 0.59141576 0.76657641
vt 0.60124475 0.73551601
vt 0.63676310 0.77741981
vt 0.64964247 0.74392205
vt 0.65624207 0.71169549
vt 0.70922422 0.71565431
vt 0.81494015 0.62186366
vt 0.70964634 0.67999703
vt 0.82355833 0.62327492
vt 0.82193822 0.63643581
vt 0.83062136 0.63630283
vt 0.83041084 0.64854199
vt 0.83218253 0.66080499
vt 0.70221299 0.75169122
vt 0.80658549 0.61934692
vt 0.68514472 0.78979260
vt 0.79803795 0.61486757
vt 0.78544980 0.61796117
vt 0.61611825 0.81309569
vt 0.65988779 0.82832468
vt 0.78949714 0.60909760
vt 0.59164047 0.85179144
vt 0.55380690 0.84055567
vt 0.53282756 0.88388538
vt 0.56701946 0.89430571
vt 0.49976203 0.87575847
vt 0.48087198 0.92261320
vt 0.51279449 0.93050092
vt 0.44972050 0.91604120
vt 0.46466559 0.97008198
vt 0.67999125 0.07708073
vt 0.40325117 0.95720667
vt 0.65847808 0.06525218
vt 0.64778507 0.08210576
vt 0.65934485 0.08829200
vt 0.43392652 0.96350253
vt 0.66939276 0.07137382
vt 0.67047632 0.09386504
vt 0.64972425 0.10625333
vt 0.66142184 0.11207491
vt 0.67328501 0.11691415
vt 0.68138313 0.09886688
vt 0.65367502 0.13217193
vt 0.66663831 0.13674939
vt 0.67954975 0.13944054
vt 0.68474913 0.12052023
vt 0.66196567 0.15886599
vt 0.67686087 0.16152090
vt 0.69217497 0.14080977
vt 0.93148959 0.91804904
vt 0.67838353 0.18473864
vt 0.69671410 0.18403244
vt 0.92319626 0.86230206
vt 0.90143555 0.87194073
vt 0.91020727 0.89720476
vt 0.69190949 0.16093642
vt 0.92902207 0.89146686
vt 0.89201331 0.90524340
vt 0.89706588 0.92701507
vt 0.91459286 0.92196810
vt 0.88279879 0.88319451
vt 0.86594498 0.89486253
vt 0.87427157 0.91339618
vt 0.86843377 0.86367136
vt 0.85247791 0.87783766
vt 0.83796883 0.89154196
vt 0.84985518 0.90591413
vt 0.85203278 0.84826094
vt 0.83673644 0.86474228
vt 0.82345635 0.88044703
vt 0.81164229 0.89758331
vt 0.82484490 0.90613699
vt 0.82081044 0.85311389
vt 0.80879253 0.87089288
vt 0.79844546 0.88957638
vt 0.78917980 0.90780663
vt 0.80172855 0.91519922
vt 0.79311329 0.86087734
vt 0.78465396 0.88037825
vt 0.77630556 0.89862192
vt 0.76672906 0.91471267
vt 0.77972960 0.92448443
vt 0.79267067 0.93205124
vt 0.75593442 0.92903179
vt 0.77060127 0.94003952
vt 0.78501707 0.94784766
vt 0.72352493 0.63636684
vt 0.79453605 0.96825880
vt 0.72658467 0.64197063
vt 0.77697337 0.96520436
vt 0.73368770 0.63934690
vt 0.73042673 0.63424057
vt 0.72601926 0.62875783
vt 0.81693727 0.98169297
vt 0.72002375 0.63031256
vt 0.81379849 0.96558702
vt 0.83542633 0.97116500
vt 0.83273011 0.95611298
vt 0.73744905 0.63188970
vt 0.74133623 0.63734031
vt 0.74894190 0.63491201
vt 0.74473399 0.62860847
vt 0.75596946 0.63139129
vt 0.75060141 0.62457108
vt 0.76222080 0.62745464
vt 0.75554019 0.61991733
vt 0.74845862 0.61494720
vt 0.76020116 0.61505079
vt 0.75280994 0.60960376
vt 0.74564487 0.60506523
vt 0.89112318 0.99670529
vt 0.88806593 0.97503674
vt 0.87204194 0.97771281
vt 0.74178195 0.61044633
vt 0.87408012 0.99811149
vt 0.75692290 0.60412788
vt 0.74913442 0.59964651
vt 0.90754992 0.99489361
vt 0.90436310 0.97227633
vt 0.75216645 0.59420896
vt 0.92332631 0.99307424
vt 0.92041570 0.96965796
vt 0.91744870 0.94593328
vt 0.90089303 0.94962537
vt 0.88441616 0.95368874
vt 0.86852241 0.95822233
vt 0.87979156 0.93269175
vt 0.86362839 0.93936563
vt 0.84865266 0.94703591
vt 0.85259408 0.96390253
vt 0.85788453 0.92220759
vt 0.84293550 0.93126625
vt 0.83520955 0.91728383
vt 0.70220548 0.10718381
vt 0.93606019 0.96719706
vt 0.69601053 0.12328285
vt 0.93344629 0.94284141
vt 0.69186258 0.10320389
vt 0.49529099 0.97776109
vt 0.69025671 0.08247429
vt 0.52468872 0.98678851
vt 0.70001090 0.08730346
vt 0.54432756 0.94057715
vt 0.55348462 0.99813521
vt 0.70964628 0.09194922
vt 0.75476003 0.58871901
vt 0.93866205 0.99133784
vt 0.57493168 0.95369202
vt 0.76343018 0.59284973
vt 0.60070884 0.90796483
vt 0.77235919 0.59738255
vt 0.76055133 0.59854496
vt 0.76903898 0.60380340
vt 0.77722687 0.61057127
vt 0.63037688 0.86682880
vt 0.78105229 0.60298312
vt 0.76482666 0.60966057
vt 0.77272028 0.61718225
vt 0.78053588 0.62553948
vt 0.76763147 0.62283123
vt 0.77424574 0.63163841
vt 0.76715165 0.63632059
vt 0.77186900 0.64542526
vt 0.75968409 0.63973892
vt 0.76329142 0.64821315
vt 0.76641953 0.65709233
vt 0.77600217 0.65468824
vt 0.76827037 0.66637278
vt 0.77856088 0.66472173
vt 0.76847488 0.67532176
vt 0.77983510 0.67458963
vt 0.79075378 0.67294520
vt 0.79218155 0.68279028
vt 0.80308837 0.68142390
vt 0.80114663 0.67050326
vt 0.81237900 0.67938811
vt 0.81430531 0.71260095
vt 0.82197928 0.69228339
vt 0.81970048 0.67799568
vt 0.80289078 0.72517431
vt 0.81342828 0.69337237
vt 0.82163751 0.74550915
vt 0.83250779 0.73202670
vt 0.83767962 0.76160085
vt 0.84962130 0.74623662
vt 0.85835111 0.73114628
vt 0.86544222 0.75650263
vt 0.87354892 0.74046344
vt 0.88328457 0.76621348
vt 0.85550487 0.77340561
vt 0.87490803 0.78361779
vt 0.84356844 0.78960240
vt 0.86434853 0.80046833
vt 0.83062834 0.80585974
vt 0.85044956 0.81814343
vt 0.83507729 0.83559185
vt 0.81714219 0.82293123
vt 0.80397761 0.84138483
vt 0.81081355 0.79165095
vt 0.79766399 0.80955297
vt 0.78550333 0.83018661
vt 0.77595532 0.85179710
vt 0.77776331 0.79704940
vt 0.76584828 0.82075554
vt 0.75758857 0.84577298
vt 0.74621212 0.81306899
vt 0.73832875 0.84216076
vt 0.72628188 0.80715084
vt 0.76813978 0.68346661
vt 0.71918911 0.84002048
vt 0.75577116 0.68201947
vt 0.72749263 0.90168327
vt 0.73540169 0.67317098
vt 0.71803039 0.87254363
vt 0.74454898 0.67873514
vt 0.75728762 0.67470288
vt 0.75839883 0.66642433
vt 0.75762796 0.65797746
vt 0.75505912 0.64988989
vt 0.74682027 0.65103436
vt 0.74390471 0.64429098
vt 0.73624730 0.64591539
vt 0.73918313 0.65246314
vt 0.75212610 0.64232767
vt 0.72937226 0.64812279
vt 0.76031619 0.95607495
vt 0.73230702 0.65481359
vt 0.74387950 0.94356680
vt 0.74254370 0.91772962
vt 0.73709929 0.77696455
vt 0.78043336 0.68356299
vt 0.79148096 0.77580982
vt 0.77311647 0.76118797
vt 0.79219741 0.69324410
vt 0.75821477 0.78551704
vt 0.78041196 0.69264281
vt 0.80701375 0.75851762
vt 0.78901082 0.74071431
vt 0.80360222 0.69357717
vt 0.82404190 0.77592844
vt 0.89844686 0.69449997
vt 0.89556080 0.68744004
vt 0.89004618 0.69325054
vt 0.90572011 0.68462014
vt 0.58032602 0.27483141
vt 0.38769037 0.14457107
vt 0.40465263 0.15369529
vt 0.39784572 0.14091992
vt 0.41510463 0.15018570
vt 0.42246121 0.16268259
vt 0.43313086 0.15890378
vt 0.44080645 0.17148894
vt 0.45170933 0.16705507
vt 0.44412890 0.15491205
vt 0.46265730 0.16175908
vt 0.45507056 0.15018737
vt 0.47308397 0.15550935
vt 0.46531099 0.14446568
vt 0.48270777 0.14850622
vt 0.47461429 0.13796544
vt 0.49171552 0.14129359
vt 0.48291862 0.13157755
vt 0.47455034 0.12218201
vt 0.49119473 0.12557697
vt 0.48233271 0.11702973
vt 0.47439572 0.10858709
vt 0.49082670 0.11192578
vt 0.48240602 0.10492092
vt 0.49950078 0.10551673
vt 0.49092168 0.09979683
vt 0.50683522 0.09791529
vt 0.49759439 0.09323758
vt 0.48946074 0.08889985
vt 0.50196975 0.08618206
vt 0.49374416 0.08301258
vt 0.48331469 0.08343297
vt 0.85054988 0.29247350
vt 0.48750859 0.07919317
vt 0.85689259 0.26985639
vt 0.83053511 0.25868893
vt 0.82041407 0.27663893
vt 0.80526853 0.29134107
vt 0.47609907 0.08664137
vt 0.83528024 0.31927794
vt 0.79630655 0.25677574
vt 0.78134364 0.26809233
vt 0.76078445 0.27745098
vt 0.77958447 0.30107224
vt 0.46745709 0.08304864
vt 0.80119562 0.33050042
vt 0.46197304 0.07286620
vt 0.75839490 0.32687736
vt 0.86258096 0.10345876
vt 0.45655891 0.07608020
vt 0.74702173 0.30527276
vt 0.84889370 0.11100227
vt 0.84941047 0.13270169
vt 0.73668432 0.28481579
vt 0.83487594 0.11641461
vt 0.83579808 0.13379431
vt 0.83528471 0.15124714
vt 0.84888345 0.15323424
vt 0.47436202 0.05500084
vt 0.86079288 0.15545249
vt 0.83385909 0.16756922
vt 0.84816247 0.17200571
vt 0.48277462 0.05528289
vt 0.86133546 0.17621833
vt 0.84699917 0.18881994
vt 0.48842931 0.05871463
vt 0.86219382 0.19410259
vt 0.84510010 0.20484197
vt 0.49113873 0.06329882
vt 0.86258096 0.21004725
vt 0.84220123 0.22152430
vt 0.49172822 0.06851333
vt 0.86203283 0.22733992
vt 0.49823421 0.06967711
vt 0.49668434 0.07648569
vt 0.50485820 0.07868427
vt 0.51191062 0.08974493
vt 0.51677829 0.10361385
vt 0.50888288 0.11192435
vt 0.51910108 0.11887294
vt 0.50008506 0.11927456
vt 0.51000744 0.12704051
vt 0.52059728 0.13499272
vt 0.50068748 0.13438684
vt 0.51063699 0.14335525
vt 0.52102149 0.15248072
vt 0.50094551 0.15124452
vt 0.51066840 0.16144168
vt 0.52120727 0.17162561
vt 0.50070715 0.17042583
vt 0.51081997 0.18171996
vt 0.52164000 0.19299698
vt 0.49984434 0.19143939
vt 0.49028718 0.17906153
vt 0.47922087 0.18676746
vt 0.48137364 0.16702813
vt 0.47072044 0.17392832
vt 0.45964780 0.17982954
vt 0.49141023 0.15930653
vt 0.49046484 0.07394862
vt 0.86021245 0.24729049
vt 0.83756948 0.23973787
vt 0.82370651 0.21280205
vt 0.81687945 0.22833526
vt 0.80769992 0.24327344
vt 0.79982460 0.21656573
vt 0.78996962 0.22869438
vt 0.77811348 0.23952264
vt 0.77580482 0.21595317
vt 0.76422739 0.22516316
vt 0.75088221 0.23330379
vt 0.76388359 0.24947447
vt 0.73612934 0.24012107
vt 0.74691510 0.25824499
vt 0.72050810 0.24528533
vt 0.80663091 0.12189573
vt 0.72780967 0.26518130
vt 0.82093084 0.11997235
vt 0.80732411 0.13383186
vt 0.82162005 0.13422579
vt 0.80693847 0.14649868
vt 0.82099789 0.14900750
vt 0.80521053 0.15925032
vt 0.81929749 0.16329157
vt 0.80247509 0.17149508
vt 0.81655419 0.17694288
vt 0.83161134 0.18278140
vt 0.81265235 0.19016016
vt 0.82837588 0.19759667
vt 0.80727714 0.20345467
vt 0.79840785 0.18327844
vt 0.79288578 0.19480985
vt 0.78538769 0.20580739
vt 0.78037238 0.18686479
vt 0.77342838 0.19604707
vt 0.76455516 0.20441628
vt 0.76360142 0.18740398
vt 0.75588310 0.19403702
vt 0.74640471 0.19934797
vt 0.75355577 0.21173298
vt 0.73538136 0.20228386
vt 0.74084783 0.21752387
vt 0.72406501 0.20260155
vt 0.72775614 0.22136414
vt 0.71438879 0.22408473
vt 0.79135013 0.12351757
vt 0.71337593 0.20286596
vt 0.77680022 0.12754786
vt 0.77929443 0.13507146
vt 0.79291457 0.13364774
vt 0.78123301 0.14389151
vt 0.79349965 0.14442158
vt 0.78111362 0.15305626
vt 0.79251933 0.15553689
vt 0.77885872 0.16253608
vt 0.78978556 0.16653413
vt 0.77507150 0.17158878
vt 0.78576398 0.17703283
vt 0.76989096 0.17988187
vt 0.76637655 0.16723663
vt 0.76148003 0.17414272
vt 0.75582331 0.18000168
vt 0.75486267 0.16975349
vt 0.74984580 0.17389673
vt 0.74482703 0.17681938
vt 0.74942786 0.18475485
vt 0.73994380 0.17885590
vt 0.74195266 0.18789965
vt 0.73428220 0.17856658
vt 0.73358190 0.18854088
vt 0.75975132 0.16396254
vt 0.76984596 0.15951765
vt 0.76302457 0.15738857
vt 0.77128381 0.15140873
vt 0.76368052 0.15062594
vt 0.75863284 0.15095454
vt 0.76187330 0.14503688
vt 0.75642538 0.14708757
vt 0.75885171 0.14099067
vt 0.75361127 0.14378232
vt 0.71918684 0.17168450
vt 0.75487012 0.13638186
vt 0.72418851 0.16440600
vt 0.74976903 0.14042693
vt 0.72996598 0.16006160
vt 0.74653286 0.14471012
vt 0.73405385 0.15750295
vt 0.74572605 0.14832193
vt 0.76764446 0.13774550
vt 0.77047300 0.14411855
vt 0.01084025 0.56492329
vt 0.34399006 0.02099854
vt 0.00925344 0.54627109
vt 0.33280429 0.02325612
vt 0.31578004 0.09596545
vt 0.26144844 0.15467030
vt 0.26939574 0.15172786
vt 0.26509878 0.14972895
vt 0.26137921 0.14753366
vt 0.26766858 0.14427626
vt 0.26353517 0.14259559
vt 0.25944024 0.14045995
vt 0.71432739 0.44377488
vt 0.25721055 0.14416552
vt 0.71914691 0.41817701
vt 0.74393243 0.45319533
vt 0.75407600 0.43421817
vt 0.77109057 0.41612685
vt 0.78410244 0.45252019
vt 0.80197120 0.44163764
vt 0.82458180 0.43502498
vt 0.80148685 0.40250218
vt 0.73647690 0.58161139
vt 0.81947148 0.36532044
vt 0.23633216 0.14459908
vt 0.73086423 0.58498943
vt 0.81425142 0.33780688
vt 0.74303645 0.57766140
vt 0.83345115 0.39421791
vt 0.74125284 0.57097691
vt 0.73437822 0.57324797
vt 0.23547626 0.13691777
vt 0.72877657 0.57580400
vt 0.73252577 0.56577456
vt 0.23750387 0.13075042
vt 0.72629571 0.56768554
vt 0.23298711 0.12903225
vt 0.23776799 0.12282485
vt 0.23441373 0.11926329
vt 0.24455431 0.11929327
vt 0.24360263 0.11471033
vt 0.24280491 0.10994458
vt 0.25299141 0.11443967
vt 0.25492498 0.10942411
vt 0.26023802 0.11760223
vt 0.26449642 0.11342716
vt 0.26476231 0.12216979
vt 0.27013135 0.11977738
vt 0.26737386 0.12718695
vt 0.27280724 0.12615043
vt 0.27943859 0.12551218
vt 0.27380392 0.13269442
vt 0.27994427 0.13293219
vt 0.28760621 0.13362402
vt 0.27951908 0.14006668
vt 0.28634658 0.14148855
vt 0.27771279 0.14720720
vt 0.27372777 0.13930607
vt 0.27233362 0.14570540
vt 0.26882395 0.13852191
vt 0.26868540 0.13267106
vt 0.26425603 0.13274515
vt 0.26448655 0.13762343
vt 0.26046002 0.13279021
vt 0.71429145 0.48910248
vt 0.26043853 0.13661575
vt 0.71337593 0.46747017
vt 0.73317134 0.49156654
vt 0.73714054 0.47294277
vt 0.75064880 0.49768096
vt 0.75836056 0.48235023
vt 0.76949900 0.46748441
vt 0.77442193 0.49507099
vt 0.78622359 0.48442411
vt 0.80115294 0.47602487
vt 0.79632527 0.50467443
vt 0.80832827 0.50171608
vt 0.82109588 0.50156963
vt 0.81814891 0.47147363
vt 0.83343464 0.50469655
vt 0.83468843 0.47085088
vt 0.76533371 0.56264985
vt 0.84517753 0.50948083
vt 0.75890857 0.56694615
vt 0.85068417 0.47311020
vt 0.76486373 0.56016403
vt 0.75743425 0.56361932
vt 0.74950850 0.56819427
vt 0.75152588 0.57343209
vt 0.85068417 0.43025172
vt 0.75647342 0.55998981
vt 0.74797136 0.56308579
vt 0.73982602 0.56458354
vt 0.74707645 0.55771363
vt 0.73897374 0.55803609
vt 0.73083168 0.55857426
vt 0.24116664 0.12650937
vt 0.72375822 0.56024456
vt 0.73852164 0.55119628
vt 0.72950405 0.55126476
vt 0.24569280 0.12399155
vt 0.72154313 0.55253249
vt 0.72878778 0.54304856
vt 0.25052890 0.12330055
vt 0.71981096 0.54358739
vt 0.25150836 0.11914313
vt 0.25466415 0.12445843
vt 0.71857285 0.53350353
vt 0.25698420 0.12123120
vt 0.26070428 0.12450826
vt 0.26302686 0.12832808
vt 0.25968662 0.12931800
vt 0.71615511 0.50744867
vt 0.25772983 0.12661272
vt 0.71758020 0.52173698
vt 0.73001981 0.52228844
vt 0.73119920 0.50834692
vt 0.74218333 0.52403444
vt 0.74555182 0.51161802
vt 0.75370377 0.52700895
vt 0.75869471 0.51691425
vt 0.76538032 0.50619400
vt 0.76996619 0.52401817
vt 0.77694029 0.51672816
vt 0.78573203 0.50996953
vt 0.78525764 0.52767336
vt 0.79272121 0.52406049
vt 0.80119920 0.52175516
vt 0.79648501 0.53498888
vt 0.80327332 0.53409499
vt 0.80944473 0.53473711
vt 0.81015283 0.52154952
vt 0.81617498 0.53746688
vt 0.81939107 0.52384877
vt 0.79022002 0.53685188
vt 0.79304606 0.54390210
vt 0.78468013 0.53939801
vt 0.78804886 0.54536605
vt 0.77998662 0.54224741
vt 0.78404665 0.54707205
vt 0.78664827 0.55106813
vt 0.77619588 0.54564631
vt 0.78080553 0.54927558
vt 0.78398395 0.55223203
vt 0.77855217 0.55185950
vt 0.78213829 0.55399156
vt 0.78449219 0.55567324
vt 0.78108966 0.55605710
vt 0.78374749 0.55715740
vt 0.78069180 0.55786812
vt 0.78360868 0.55856907
vt 0.78054130 0.55963844
vt 0.78387070 0.56012809
vt 0.78439623 0.56184173
vt 0.78707331 0.56144083
vt 0.78993702 0.56252158
vt 0.79587317 0.56524634
vt 0.77639848 0.55877578
vt 0.77666515 0.55663371
vt 0.77155471 0.55521262
vt 0.77126467 0.55745286
vt 0.77724010 0.55445713
vt 0.77219534 0.55252856
vt 0.76510310 0.55081469
vt 0.76454437 0.55449367
vt 0.77367187 0.54915166
vt 0.76664221 0.54635322
vt 0.75748044 0.54475141
vt 0.75603384 0.55061102
vt 0.76944882 0.54151458
vt 0.76009834 0.53813529
vt 0.75022888 0.53616333
vt 0.74775422 0.54453111
vt 0.77358270 0.53663439
vt 0.76428676 0.53119349
vt 0.77884990 0.53194034
vt 0.73861867 0.54361367
vt 0.74696034 0.55160266
vt 0.73992896 0.53458995
vt 0.72904623 0.53355718
vt 0.75590563 0.55565357
vt 0.76449740 0.55748272
vt 0.92596179 0.10618109
vt 0.79207641 0.56373012
vt 0.79582196 0.56072712
vt 0.83380520 0.78276539
vt 0.84365046 0.75391877
vt 0.84659225 0.76750326
vt 0.83086073 0.76876462
vt 0.85395849 0.79503536
vt 0.85753179 0.75136960
vt 0.82120711 0.64343542
vt 0.78744996 0.65639716
vt 0.81527960 0.64856476
vt 0.87436342 0.76135802
vt 0.86047351 0.76495409
vt 0.80296701 0.65773422
vt 0.80849516 0.65163183
vt 0.87909627 0.77491564
vt 0.81148970 0.64078164
vt 0.80416882 0.64569706
vt 0.79864067 0.65179944
vt 0.80081880 0.63818991
vt 0.79221225 0.64771008
vt 0.81741714 0.63565230
vt 0.86520648 0.77851170
vt 0.84953666 0.78150403
vt 0.80813968 0.63327444
vt 0.79387844 0.66048658
vt 0.81733400 0.65380752
vt 0.81054950 0.65687466
vt 0.86962831 0.79204309
vt 0.80615425 0.63948572
vt 0.84019876 0.77513433
vt 0.81291461 0.65271968
vt 0.85206199 0.75943643
vt 0.85958248 0.78677356
vt 0.81634837 0.64210856
vt 0.80356789 0.65171564
vt 0.86978495 0.76993489
vt 0.79304534 0.65409833
vt 0.82892358 0.77934694
vt 0.84663588 0.75007772
vt 0.85104859 0.77045441
vt 0.82745135 0.77234650
vt 0.85915351 0.79775184
vt 0.86148703 0.75393611
vt 0.82157266 0.63993561
vt 0.78808987 0.65923548
vt 0.81268144 0.64762962
vt 0.87882400 0.76378572
vt 0.85798919 0.76917982
vt 0.80099702 0.65831673
vt 0.80928922 0.64916313
vt 0.87700212 0.77926672
vt 0.81219292 0.63782519
vt 0.80121160 0.64519835
vt 0.79883385 0.65534937
vt 0.80210102 0.63493502
vt 0.78919119 0.64921528
vt 0.81967771 0.63604403
vt 0.87005723 0.78106475
vt 0.84655255 0.78555322
vt 0.80576146 0.63247728
vt 0.79130411 0.66128021
vt 0.81890500 0.65212131
vt 0.80872828 0.65672195
vt 0.86698842 0.79625571
vt 0.83868682 0.78618389
vt 0.84066504 0.75775981
vt 0.84213591 0.76455206
vt 0.83427018 0.76518273
vt 0.84876347 0.79231888
vt 0.85357654 0.74880314
vt 0.82084155 0.64693522
vt 0.78681004 0.65355885
vt 0.81787777 0.64949989
vt 0.86990285 0.75893033
vt 0.86295784 0.76072836
vt 0.80493701 0.65715170
vt 0.80770111 0.65410054
vt 0.88119042 0.77056456
vt 0.81078649 0.64373803
vt 0.80712605 0.64619577
vt 0.79844749 0.64824951
vt 0.79953659 0.64144480
vt 0.79523331 0.64620483
vt 0.81515664 0.63526052
vt 0.86035568 0.77595866
vt 0.85252076 0.77745485
vt 0.81051791 0.63407159
vt 0.79645270 0.65969288
vt 0.81576300 0.65549380
vt 0.81237078 0.65702736
vt 0.87226820 0.78783047
vt 0.80516154 0.64259136
vt 0.80714697 0.63638008
vt 0.80882198 0.64013368
vt 0.80348653 0.63883781
vt 0.83700198 0.77894986
vt 0.84339547 0.77131879
vt 0.84486771 0.77831918
vt 0.83552974 0.77194947
vt 0.81512427 0.65326357
vt 0.81070489 0.65217578
vt 0.81409711 0.65064222
vt 0.81173205 0.65479720
vt 0.85626775 0.76219523
vt 0.84785622 0.75667763
vt 0.85479689 0.75540304
vt 0.84932709 0.76346982
vt 0.86239445 0.78264260
vt 0.85677052 0.79090446
vt 0.85455954 0.78413880
vt 0.86460543 0.78940833
vt 0.81688273 0.63888043
vt 0.81581402 0.64533663
vt 0.81391907 0.64144510
vt 0.81877774 0.64277196
vt 0.80603153 0.65167373
vt 0.80110431 0.65175754
vt 0.80386835 0.64870632
vt 0.80326748 0.65472496
vt 0.87207419 0.76564646
vt 0.86749572 0.77422333
vt 0.86512923 0.76744449
vt 0.87444061 0.77242529
vt 0.79262877 0.65090418
vt 0.79346192 0.65729249
vt 0.79024768 0.65524775
vt 0.79584301 0.65294886
vt 0.79614782 0.65632087
vt 0.79077590 0.65826398
vt 0.78971946 0.65223151
vt 0.87224889 0.77674502
vt 0.86274242 0.77170157
vt 0.86751604 0.76318741
vt 0.80105066 0.65503716
vt 0.80115795 0.64847791
vt 0.80657876 0.64893472
vt 0.81832778 0.64613593
vt 0.81330025 0.64453733
vt 0.81453788 0.63835281
vt 0.86187947 0.79358006
vt 0.85166150 0.78822887
vt 0.85745764 0.78004873
vt 0.84499609 0.76061481
vt 0.85071635 0.75274038
vt 0.85887736 0.75806570
vt 0.80971658 0.65444887
vt 0.81169319 0.64990270
vt 0.81650102 0.65138173
vt 0.83883286 0.76825076
vt 0.84795815 0.77438676
vt 0.84177727 0.78225154
vt 0.80462396 0.63565755
vt 0.80966997 0.63710260
vt 0.80797398 0.64316475
vt 0.80234909 0.64201808
vt 0.83222663 0.77564824
vt 0.81374753 0.65514553
vt 0.85365814 0.76632482
vt 0.86733133 0.78523654
vt 0.81922770 0.63940799
vt 0.80548429 0.65441275
vt 0.87663233 0.76810551
vt 0.79553819 0.64957684
f 1/1 2/2 3/3
f 1/1 3/3 4/4
f 5/5 6/6 7/7
f 8/8 9/9 7/7
f 10/10 11/11 12/12
f 10/10 12/12 13/13
f 10/10 14/14 137/137
f 10/10 137/137 15/15
f 47/47 133/133 132/132
f 47/47 132/132 50/50
f 569/569 640/640 637/637
f 569/569 637/637 636/636
f 78/78 80/80 2725/2725
f 78/78 2725/2725 2727/2727
f 24/24 25/25 26/26
f 24/24 26/26 27/27
f 2943/2943 561/561 558/558
f 2943/2943 558/558 550/550
f 449/449 450/450 447/447
f 449/449 447/447 448/448
f 28/28 33/33 36/36
f 28/28 36/36 34/34
f 2769/2769 2770/2770 2766/2766
f 2769/2769 2766/2766 2765/2765
f 118/118 274/274 270/270
f 118/118 270/270 273/273
f 37/37 41/41 42/42
f 37/37 42/42 43/43
f 37/37 43/43 38/38
f 2938/2938 2937/2937 2993/2993
f 2938/2938 2993/2993 2997/2997
f 2115/2115 2111/2111 2341/2341
f 2115/2115 2341/2341 2117/2117
f 81/81 82/82 77/77
f 81/81 77/77 76/76
f 1583/1583 1587/1587 1633/1633
f 1583/1583 1633/1633 1584/1584
f 10/10 15/15 2915/2915
f 10/10 2915/2915 51/51
f 2939/2939 2940/2940 2936/2936
f 2939/2939 2936/2936 2938/2938
f 2241/2241 2240/2240 2313/2313
f 2241/2241 2313/2313 2243/2243
f 1906/1906 1907/1907 1903/1903
f 1906/1906 1903/1903 1905/1905
f 961/961 873/873 960/960
f 961/961 960/960 937/937
f 64/64 63/63 2677/2677
f 64/64 2677/2677 2679/2679
f 2788/2788 454/454 2781/2781
f 2788/2788 2781/2781 2786/2786
f 1090/1090 1089/1089 2817/2817
f 1090/1090 2817/2817 1094/1094
f 248/248 247/247 3069/3069
f 248/248 3069/3069 3071/3071
f 551/551 553/553 2942/2942
f 551/551 2942/2942 2945/2945
f 72/72 77/77 78/78
f 72/72 78/78 73/73
f 1789/1789 1358/1358 1786/1786
f 1789/1789 1786/1786 1788/1788
f 2351/2351 411/411 2350/2350
f 2351/2351 2350/2350 1068/1068
f 408/408 1323/1323 1328/1328
f 408/408 1328/1328 409/409
f 1665/1665 1664/1664 1928/1928
f 1665/1665 1928/1928 1930/1930
f 22/22 21/21 175/175
f 22/22 175/175 176/176
f 466/466 469/469 1521/1521
f 466/466 1521/1521 470/470
f 1500/1500 1007/1007 1497/1497
f 1500/1500 1497/1497 1499/1499
f 1593/1593 1589/1589 1591/1591
f 1593/1593 1591/1591 1592/1592
f 1949/1949 1683/1683 1948/1948
f 1949/1949 1948/1948 1947/1947
f 229/229 230/230 1/1
f 229/229 1/1 4/4
f 649/649 650/650 648/648
f 649/649 648/648 647/647
f 506/506 505/505 662/662
f 506/506 662/662 664/664
f 2008/2008 2009/2009 2007/2007
f 2008/2008 2007/2007 2006/2006
f 677/677 673/673 672/672
f 677/677 672/672 676/676
f 75/75 188/188 383/383
f 75/75 383/383 76/76
f 110/110 109/109 106/106
f 110/110 106/106 105/105
f 1341/1341 1337/1337 1336/1336
f 1341/1341 1336/1336 1340/1340
f 310/310 311/311 314/314
f 310/310 314/314 308/308
f 121/121 3059/3059 306/306
f 121/121 306/306 122/122
f 1588/1588 1586/1586 1585/1585
f 1588/1588 1585/1585 1570/1570
f 1561/1561 517/517 1558/1558
f 1561/1561 1558/1558 1560/1560
f 2907/2907 2908/2908 2906/2906
f 2907/2907 2906/2906 2905/2905
f 2787/2787 451/451 447/447
f 2787/2787 447/447 453/453
f 975/975 976/976 971/971
f 975/975 971/971 973/973
f 1159/1159 1155/1155 1157/1157
f 1159/1159 1157/1157 1158/1158
f 1271/1271 1276/1276 2495/2495
f 1271/1271 2495/2495 1272/1272
f 334/334 33/33 31/31
f 334/334 31/31 335/335
f 560/560 632/632 630/630
f 560/560 630/630 629/629
f 2990/2990 2934/2934 2987/2987
f 2990/2990 2987/2987 2989/2989
f 138/138 14/14 139/139
f 2793/2793 2795/2795 2792/2792
f 2793/2793 2792/2792 2790/2790
f 301/301 290/290 293/293
f 301/301 293/293 300/300
f 526/526 525/525 528/528
f 526/526 528/528 493/493
f 330/330 152/152 140/140
f 330/330 140/140 12/12
f 136/136 143/143 48/48
f 136/136 48/48 50/50
f 144/144 145/145 146/146
f 144/144 146/146 131/131
f 3100/3100 3083/3083 3099/3099
f 3100/3100 3099/3099 3009/3009
f 1783/1783 1779/1779 1801/1801
f 1783/1783 1801/1801 1784/1784
f 579/579 573/573 577/577
f 579/579 577/577 578/578
f 2422/2422 2424/2424 2426/2426
f 2422/2422 2426/2426 2421/2421
f 1039/1039 1037/1037 1042/1042
f 1039/1039 1042/1042 1482/1482
f 165/165 157/157 159/159
f 165/165 159/159 161/161
f 2589/2589 2646/2646 2645/2645
f 2589/2589 2645/2645 2644/2644
f 2223/2223 2224/2224 2222/2222
f 2223/2223 2222/2222 2221/2221
f 168/168 169/169 170/170
f 168/168 170/170 171/171
f 438/438 431/431 437/437
f 438/438 437/437 373/373
f 1947/1947 1948/1948 1946/1946
f 1947/1947 1946/1946 1945/1945
f 173/173 151/151 156/156
f 173/173 156/156 172/172
f 173/173 140/140 152/152
f 173/173 152/152 151/151
f 332/332 298/298 292/292
f 332/332 292/292 291/291
f 794/794 801/801 1562/1562
f 794/794 1562/1562 795/795
f 175/175 21/21 23/23
f 175/175 23/23 142/142
f 375/375 372/372 371/371
f 375/375 371/371 374/374
f 178/178 179/179 170/170
f 178/178 170/170 169/169
f 53/53 18/18 22/22
f 53/53 22/22 11/11
f 180/180 181/181 182/182
f 240/240 244/244 1662/1662
f 240/240 1662/1662 1666/1666
f 180/180 183/183 184/184
f 180/180 184/184 185/185
f 378/378 456/456 379/379
f 378/378 379/379 367/367
f 187/187 188/188 75/75
f 187/187 75/75 74/74
f 181/181 186/186 2726/2726
f 181/181 2726/2726 197/197
f 187/187 74/74 183/183
f 190/190 191/191 192/192
f 190/190 192/192 193/193
f 118/118 117/117 275/275
f 118/118 275/275 274/274
f 195/195 191/191 190/190
f 195/195 190/190 194/194
f 1566/1566 795/795 1562/1562
f 1566/1566 1562/1562 1565/1565
f 496/496 497/497 494/494
f 496/496 494/494 495/495
f 260/260 265/265 264/264
f 260/260 264/264 261/261
f 231/231 232/232 1/1
f 231/231 1/1 230/230
f 763/763 762/762 995/995
f 763/763 995/995 990/990
f 2264/2264 2265/2265 2263/2263
f 2264/2264 2263/2263 2262/2262
f 209/209 210/210 211/211
f 209/209 211/211 212/212
f 1568/1568 1567/1567 1588/1588
f 1568/1568 1588/1588 1570/1570
f 248/248 111/111 110/110
f 248/248 110/110 247/247
f 638/638 1650/1650 1648/1648
f 638/638 1648/1648 639/639
f 1557/1557 1558/1558 1554/1554
f 1557/1557 1554/1554 1556/1556
f 1324/1324 1325/1325 1322/1322
f 1324/1324 1322/1322 1321/1321
f 2121/2121 2122/2122 2120/2120
f 2121/2121 2120/2120 2119/2119
f 2960/2960 575/575 2957/2957
f 2960/2960 2957/2957 2959/2959
f 263/263 259/259 258/258
f 263/263 258/258 262/262
f 195/195 194/194 437/437
f 195/195 437/437 431/431
f 1072/1072 1078/1078 2352/2352
f 1072/1072 2352/2352 1073/1073
f 565/565 566/566 562/562
f 565/565 562/562 561/561
f 98/98 99/99 92/92
f 98/98 92/92 95/95
f 239/239 240/240 241/241
f 239/239 241/241 242/242
f 759/759 758/758 1004/1004
f 759/759 1004/1004 761/761
f 239/239 242/242 245/245
f 239/239 245/245 243/243
f 143/143 136/136 135/135
f 143/143 135/135 134/134
f 539/539 536/536 491/491
f 539/539 491/491 490/490
f 2017/2017 446/446 2014/2014
f 2017/2017 2014/2014 2016/2016
f 758/758 759/759 757/757
f 758/758 757/757 756/756
f 252/252 253/253 254/254
f 252/252 254/254 255/255
f 1532/1532 1533/1533 1529/1529
f 1532/1532 1529/1529 1531/1531
f 2758/2758 2759/2759 2757/2757
f 2758/2758 2757/2757 2756/2756
f 1348/1348 1342/1342 1346/1346
f 1348/1348 1346/1346 1347/1347
f 296/296 297/297 294/294
f 296/296 294/294 295/295
f 1026/1026 1020/1020 1024/1024
f 1026/1026 1024/1024 1025/1025
f 2333/2333 2334/2334 2332/2332
f 2333/2333 2332/2332 2331/2331
f 182/182 181/181 197/197
f 182/182 197/197 189/189
f 747/747 674/674 743/743
f 747/747 743/743 745/745
f 1816/1816 1817/1817 1815/1815
f 1816/1816 1815/1815 1814/1814
f 1595/1595 1594/1594 1599/1599
f 1595/1595 1599/1599 1602/1602
f 120/120 117/117 113/113
f 120/120 113/113 119/119
f 596/596 595/595 605/605
f 596/596 605/605 598/598
f 398/398 578/578 577/577
f 398/398 577/577 581/581
f 277/277 283/283 284/284
f 277/277 284/284 286/286
f 126/126 130/130 146/146
f 126/126 146/146 127/127
f 277/277 281/281 288/288
f 277/277 288/288 287/287
f 789/789 795/795 1566/1566
f 789/789 1566/1566 790/790
f 275/275 117/117 120/120
f 275/275 120/120 269/269
f 2320/2320 2317/2317 2316/2316
f 2320/2320 2316/2316 2319/2319
f 169/169 168/168 141/141
f 169/169 141/141 331/331
f 1354/1354 1347/1347 1346/1346
f 1354/1354 1346/1346 1356/1356
f 294/294 297/297 30/30
f 294/294 30/30 35/35
f 13/13 12/12 140/140
f 13/13 140/140 139/139
f 292/292 298/298 299/299
f 260/260 261/261 258/258
f 260/260 258/258 259/259
f 111/111 248/248 3073/3073
f 111/111 3073/3073 27/27
f 3103/3103 3075/3075 303/303
f 3103/3103 303/303 269/269
f 231/231 230/230 1931/1931
f 231/231 1931/1931 1934/1934
f 176/176 175/175 2893/2893
f 176/176 2893/2893 2892/2892
f 2420/2420 2412/2412 2419/2419
f 2420/2420 2419/2419 199/199
f 2100/2100 1883/1883 2097/2097
f 2100/2100 2097/2097 2099/2099
f 215/215 210/210 209/209
f 215/215 209/209 214/214
f 146/146 145/145 326/326
f 146/146 326/326 329/329
f 314/314 313/313 319/319
f 314/314 319/319 320/320
f 633/633 631/631 630/630
f 633/633 630/630 632/632
f 197/197 2726/2726 2728/2728
f 197/197 2728/2728 198/198
f 203/203 204/204 205/205
f 3164/3164 3128/3128 3191/3191
f 203/203 205/205 3164/3164
f 3191/3191 202/202 203/203
f 3164/3164 3191/3191 203/203
f 2330/2330 2126/2126 2338/2338
f 2330/2330 2338/2338 2331/2331
f 2774/2774 2768/2768 2766/2766
f 2774/2774 2766/2766 2772/2772
f 662/662 505/505 659/659
f 662/662 659/659 657/657
f 35/35 29/29 28/28
f 35/35 28/28 34/34
f 141/141 168/168 171/171
f 141/141 171/171 142/142
f 1929/1929 1927/1927 2122/2122
f 1929/1929 2122/2122 1933/1933
f 896/896 897/897 890/890
f 896/896 890/890 894/894
f 134/134 135/135 132/132
f 134/134 132/132 133/133
f 336/336 337/337 338/338
f 336/336 338/338 339/339
f 336/336 339/339 341/341
f 336/336 341/341 32/32
f 1933/1933 1934/1934 1931/1931
f 1933/1933 1931/1931 1929/1929
f 1343/1343 1337/1337 1341/1341
f 1343/1343 1341/1341 1342/1342
f 127/127 49/49 48/48
f 127/127 48/48 143/143
f 127/127 143/143 344/344
f 127/127 344/344 128/128
f 3265/3265 3183/3183 432/432
f 3265/3265 432/432 3185/3185
f 345/345 348/348 349/349
f 345/345 349/349 350/350
f 1042/1042 1037/1037 1040/1040
f 1042/1042 1040/1040 1041/1041
f 171/171 177/177 175/175
f 171/171 175/175 142/142
f 1664/1664 1663/1663 1924/1924
f 1664/1664 1924/1924 1928/1928
f 74/74 75/75 72/72
f 74/74 72/72 73/73
f 333/333 290/290 301/301
f 1052/1052 236/236 1051/1051
f 1052/1052 1051/1051 452/452
f 494/494 501/501 1537/1537
f 494/494 1537/1537 1539/1539
f 357/357 358/358 359/359
f 357/357 359/359 360/360
f 1559/1559 1560/1560 1558/1558
f 1559/1559 1558/1558 1557/1557
f 772/772 771/771 918/918
f 772/772 918/918 776/776
f 246/246 247/247 110/110
f 246/246 110/110 105/105
f 1079/1079 1080/1080 1076/1076
f 1079/1079 1076/1076 1075/1075
f 3066/3066 3080/3080 3077/3077
f 3066/3066 3077/3077 3068/3068
f 1667/1667 1665/1665 1930/1930
f 1667/1667 1930/1930 1932/1932
f 562/562 559/559 558/558
f 562/562 558/558 561/561
f 49/49 45/45 44/44
f 49/49 44/44 48/48
f 146/146 368/368 380/380
f 146/146 380/380 127/127
f 460/460 1448/1448 1450/1450
f 460/460 1450/1450 461/461
f 143/143 134/134 370/370
f 143/143 370/370 344/344
f 771/771 772/772 769/769
f 771/771 769/769 768/768
f 1567/1567 1568/1568 1566/1566
f 1567/1567 1566/1566 1565/1565
f 109/109 107/107 103/103
f 109/109 103/103 106/106
f 367/367 327/327 376/376
f 367/367 376/376 377/377
f 1604/1604 1609/1609 1616/1616
f 1604/1604 1616/1616 1605/1605
f 378/378 367/367 377/377
f 2187/2187 2188/2188 2186/2186
f 2187/2187 2186/2186 2185/2185
f 140/140 174/174 16/16
f 207/207 206/206 3178/3178
f 3178/3178 3115/3115 3151/3151
f 3151/3151 433/433 2659/2659
f 2659/2659 207/207 3178/3178
f 3178/3178 3151/3151 2659/2659
f 2108/2108 2106/2106 2341/2341
f 2108/2108 2341/2341 2111/2111
f 2013/2013 2014/2014 2010/2010
f 2013/2013 2010/2010 2012/2012
f 1344/1344 1345/1345 1341/1341
f 1344/1344 1341/1341 1340/1340
f 597/597 593/593 592/592
f 597/597 592/592 596/596
f 570/570 571/571 567/567
f 570/570 567/567 566/566
f 2871/2871 2869/2869 2898/2898
f 2871/2871 2898/2898 543/543
f 1667/1667 1668/1668 1666/1666
f 1667/1667 1666/1666 1665/1665
f 2509/2509 2506/2506 2507/2507
f 2509/2509 2507/2507 2508/2508
f 1985/1985 1984/1984 2173/2173
f 1985/1985 2173/2173 1987/1987
f 2577/2577 2579/2579 2571/2571
f 2577/2577 2571/2571 2576/2576
f 661/661 653/653 659/659
f 661/661 659/659 660/660
f 1924/1924 1663/1663 1921/1921
f 1924/1924 1921/1921 1923/1923
f 418/418 421/421 2750/2750
f 418/418 2750/2750 2752/2752
f 1925/1925 1926/1926 1924/1924
f 1925/1925 1924/1924 1923/1923
f 353/353 352/352 2891/2891
f 353/353 2891/2891 2899/2899
f 2551/2551 2617/2617 2616/2616
f 2551/2551 2616/2616 2615/2615
f 1557/1557 1556/1556 1597/1597
f 1557/1557 1597/1597 1592/1592
f 420/420 421/421 418/418
f 420/420 418/418 417/417
f 769/769 509/509 766/766
f 769/769 766/766 768/768
f 430/430 429/429 2496/2496
f 430/430 2496/2496 2497/2497
f 422/422 425/425 426/426
f 422/422 426/426 427/427
f 64/64 65/65 67/67
f 64/64 67/67 63/63
f 90/90 85/85 84/84
f 90/90 84/84 89/89
f 191/191 195/195 431/431
f 191/191 431/431 428/428
f 2575/2575 2584/2584 2583/2583
f 2575/2575 2583/2583 2576/2576
f 394/394 671/671 667/667
f 394/394 667/667 401/401
f 450/450 723/723 722/722
f 450/450 722/722 721/721
f 1616/1616 1609/1609 1614/1614
f 1616/1616 1614/1614 1615/1615
f 1931/1931 1932/1932 1930/1930
f 1931/1931 1930/1930 1929/1929
f 23/23 52/52 10/10
f 23/23 10/10 51/51
f 511/511 507/507 755/755
f 511/511 755/755 757/757
f 321/321 1048/1048 1046/1046
f 321/321 1046/1046 318/318
f 434/434 147/147 128/128
f 434/434 128/128 344/344
f 682/682 678/678 677/677
f 682/682 677/677 681/681
f 2796/2796 2793/2793 2855/2855
f 2796/2796 2855/2855 2857/2857
f 263/263 283/283 277/277
f 263/263 277/277 287/287
f 447/447 451/451 452/452
f 447/447 452/452 448/448
f 162/162 161/161 2586/2586
f 162/162 2586/2586 2588/2588
f 455/455 424/424 423/423
f 455/455 423/423 456/456
f 2996/2996 2995/2995 3050/3050
f 2996/2996 3050/3050 3052/3052
f 99/99 1160/1160 1157/1157
f 99/99 1157/1157 102/102
f 370/370 1417/1417 1415/1415
f 370/370 1415/1415 1414/1414
f 199/199 200/200 197/197
f 199/199 197/197 198/198
f 466/466 467/467 468/468
f 227/227 226/226 2396/2396
f 227/227 2396/2396 2729/2729
f 466/466 470/470 471/471
f 65/65 2548/2548 2545/2545
f 65/65 2545/2545 2538/2538
f 356/356 354/354 333/333
f 356/356 333/333 301/301
f 88/88 89/89 84/84
f 88/88 84/84 87/87
f 1513/1513 496/496 1510/1510
f 1513/1513 1510/1510 1512/1512
f 98/98 95/95 597/597
f 98/98 597/597 599/599
f 1641/1641 1637/1637 1636/1636
f 1641/1641 1636/1636 1635/1635
f 334/334 335/335 332/332
f 334/334 332/332 333/333
f 1950/1950 1951/1951 1949/1949
f 1950/1950 1949/1949 1947/1947
f 1885/1885 6/6 1882/1882
f 1885/1885 1882/1882 1884/1884
f 639/639 634/634 637/637
f 639/639 637/637 638/638
f 280/280 279/279 3004/3004
f 280/280 3004/3004 3000/3000
f 497/497 496/496 1513/1513
f 497/497 1513/1513 1517/1517
f 389/389 385/385 382/382
f 389/389 382/382 384/384
f 1527/1527 1525/1525 1892/1892
f 1527/1527 1892/1892 1894/1894
f 487/487 490/490 491/491
f 487/487 491/491 492/492
f 176/176 352/352 11/11
f 176/176 11/11 22/22
f 318/318 316/316 315/315
f 318/318 315/315 321/321
f 1927/1927 1926/1926 2120/2120
f 1927/1927 2120/2120 2122/2122
f 494/494 497/497 500/500
f 25/25 24/24 256/256
f 25/25 256/256 257/257
f 100/100 102/102 1154/1154
f 100/100 1154/1154 1148/1148
f 991/991 986/986 989/989
f 991/991 989/989 990/990
f 141/141 142/142 23/23
f 141/141 23/23 51/51
f 504/504 508/508 509/509
f 740/740 684/684 739/739
f 740/740 739/739 738/738
f 504/504 507/507 511/511
f 504/504 511/511 508/508
f 1764/1764 1763/1763 2039/2039
f 1764/1764 2039/2039 1766/1766
f 918/918 771/771 917/917
f 918/918 917/917 916/916
f 518/518 520/520 515/515
f 518/518 515/515 514/514
f 577/577 573/573 572/572
f 577/577 572/572 576/576
f 582/582 580/580 2960/2960
f 582/582 2960/2960 2962/2962
f 574/574 568/568 572/572
f 574/574 572/572 573/573
f 2129/2129 2330/2330 2260/2260
f 2129/2129 2260/2260 2259/2259
f 1572/1572 785/785 1569/1569
f 1572/1572 1569/1569 1571/1571
f 525/525 526/526 527/527
f 525/525 527/527 338/338
f 529/529 528/528 525/525
f 529/529 525/525 338/338
f 1525/1525 1526/1526 1522/1522
f 1525/1525 1522/1522 1524/1524
f 2106/2106 2107/2107 2105/2105
f 2106/2106 2105/2105 2104/2104
f 3099/3099 3087/3087 3096/3096
f 3099/3099 3096/3096 3012/3012
f 2709/2709 2711/2711 2707/2707
f 2709/2709 2707/2707 2706/2706
f 1992/1992 1726/1726 1989/1989
f 1992/1992 1989/1989 1991/1991
f 2388/2388 2386/2386 2437/2437
f 2388/2388 2437/2437 2439/2439
f 425/425 424/424 435/435
f 425/425 435/435 436/436
f 2641/2641 2642/2642 2638/2638
f 2641/2641 2638/2638 2637/2637
f 540/540 178/178 169/169
f 540/540 169/169 331/331
f 1765/1765 1320/1320 1762/1762
f 1765/1765 1762/1762 1764/1764
f 526/526 493/493 492/492
f 526/526 492/492 527/527
f 3070/3070 3071/3071 3069/3069
f 3070/3070 3069/3069 3068/3068
f 550/550 552/552 546/546
f 550/550 546/546 544/544
f 1071/1071 1067/1067 1066/1066
f 1071/1071 1066/1066 1070/1070
f 1463/1463 1461/1461 233/233
f 1463/1463 233/233 235/235
f 848/848 853/853 869/869
f 848/848 869/869 849/849
f 674/674 670/670 672/672
f 674/674 672/672 673/673
f 1769/1769 1770/1770 1768/1768
f 1769/1769 1768/1768 1767/1767
f 820/820 819/819 952/952
f 820/820 952/952 824/824
f 814/814 808/808 812/812
f 814/814 812/812 813/813
f 288/288 281/281 3001/3001
f 288/288 3001/3001 2998/2998
f 2704/2704 211/211 2702/2702
f 2704/2704 2702/2702 2703/2703
f 289/289 271/271 275/275
f 289/289 275/275 269/269
f 509/509 508/508 764/764
f 509/509 764/764 766/766
f 1619/1619 1605/1605 1616/1616
f 1619/1619 1616/1616 1618/1618
f 3103/3103 119/119 113/113
f 3103/3103 113/113 123/123
f 1559/1559 1565/1565 1562/1562
f 1559/1559 1562/1562 1560/1560
f 3077/3077 3076/3076 3070/3070
f 3077/3077 3070/3070 3068/3068
f 968/968 966/966 981/981
f 968/968 981/981 974/974
f 1821/1821 1822/1822 1820/1820
f 1821/1821 1820/1820 1819/1819
f 719/719 720/720 716/716
f 719/719 716/716 718/718
f 575/575 576/576 572/572
f 575/575 572/572 571/571
f 1536/1536 1537/1537 1535/1535
f 1536/1536 1535/1535 1534/1534
f 3064/3064 3063/3063 3080/3080
f 3064/3064 3080/3080 3066/3066
f 2937/2937 2938/2938 2936/2936
f 2937/2937 2936/2936 2935/2935
f 787/787 786/786 927/927
f 787/787 927/927 791/791
f 2998/2998 2999/2999 2997/2997
f 2998/2998 2997/2997 2996/2996
f 1498/1498 1499/1499 1497/1497
f 1498/1498 1497/1497 1496/1496
f 1801/1801 1779/1779 1807/1807
f 1801/1801 1807/1807 1803/1803
f 1416/1416 41/41 37/37
f 1416/1416 37/37 40/40
f 614/614 608/608 612/612
f 614/614 612/612 613/613
f 1044/1044 1043/1043 1042/1042
f 1044/1044 1042/1042 1041/1041
f 2503/2503 2504/2504 2500/2500
f 2503/2503 2500/2500 2487/2487
f 1735/1735 1736/1736 1734/1734
f 1735/1735 1734/1734 1733/1733
f 1767/1767 1766/1766 1814/1814
f 1767/1767 1814/1814 1769/1769
f 2749/2749 2748/2748 2809/2809
f 2749/2749 2809/2809 2751/2751
f 1855/1855 1856/1856 1854/1854
f 1855/1855 1854/1854 1853/1853
f 1272/1272 465/465 1269/1269
f 1272/1272 1269/1269 1271/1271
f 1988/1988 1987/1987 2176/2176
f 1988/1988 2176/2176 1990/1990
f 2545/2545 2542/2542 2539/2539
f 2545/2545 2539/2539 2538/2538
f 1756/1756 1757/1757 1755/1755
f 1756/1756 1755/1755 1754/1754
f 2818/2818 2827/2827 2824/2824
f 2818/2818 2824/2824 2822/2822
f 1211/1211 1129/1129 1208/1208
f 1211/1211 1208/1208 1210/1210
f 1437/1437 1386/1386 1436/1436
f 1437/1437 1436/1436 1435/1435
f 605/605 595/595 2972/2972
f 605/605 2972/2972 2974/2974
f 2039/2039 1763/1763 2036/2036
f 2039/2039 2036/2036 2038/2038
f 1960/1960 1959/1959 2148/2148
f 1960/1960 2148/2148 1962/1962
f 999/999 1000/1000 997/997
f 999/999 997/997 998/998
f 937/937 938/938 934/934
f 937/937 934/934 933/933
f 3038/3038 3039/3039 3037/3037
f 3038/3038 3037/3037 3036/3036
f 1687/1687 1686/1686 1952/1952
f 1687/1687 1952/1952 1689/1689
f 1242/1242 1236/1236 1240/1240
f 1242/1242 1240/1240 1241/1241
f 98/98 601/601 1160/1160
f 98/98 1160/1160 99/99
f 1677/1677 1181/1181 1675/1675
f 1677/1677 1675/1675 250/250
f 2270/2270 2143/2143 2269/2269
f 2270/2270 2269/2269 2268/2268
f 2426/2426 2408/2408 2420/2420
f 2426/2426 2420/2420 2421/2421
f 755/755 666/666 750/750
f 755/755 750/750 754/754
f 624/624 618/618 622/622
f 624/624 622/622 623/623
f 1351/1351 1362/1362 1449/1449
f 1351/1351 1449/1449 1353/1353
f 2733/2733 705/705 2732/2732
f 2733/2733 2732/2732 2731/2731
f 105/105 106/106 103/103
f 105/105 103/103 104/104
f 1236/1236 1242/1242 2399/2399
f 1236/1236 2399/2399 1237/1237
f 2412/2412 2411/2411 2417/2417
f 2412/2412 2417/2417 2419/2419
f 2750/2750 717/717 2747/2747
f 2750/2750 2747/2747 2749/2749
f 1610/1610 1608/1608 1607/1607
f 1610/1610 1607/1607 1550/1550
f 219/219 227/227 1103/1103
f 219/219 1103/1103 1102/1102
f 2255/2255 2254/2254 2260/2260
f 2255/2255 2260/2260 2332/2332
f 174/174 140/140 173/173
f 174/174 173/173 172/172
f 124/124 26/26 25/25
f 124/124 25/25 257/257
f 916/916 917/917 913/913
f 916/916 913/913 912/912
f 2185/2185 2184/2184 2303/2303
f 2185/2185 2303/2303 2187/2187
f 162/162 163/163 165/165
f 162/162 165/165 161/161
f 2970/2970 2979/2979 2978/2978
f 2970/2970 2978/2978 2976/2976
f 1627/1627 1625/1625 1909/1909
f 1627/1627 1909/1909 1911/1911
f 2530/2530 2525/2525 2528/2528
f 2530/2530 2528/2528 2529/2529
f 2511/2511 2514/2514 2623/2623
f 2511/2511 2623/2623 2512/2512
f 400/400 392/392 391/391
f 400/400 391/391 399/399
f 1479/1479 1480/1480 1476/1476
f 1479/1479 1476/1476 1475/1475
f 3005/3005 3004/3004 3100/3100
f 3005/3005 3100/3100 3009/3009
f 456/456 423/423 324/324
f 456/456 324/324 322/322
f 651/651 654/654 655/655
f 1441/1441 1442/1442 1440/1440
f 1441/1441 1440/1440 1439/1439
f 652/652 396/396 658/658
f 1320/1320 1321/1321 1319/1319
f 1320/1320 1319/1319 1318/1318
f 2792/2792 2788/2788 2786/2786
f 2792/2792 2786/2786 2790/2790
f 189/189 188/188 187/187
f 189/189 187/187 182/182
f 659/659 505/505 504/504
f 659/659 504/504 660/660
f 2903/2903 2902/2902 2918/2918
f 2903/2903 2918/2918 2905/2905
f 416/416 406/406 404/404
f 416/416 404/404 414/414
f 201/201 189/189 197/197
f 201/201 197/197 200/200
f 1345/1345 1344/1344 1780/1780
f 1345/1345 1780/1780 1349/1349
f 910/910 905/905 908/908
f 910/910 908/908 909/909
f 3012/3012 3013/3013 3011/3011
f 3012/3012 3011/3011 3010/3010
f 821/821 817/817 816/816
f 821/821 816/816 820/820
f 743/743 679/679 740/740
f 743/743 740/740 742/742
f 993/993 992/992 997/997
f 993/993 997/997 1000/1000
f 973/973 980/980 979/979
f 973/973 979/979 975/975
f 1658/1658 1659/1659 1657/1657
f 1658/1658 1657/1657 1656/1656
f 460/460 461/461 1444/1444
f 460/460 1444/1444 459/459
f 1077/1077 1083/1083 2354/2354
f 1077/1077 2354/2354 1078/1078
f 2591/2591 162/162 2588/2588
f 2591/2591 2588/2588 2590/2590
f 1470/1470 1468/1468 1829/1829
f 1470/1470 1829/1829 1831/1831
f 1966/1966 1964/1964 2157/2157
f 1966/1966 2157/2157 1969/1969
f 1497/1497 1011/1011 1494/1494
f 1497/1497 1494/1494 1496/1496
f 440/440 1751/1751 1750/1750
f 440/440 1750/1750 441/441
f 1284/1284 1280/1280 1279/1279
f 1284/1284 1279/1279 1283/1283
f 1120/1120 1121/1121 1117/1117
f 1120/1120 1117/1117 1116/1116
f 1010/1010 1016/1016 1494/1494
f 1010/1010 1494/1494 1011/1011
f 1964/1964 1963/1963 2155/2155
f 1964/1964 2155/2155 2157/2157
f 1224/1224 1225/1225 1223/1223
f 1224/1224 1223/1223 1222/1222
f 693/693 692/692 1145/1145
f 693/693 1145/1145 2730/2730
f 3264/3264 3180/3180 2673/2673
f 3264/3264 2673/2673 3149/3149
f 1098/1098 1092/1092 1096/1096
f 1098/1098 1096/1096 1097/1097
f 1874/1874 1875/1875 1873/1873
f 1874/1874 1873/1873 1872/1872
f 1730/1730 1729/1729 1995/1995
f 1730/1730 1995/1995 1732/1732
f 323/323 41/41 1418/1418
f 323/323 1418/1418 343/343
f 242/242 241/241 1671/1671
f 242/242 1671/1671 1673/1673
f 2534/2534 2544/2544 2607/2607
f 2534/2534 2607/2607 2621/2621
f 2893/2893 2894/2894 2890/2890
f 2893/2893 2890/2890 2892/2892
f 1686/1686 1687/1687 1685/1685
f 1686/1686 1685/1685 1684/1684
f 2381/2381 2729/2729 2396/2396
f 2381/2381 2396/2396 2392/2392
f 1340/1340 1339/1339 1777/1777
f 1340/1340 1777/1777 1344/1344
f 2812/2812 2745/2745 2815/2815
f 2812/2812 2815/2815 2813/2813
f 1428/1428 1427/1427 1788/1788
f 1428/1428 1788/1788 1787/1787
f 2251/2251 2317/2317 2320/2320
f 2251/2251 2320/2320 2321/2321
f 2529/2529 2533/2533 2620/2620
f 2529/2529 2620/2620 2530/2530
f 2547/2547 2615/2615 2612/2612
f 2547/2547 2612/2612 2611/2611
f 2536/2536 2540/2540 2532/2532
f 2536/2536 2532/2532 2535/2535
f 2487/2487 2488/2488 2486/2486
f 2487/2487 2486/2486 2485/2485
f 477/477 476/476 2906/2906
f 477/477 2906/2906 2908/2908
f 2636/2636 2600/2600 2641/2641
f 2636/2636 2641/2641 2637/2637
f 1590/1590 1589/1589 1593/1593
f 1590/1590 1593/1593 1596/1596
f 2811/2811 1079/1079 2808/2808
f 2811/2811 2808/2808 2810/2810
f 884/884 885/885 883/883
f 884/884 883/883 881/881
f 2570/2570 2567/2567 2566/2566
f 2570/2570 2566/2566 2569/2569
f 2004/2004 1996/1996 2182/2182
f 2004/2004 2182/2182 2006/2006
f 1547/1547 1548/1548 1546/1546
f 1547/1547 1546/1546 1544/1544
f 1745/1745 1744/1744 2002/2002
f 1745/1745 2002/2002 1747/1747
f 1249/1249 1248/1248 1734/1734
f 1249/1249 1734/1734 1253/1253
f 1736/1736 1735/1735 2001/2001
f 1736/1736 2001/2001 1738/1738
f 2323/2323 2321/2321 2320/2320
f 2323/2323 2320/2320 2322/2322
f 1286/1286 1280/1280 1284/1284
f 1286/1286 1284/1284 1285/1285
f 1302/1302 1303/1303 1299/1299
f 1302/1302 1299/1299 1298/1298
f 2756/2756 2755/2755 2805/2805
f 2756/2756 2805/2805 2758/2758
f 1335/1335 1334/1334 1774/1774
f 1335/1335 1774/1774 1339/1339
f 442/442 441/441 1749/1749
f 442/442 1749/1749 1748/1748
f 1468/1468 1467/1467 1827/1827
f 1468/1468 1827/1827 1829/1829
f 630/630 245/245 628/628
f 630/630 628/628 629/629
f 1333/1333 1332/1332 1338/1338
f 1333/1333 1338/1338 1462/1462
f 756/756 757/757 755/755
f 756/756 755/755 754/754
f 108/108 104/104 103/103
f 108/108 103/103 107/107
f 3087/3087 3082/3082 3085/3085
f 3087/3087 3085/3085 3086/3086
f 2755/2755 2756/2756 2754/2754
f 2755/2755 2754/2754 2753/2753
f 475/475 381/381 376/376
f 475/475 376/376 474/474
f 666/666 506/506 664/664
f 666/666 664/664 668/668
f 2513/2513 2511/2511 2510/2510
f 2513/2513 2510/2510 2478/2478
f 1893/1893 1891/1891 2105/2105
f 1893/1893 2105/2105 2107/2107
f 1338/1338 1332/1332 1336/1336
f 1338/1338 1336/1336 1337/1337
f 2166/2166 2164/2164 2288/2288
f 2166/2166 2288/2288 2290/2290
f 785/785 779/779 783/783
f 785/785 783/783 784/784
f 1377/1377 1375/1375 1795/1795
f 1377/1377 1795/1795 1382/1382
f 350/350 349/349 2616/2616
f 350/350 2616/2616 2617/2617
f 30/30 297/297 336/336
f 30/30 336/336 32/32
f 2131/2131 2130/2130 2263/2263
f 2131/2131 2263/2263 2265/2265
f 987/987 994/994 1541/1541
f 987/987 1541/1541 1540/1540
f 1451/1451 1446/1446 1443/1443
f 1451/1451 1443/1443 462/462
f 566/566 565/565 2955/2955
f 566/566 2955/2955 570/570
f 2951/2951 2944/2944 2941/2941
f 2951/2951 2941/2941 2949/2949
f 337/337 3101/3101 529/529
f 337/337 529/529 338/338
f 773/773 770/770 769/769
f 773/773 769/769 772/772
f 308/308 1460/1460 1459/1459
f 308/308 1459/1459 310/310
f 568/568 574/574 640/640
f 568/568 640/640 569/569
f 287/287 288/288 3052/3052
f 287/287 3052/3052 3051/3051
f 769/769 770/770 510/510
f 196/196 373/373 437/437
f 196/196 437/437 194/194
f 898/898 899/899 897/897
f 898/898 897/897 896/896
f 761/761 1004/1004 1001/1001
f 761/761 1001/1001 996/996
f 1063/1063 1068/1068 2350/2350
f 1063/1063 2350/2350 2348/2348
f 2649/2649 2703/2703 2702/2702
f 2649/2649 2702/2702 2650/2650
f 2072/2072 2071/2071 2225/2225
f 2072/2072 2225/2225 2074/2074
f 1058/1058 237/237 1055/1055
f 1058/1058 1055/1055 1057/1057
f 816/816 813/813 812/812
f 816/816 812/812 815/815
f 3034/3034 3098/3098 3097/3097
f 3034/3034 3097/3097 3036/3036
f 683/683 688/688 739/739
f 683/683 739/739 684/684
f 939/939 804/804 934/934
f 939/939 934/934 938/938
f 2339/2339 2336/2336 2338/2338
f 2339/2339 2338/2338 2123/2123
f 573/573 579/579 643/643
f 573/573 643/643 574/574
f 712/712 713/713 711/711
f 712/712 711/711 710/710
f 921/921 776/776 918/918
f 921/921 918/918 920/920
f 1943/1943 1942/1942 2139/2139
f 1943/1943 2139/2139 1945/1945
f 1310/1310 1315/1315 2470/2470
f 1310/1310 2470/2470 1311/1311
f 2910/2910 2912/2912 2908/2908
f 2910/2910 2908/2908 2907/2907
f 2172/2172 2171/2171 2298/2298
f 2172/2172 2298/2298 2174/2174
f 1901/1901 1902/1902 1900/1900
f 1901/1901 1900/1900 1899/1899
f 564/564 559/559 562/562
f 564/564 562/562 563/563
f 90/90 89/89 2564/2564
f 90/90 2564/2564 2563/2563
f 680/680 681/681 677/677
f 680/680 677/677 676/676
f 23/23 21/21 17/17
f 23/23 17/17 20/20
f 2802/2802 1056/1056 2797/2797
f 2802/2802 2797/2797 2800/2800
f 2137/2137 2135/2135 2267/2267
f 2137/2137 2267/2267 2269/2269
f 1070/1070 1069/1069 2806/2806
f 1070/1070 2806/2806 1074/1074
f 1525/1525 1524/1524 1890/1890
f 1525/1525 1890/1890 1892/1892
f 1030/1030 1025/1025 1024/1024
f 1030/1030 1024/1024 1032/1032
f 1682/1682 1187/1187 1679/1679
f 1682/1682 1679/1679 1681/1681
f 2736/2736 1125/1125 2826/2826
f 2736/2736 2826/2826 2737/2737
f 2641/2641 2592/2592 2644/2644
f 2641/2641 2644/2644 2642/2642
f 590/590 591/591 588/588
f 590/590 588/588 587/587
f 2460/2460 2461/2461 2459/2459
f 2460/2460 2459/2459 2458/2458
f 1207/1207 1206/1206 1701/1701
f 1207/1207 1701/1701 1209/1209
f 2963/2963 2961/2961 3024/3024
f 2963/2963 3024/3024 3027/3027
f 1538/1538 1536/1536 1613/1613
f 1538/1538 1613/1613 1542/1542
f 1127/1127 1123/1123 1122/1122
f 1127/1127 1122/1122 1126/1126
f 2284/2284 2282/2282 2329/2329
f 2284/2284 2329/2329 2287/2287
f 628/628 625/625 624/624
f 628/628 624/624 623/623
f 1321/1321 1320/1320 1765/1765
f 1321/1321 1765/1765 1324/1324
f 626/626 359/359 1177/1177
f 626/626 1177/1177 627/627
f 1461/1461 309/309 317/317
f 1461/1461 317/317 233/233
f 284/284 272/272 289/289
f 284/284 289/289 305/305
f 2498/2498 2490/2490 2489/2489
f 2498/2498 2489/2489 2488/2488
f 592/592 589/589 588/588
f 592/592 588/588 591/591
f 877/877 878/878 876/876
f 877/877 876/876 875/875
f 1245/1245 1241/1241 1240/1240
f 1245/1245 1240/1240 1244/1244
f 1186/1186 1167/1167 1183/1183
f 1186/1186 1183/1183 1185/1185
f 2533/2533 2529/2529 2532/2532
f 2533/2533 2532/2532 2540/2540
f 489/489 488/488 840/840
f 489/489 840/840 834/834
f 2656/2656 486/486 2653/2653
f 2656/2656 2653/2653 2655/2655
f 2364/2364 2368/2368 2453/2453
f 2364/2364 2453/2453 2365/2365
f 2170/2170 1981/1981 2167/2167
f 2170/2170 2167/2167 2169/2169
f 392/392 589/589 594/594
f 392/392 594/594 393/393
f 2113/2113 1904/1904 2110/2110
f 2113/2113 2110/2110 2112/2112
f 2128/2128 1938/1938 2125/2125
f 2128/2128 2125/2125 2127/2127
f 1881/1881 1882/1882 1880/1880
f 1881/1881 1880/1880 1879/1879
f 2082/2082 2083/2083 2081/2081
f 2082/2082 2081/2081 2080/2080
f 1629/1629 1630/1630 1628/1628
f 1629/1629 1628/1628 1627/1627
f 1140/1140 1141/1141 1137/1137
f 1140/1140 1137/1137 1136/1136
f 1707/1707 1212/1212 1704/1704
f 1707/1707 1704/1704 1706/1706
f 1429/1429 1428/1428 1787/1787
f 1429/1429 1787/1787 1800/1800
f 252/252 255/255 2328/2328
f 252/252 2328/2328 2271/2271
f 1884/1884 1883/1883 2100/2100
f 1884/1884 2100/2100 1886/1886
f 148/148 149/149 144/144
f 148/148 144/144 147/147
f 134/134 133/133 1417/1417
f 134/134 1417/1417 370/370
f 2739/2739 2740/2740 2738/2738
f 2739/2739 2738/2738 2737/2737
f 439/439 446/446 2017/2017
f 439/439 2017/2017 2018/2018
f 484/484 483/483 2647/2647
f 484/484 2647/2647 2651/2651
f 555/555 556/556 552/552
f 555/555 552/552 554/554
f 1832/1832 1833/1833 1831/1831
f 1832/1832 1831/1831 1830/1830
f 2023/2023 2018/2018 2021/2021
f 2023/2023 2021/2021 2022/2022
f 966/966 964/964 983/983
f 966/966 983/983 981/981
f 2995/2995 2994/2994 3046/3046
f 2995/2995 3046/3046 3050/3050
f 1908/1908 1915/1915 1914/1914
f 1908/1908 1914/1914 1910/1910
f 2764/2764 2765/2765 2761/2761
f 2764/2764 2761/2761 2763/2763
f 700/700 697/697 696/696
f 700/700 696/696 695/695
f 1254/1254 1253/1253 1737/1737
f 1254/1254 1737/1737 1258/1258
f 2036/2036 2032/2032 2031/2031
f 2036/2036 2031/2031 2035/2035
f 2693/2693 2654/2654 2700/2700
f 2693/2693 2700/2700 2695/2695
f 1986/1986 1720/1720 1983/1983
f 1986/1986 1983/1983 1985/1985
f 962/962 985/985 983/983
f 962/962 983/983 964/964
f 1188/1188 1187/1187 1682/1682
f 1188/1188 1682/1682 1190/1190
f 2589/2589 2587/2587 2648/2648
f 2589/2589 2648/2648 2646/2646
f 1578/1578 775/775 1575/1575
f 1578/1578 1575/1575 1577/1577
f 1509/1509 1510/1510 1508/1508
f 1509/1509 1508/1508 1507/1507
f 61/61 60/60 716/716
f 61/61 716/716 720/720
f 615/615 616/616 612/612
f 615/615 612/612 611/611
f 2948/2948 2949/2949 2941/2941
f 2948/2948 2941/2941 2946/2946
f 952/952 819/819 948/948
f 952/952 948/948 951/951
f 2510/2510 2508/2508 2507/2507
f 2510/2510 2507/2507 2481/2481
f 2376/2376 2377/2377 2373/2373
f 2376/2376 2373/2373 2372/2372
f 1443/1443 1372/1372 1440/1440
f 1443/1443 1440/1440 1442/1442
f 500/500 497/497 1517/1517
f 500/500 1517/1517 1519/1519
f 1565/1565 1559/1559 1591/1591
f 1565/1565 1591/1591 1567/1567
f 1601/1601 1602/1602 1599/1599
f 1601/1601 1599/1599 1600/1600
f 400/400 399/399 583/583
f 400/400 583/583 585/585
f 2262/2262 2261/2261 2327/2327
f 2262/2262 2327/2327 2264/2264
f 3008/3008 2939/2939 2999/2999
f 3008/3008 2999/2999 3003/3003
f 1435/1435 1436/1436 1434/1434
f 1435/1435 1434/1434 1433/1433
f 2566/2566 2560/2560 2564/2564
f 2566/2566 2564/2564 2565/2565
f 1139/1139 1133/1133 1137/1137
f 1139/1139 1137/1137 1138/1138
f 1114/1114 1109/1109 1112/1112
f 1114/1114 1112/1112 1113/1113
f 115/115 266/266 3054/3054
f 115/115 3054/3054 116/116
f 1411/1411 1408/1408 1407/1407
f 1411/1411 1407/1407 1410/1410
f 2612/2612 2610/2610 2609/2609
f 2612/2612 2609/2609 2611/2611
f 637/637 634/634 633/633
f 637/637 633/633 636/636
f 2096/2096 2094/2094 2335/2335
f 2096/2096 2335/2335 2334/2334
f 995/995 992/992 991/991
f 995/995 991/991 990/990
f 83/83 79/79 77/77
f 83/83 77/77 82/82
f 1605/1605 1600/1600 1603/1603
f 1605/1605 1603/1603 1604/1604
f 403/403 335/335 31/31
f 403/403 31/31 340/340
f 2639/2639 2504/2504 2503/2503
f 2639/2639 2503/2503 2506/2506
f 254/254 2264/2264 2327/2327
f 254/254 2327/2327 255/255
f 2123/2123 2124/2124 2121/2121
f 2123/2123 2121/2121 2119/2119
f 1103/1103 227/227 2729/2729
f 1103/1103 2729/2729 2376/2376
f 210/210 215/215 2700/2700
f 210/210 2700/2700 2701/2701
f 2135/2135 2133/2133 2266/2266
f 2135/2135 2266/2266 2267/2267
f 2897/2897 2898/2898 2896/2896
f 2897/2897 2896/2896 2895/2895
f 1150/1150 101/101 1147/1147
f 1150/1150 1147/1147 1146/1146
f 708/708 709/709 707/707
f 708/708 707/707 706/706
f 2142/2142 1953/1953 2140/2140
f 2142/2142 2140/2140 2141/2141
f 1991/1991 1990/1990 2179/2179
f 1991/1991 2179/2179 1993/1993
f 360/360 1673/1673 1671/1671
f 360/360 1671/1671 361/361
f 386/386 385/385 2497/2497
f 386/386 2497/2497 204/204
f 3030/3030 3029/3029 3028/3028
f 3030/3030 3028/3028 3032/3032
f 1852/1852 1853/1853 1851/1851
f 1852/1852 1851/1851 1850/1850
f 2401/2401 2400/2400 2399/2399
f 2401/2401 2399/2399 1242/1242
f 2904/2904 402/402 2901/2901
f 2904/2904 2901/2901 2903/2903
f 1359/1359 1358/1358 1789/1789
f 1359/1359 1789/1789 1364/1364
f 1372/1372 1373/1373 1369/1369
f 1372/1372 1369/1369 1371/1371
f 2652/2652 2701/2701 2700/2700
f 2652/2652 2700/2700 2654/2654
f 2644/2644 2645/2645 2643/2643
f 2644/2644 2643/2643 2642/2642
f 2550/2550 2556/2556 2617/2617
f 2550/2550 2617/2617 2551/2551
f 136/136 50/50 132/132
f 136/136 132/132 135/135
f 2108/2108 2109/2109 2107/2107
f 2108/2108 2107/2107 2106/2106
f 2573/2573 2709/2709 2706/2706
f 2573/2573 2706/2706 2575/2575
f 401/401 395/395 391/391
f 401/401 391/391 394/394
f 1549/1549 902/902 1546/1546
f 1549/1549 1546/1546 1548/1548
f 2831/2831 2832/2832 2830/2830
f 2831/2831 2830/2830 2799/2799
f 1040/1040 1037/1037 1036/1036
f 1040/1040 1036/1036 734/734
f 2090/2090 2247/2247 2250/2250
f 2090/2090 2250/2250 2092/2092
f 49/49 343/343 1418/1418
f 49/49 1418/1418 45/45
f 2657/2657 2715/2715 2720/2720
f 2657/2657 2720/2720 2718/2718
f 2996/2996 2997/2997 2993/2993
f 2996/2996 2993/2993 2995/2995
f 2316/2316 2243/2243 2313/2313
f 2316/2316 2313/2313 2315/2315
f 1955/1955 1689/1689 1952/1952
f 1955/1955 1952/1952 1954/1954
f 2991/2991 2992/2992 2990/2990
f 2991/2991 2990/2990 2989/2989
f 1534/1534 1532/1532 1612/1612
f 1534/1534 1612/1612 1611/1611
f 1358/1358 1359/1359 1355/1355
f 1358/1358 1355/1355 1357/1357
f 2176/2176 1987/1987 2173/2173
f 2176/2176 2173/2173 2175/2175
f 3054/3054 266/266 3047/3047
f 3054/3054 3047/3047 3053/3053
f 2855/2855 2789/2789 2852/2852
f 2855/2855 2852/2852 2854/2854
f 1000/1000 999/999 1506/1506
f 1000/1000 1506/1506 499/499
f 2380/2380 2374/2374 2378/2378
f 2380/2380 2378/2378 2379/2379
f 822/822 828/828 883/883
f 822/822 883/883 823/823
f 2454/2454 2531/2531 2528/2528
f 2454/2454 2528/2528 2527/2527
f 2930/2930 2932/2932 2927/2927
f 2930/2930 2927/2927 2929/2929
f 1906/1906 1905/1905 1919/1919
f 1906/1906 1919/1919 1917/1917
f 1634/1634 1635/1635 1633/1633
f 1634/1634 1633/1633 1631/1631
f 2244/2244 2243/2243 2316/2316
f 2244/2244 2316/2316 2317/2317
f 1725/1725 1233/1233 1722/1722
f 1725/1725 1722/1722 1724/1724
f 1308/1308 1307/1307 1755/1755
f 1308/1308 1755/1755 1312/1312
f 824/824 825/825 821/821
f 824/824 821/821 820/820
f 171/171 170/170 179/179
f 171/171 179/179 177/177
f 1298/1298 1297/1297 1750/1750
f 1298/1298 1750/1750 1302/1302
f 1429/1429 1430/1430 1426/1426
f 1429/1429 1426/1426 1428/1428
f 1466/1466 1467/1467 1465/1465
f 1466/1466 1465/1465 1464/1464
f 852/852 857/857 866/866
f 852/852 866/866 853/853
f 515/515 520/520 900/900
f 515/515 900/900 903/903
f 1650/1650 638/638 641/641
f 1650/1650 641/641 642/642
f 2111/2111 2112/2112 2110/2110
f 2111/2111 2110/2110 2108/2108
f 2253/2253 2249/2249 2248/2248
f 2253/2253 2248/2248 2252/2252
f 3063/3063 3084/3084 3081/3081
f 3063/3063 3081/3081 3080/3080
f 2781/2781 454/454 2777/2777
f 2781/2781 2777/2777 2780/2780
f 94/94 95/95 92/92
f 94/94 92/92 93/93
f 140/140 16/16 138/138
f 140/140 138/138 139/139
f 189/189 201/201 383/383
f 189/189 383/383 188/188
f 22/22 18/18 17/17
f 22/22 17/17 21/21
f 413/413 415/415 405/405
f 413/413 405/405 412/412
f 1580/1580 1584/1584 1636/1636
f 1580/1580 1636/1636 1581/1581
f 2127/2127 2126/2126 2330/2330
f 2127/2127 2330/2330 2129/2129
f 898/898 907/907 904/904
f 898/898 904/904 899/899
f 2790/2790 2789/2789 2855/2855
f 2790/2790 2855/2855 2793/2793
f 1022/1022 2921/2921 2919/2919
f 1022/1022 2919/2919 1023/1023
f 2925/2925 615/615 2975/2975
f 2925/2925 2975/2975 2977/2977
f 617/617 613/613 612/612
f 617/617 612/612 616/616
f 2554/2554 2550/2550 2549/2549
f 2554/2554 2549/2549 2553/2553
f 1238/1238 1239/1239 1235/1235
f 1238/1238 1235/1235 1234/1234
f 224/224 1227/1227 1232/1232
f 224/224 1232/1232 225/225
f 1814/1814 1815/1815 1813/1813
f 1814/1814 1813/1813 1769/1769
f 2353/2353 2356/2356 2465/2465
f 2353/2353 2465/2465 413/413
f 869/869 853/853 866/866
f 869/869 866/866 868/868
f 1940/1940 1941/1941 1937/1937
f 1940/1940 1937/1937 1939/1939
f 2767/2767 419/419 2757/2757
f 2767/2767 2757/2757 2760/2760
f 1056/1056 1057/1057 1055/1055
f 1056/1056 1055/1055 1054/1054
f 399/399 398/398 581/581
f 399/399 581/581 583/583
f 2345/2345 235/235 233/233
f 2345/2345 233/233 238/238
f 763/763 764/764 760/760
f 763/763 760/760 762/762
f 1897/1897 1527/1527 1894/1894
f 1897/1897 1894/1894 1896/1896
f 40/40 1412/1412 1415/1415
f 40/40 1415/1415 1416/1416
f 312/312 313/313 314/314
f 312/312 314/314 311/311
f 323/323 325/325 42/42
f 323/323 42/42 41/41
f 55/55 91/91 724/724
f 55/55 724/724 728/728
f 1036/1036 1028/1028 1031/1031
f 1036/1036 1031/1031 1035/1035
f 1353/1353 1347/1347 1354/1354
f 1353/1353 1354/1354 1351/1351
f 1392/1392 1393/1393 1389/1389
f 1392/1392 1389/1389 1388/1388
f 959/959 867/867 954/954
f 959/959 954/954 945/945
f 675/675 2923/2923 680/680
f 675/675 680/680 676/676
f 3145/3145 2671/2671 2672/2672
f 2672/2672 2670/2670 2669/2669
f 2672/2672 2669/2669 3172/3172
f 3109/3109 3145/3145 2672/2672
f 2672/2672 3172/3172 3109/3109
f 2514/2514 2511/2511 2513/2513
f 2514/2514 2513/2513 2520/2520
f 694/694 703/703 700/700
f 694/694 700/700 695/695
f 3053/3053 3044/3044 3094/3094
f 3053/3053 3094/3094 3055/3055
f 714/714 715/715 713/713
f 714/714 713/713 712/712
f 2040/2040 1818/1818 2038/2038
f 2040/2040 2038/2038 2037/2037
f 1718/1718 1717/1717 1983/1983
f 1718/1718 1983/1983 1720/1720
f 668/668 751/751 750/750
f 668/668 750/750 666/666
f 1715/1715 1713/1713 1976/1976
f 1715/1715 1976/1976 1978/1978
f 2150/2150 2149/2149 2276/2276
f 2150/2150 2276/2276 2152/2152
f 1387/1387 1388/1388 1384/1384
f 1387/1387 1384/1384 1383/1383
f 866/866 857/857 863/863
f 866/866 863/863 865/865
f 3082/3082 3087/3087 3099/3099
f 3082/3082 3099/3099 3083/3083
f 1809/1809 1445/1445 1442/1442
f 1809/1809 1442/1442 1441/1441
f 2011/2011 2012/2012 2010/2010
f 2011/2011 2010/2010 2009/2009
f 419/419 2767/2767 417/417
f 419/419 417/417 418/418
f 1030/1030 1029/1029 1025/1025
f 247/247 246/246 3067/3067
f 247/247 3067/3067 3069/3069
f 263/263 287/287 3051/3051
f 263/263 3051/3051 259/259
f 768/768 767/767 917/917
f 768/768 917/917 771/771
f 2563/2563 2562/2562 2686/2686
f 2563/2563 2686/2686 90/90
f 1786/1786 1350/1350 1781/1781
f 1786/1786 1781/1781 1785/1785
f 464/464 1262/1262 1261/1261
f 464/464 1261/1261 1266/1266
f 874/874 873/873 961/961
f 874/874 961/961 963/963
f 3065/3065 307/307 3062/3062
f 3065/3065 3062/3062 3064/3064
f 200/200 522/522 384/384
f 200/200 384/384 201/201
f 307/307 107/107 109/109
f 307/307 109/109 306/306
f 40/40 39/39 1413/1413
f 40/40 1413/1413 1412/1412
f 763/763 990/990 989/989
f 763/763 989/989 765/765
f 2838/2838 2837/2837 2864/2864
f 2838/2838 2864/2864 2868/2868
f 1295/1295 1301/1301 2480/2480
f 1295/1295 2480/2480 1296/1296
f 528/528 841/841 839/839
f 528/528 839/839 840/840
f 2133/2133 2131/2131 2265/2265
f 2133/2133 2265/2265 2266/2266
f 1618/1618 1617/1617 1898/1898
f 1618/1618 1898/1898 1620/1620
f 1814/1814 1766/1766 2039/2039
f 1814/1814 2039/2039 1816/1816
f 1413/1413 1408/1408 1411/1411
f 1413/1413 1411/1411 1412/1412
f 253/253 252/252 2271/2271
f 253/253 2271/2271 2268/2268
f 569/569 563/563 567/567
f 569/569 567/567 568/568
f 62/62 63/63 67/67
f 62/62 67/67 71/71
f 53/53 11/11 10/10
f 53/53 10/10 52/52
f 1051/1051 236/236 233/233
f 1051/1051 233/233 317/317
f 1262/1262 438/438 2418/2418
f 1262/1262 2418/2418 1263/1263
f 451/451 1053/1053 1052/1052
f 451/451 1052/1052 452/452
f 186/186 2727/2727 2725/2725
f 186/186 2725/2725 2726/2726
f 396/396 395/395 663/663
f 396/396 663/663 658/658
f 2347/2347 2349/2349 2346/2346
f 2347/2347 2346/2346 2344/2344
f 459/459 458/458 1820/1820
f 459/459 1820/1820 1824/1824
f 1879/1879 1880/1880 1876/1876
f 1879/1879 1876/1876 1878/1878
f 2272/2272 2271/2271 2328/2328
f 2272/2272 2328/2328 2274/2274
f 2357/2357 2355/2355 2354/2354
f 2357/2357 2354/2354 1083/1083
f 834/834 835/835 831/831
f 834/834 831/831 830/830
f 791/791 792/792 788/788
f 791/791 788/788 787/787
f 1318/1318 1319/1319 1317/1317
f 1318/1318 1317/1317 1316/1316
f 2739/2739 2737/2737 2826/2826
f 2739/2739 2826/2826 2825/2825
f 1631/1631 1632/1632 1630/1630
f 1631/1631 1630/1630 1629/1629
f 922/922 923/923 921/921
f 922/922 921/921 920/920
f 1920/1920 1919/1919 2113/2113
f 1920/1920 2113/2113 1922/1922
f 2335/2335 2255/2255 2332/2332
f 2335/2335 2332/2332 2334/2334
f 2096/2096 2097/2097 2095/2095
f 2096/2096 2095/2095 2094/2094
f 2582/2582 2581/2581 2614/2614
f 2582/2582 2614/2614 2613/2613
f 1813/1813 463/463 1812/1812
f 1813/1813 1812/1812 1772/1772
f 2676/2676 2678/2678 2679/2679
f 2679/2679 2677/2677 3144/3144
f 3144/3144 3108/3108 3171/3171
f 3171/3171 2676/2676 2679/2679
f 2679/2679 3144/3144 3171/3171
f 485/485 2502/2502 2643/2643
f 485/485 2643/2643 482/482
f 895/895 887/887 970/970
f 895/895 970/970 972/972
f 806/806 799/799 803/803
f 806/806 803/803 805/805
f 2373/2373 2370/2370 2369/2369
f 2373/2373 2369/2369 2372/2372
f 947/947 943/943 942/942
f 947/947 942/942 946/946
f 2314/2314 2329/2329 2318/2318
f 2314/2314 2318/2318 2315/2315
f 1325/1325 1324/1324 1768/1768
f 1325/1325 1768/1768 1329/1329
f 2804/2804 1060/1060 2802/2802
f 2804/2804 2802/2802 2803/2803
f 1200/1200 1199/1199 1694/1694
f 1200/1200 1694/1694 1698/1698
f 1692/1692 1693/1693 1691/1691
f 1692/1692 1691/1691 1690/1690
f 1421/1421 1422/1422 1420/1420
f 1421/1421 1420/1420 1419/1419
f 347/347 348/348 345/345
f 347/347 345/345 346/346
f 43/43 42/42 325/325
f 43/43 325/325 532/532
f 3046/3046 2994/2994 3043/3043
f 3046/3046 3043/3043 3045/3045
f 1697/1697 1696/1696 1965/1965
f 1697/1697 1965/1965 1967/1967
f 1019/1019 1015/1015 1014/1014
f 1019/1019 1014/1014 1018/1018
f 1002/1002 1007/1007 1500/1500
f 1002/1002 1500/1500 1003/1003
f 2428/2428 2391/2391 2427/2427
f 2428/2428 2427/2427 2423/2423
f 1260/1260 1256/1256 1255/1255
f 1260/1260 1255/1255 1259/1259
f 2835/2835 2834/2834 2861/2861
f 2835/2835 2861/2861 2837/2837
f 1487/1487 1486/1486 1839/1839
f 1487/1487 1839/1839 1489/1489
f 1975/1975 1976/1976 1974/1974
f 1975/1975 1974/1974 1973/1973
f 1546/1546 906/906 1545/1545
f 1546/1546 1545/1545 1544/1544
f 2046/2046 2047/2047 2045/2045
f 2046/2046 2045/2045 2044/2044
f 2048/2048 2046/2046 2207/2207
f 2048/2048 2207/2207 2209/2209
f 224/224 228/228 1226/1226
f 224/224 1226/1226 1227/1227
f 1830/1830 1828/1828 2045/2045
f 1830/1830 2045/2045 2047/2047
f 3036/3036 3037/3037 3035/3035
f 3036/3036 3035/3035 3034/3034
f 2622/2622 2530/2530 2620/2620
f 2622/2622 2620/2620 2618/2618
f 1868/1868 1869/1869 1867/1867
f 1868/1868 1867/1867 1866/1866
f 2614/2614 2610/2610 2612/2612
f 2614/2614 2612/2612 2613/2613
f 1966/1966 1967/1967 1965/1965
f 1966/1966 1965/1965 1964/1964
f 2836/2836 2769/2769 2833/2833
f 2836/2836 2833/2833 2835/2835
f 931/931 985/985 962/962
f 931/931 962/962 932/932
f 1903/1903 1623/1623 1900/1900
f 1903/1903 1900/1900 1902/1902
f 3047/3047 3048/3048 3046/3046
f 3047/3047 3046/3046 3045/3045
f 586/586 587/587 585/585
f 586/586 585/585 584/584
f 910/910 988/988 1543/1543
f 910/910 1543/1543 1545/1545
f 845/845 842/842 838/838
f 845/845 838/838 837/837
f 1981/1981 1979/1979 2165/2165
f 1981/1981 2165/2165 2167/2167
f 1299/1299 1295/1295 1294/1294
f 1299/1299 1294/1294 1298/1298
f 444/444 443/443 2003/2003
f 444/444 2003/2003 2005/2005
f 2546/2546 2551/2551 2615/2615
f 2546/2546 2615/2615 2547/2547
f 741/741 742/742 740/740
f 741/741 740/740 738/738
f 1128/1128 1134/1134 1208/1208
f 1128/1128 1208/1208 1129/1129
f 2399/2399 2394/2394 2398/2398
f 2399/2399 2398/2398 1237/1237
f 560/560 554/554 558/558
f 560/560 558/558 559/559
f 513/513 512/512 1888/1888
f 513/513 1888/1888 1523/1523
f 595/595 596/596 592/592
f 595/595 592/592 591/591
f 177/177 179/179 2897/2897
f 177/177 2897/2897 2895/2895
f 684/684 678/678 682/682
f 684/684 682/682 683/683
f 33/33 334/334 355/355
f 33/33 355/355 36/36
f 476/476 479/479 2904/2904
f 476/476 2904/2904 2906/2906
f 1392/1392 426/426 1397/1397
f 1392/1392 1397/1397 1393/1393
f 2955/2955 565/565 2950/2950
f 2955/2955 2950/2950 2953/2953
f 1612/1612 1608/1608 1610/1610
f 1612/1612 1610/1610 1611/1611
f 1133/1133 1139/1139 1205/1205
f 1133/1133 1205/1205 1134/1134
f 1863/1863 1862/1862 2073/2073
f 1863/1863 2073/2073 1865/1865
f 1709/1709 1708/1708 1974/1974
f 1709/1709 1974/1974 1711/1711
f 1893/1893 1894/1894 1892/1892
f 1893/1893 1892/1892 1891/1891
f 2048/2048 2049/2049 2047/2047
f 2048/2048 2047/2047 2046/2046
f 2210/2210 2211/2211 2209/2209
f 2210/2210 2209/2209 2204/2204
f 2863/2863 2862/2862 2887/2887
f 2863/2863 2887/2887 2865/2865
f 1115/1115 1116/1116 1112/1112
f 1115/1115 1112/1112 1111/1111
f 1169/1169 1166/1166 1165/1165
f 1169/1169 1165/1165 1168/1168
f 609/609 1172/1172 1169/1169
f 609/609 1169/1169 1168/1168
f 731/731 732/732 730/730
f 731/731 730/730 729/729
f 601/601 1164/1164 1161/1161
f 601/601 1161/1161 1160/1160
f 2337/2337 2336/2336 2339/2339
f 2337/2337 2339/2339 2340/2340
f 1995/1995 1729/1729 1992/1992
f 1995/1995 1992/1992 1994/1994
f 1923/1923 1922/1922 2114/2114
f 1923/1923 2114/2114 1925/1925
f 1646/1646 1645/1645 1912/1912
f 1646/1646 1912/1912 1651/1651
f 1201/1201 1202/1202 1198/1198
f 1201/1201 1198/1198 1200/1200
f 2440/2440 2441/2441 2439/2439
f 2440/2440 2439/2439 2438/2438
f 2528/2528 2525/2525 2524/2524
f 2528/2528 2524/2524 2527/2527
f 2652/2652 2653/2653 2651/2651
f 2652/2652 2651/2651 2650/2650
f 1493/1493 1492/1492 1845/1845
f 1493/1493 1845/1845 1495/1495
f 1199/1199 1200/1200 1198/1198
f 1199/1199 1198/1198 1197/1197
f 1710/1710 1215/1215 1707/1707
f 1710/1710 1707/1707 1709/1709
f 1184/1184 1185/1185 1183/1183
f 1184/1184 1183/1183 1182/1182
f 1704/1704 1209/1209 1701/1701
f 1704/1704 1701/1701 1703/1703
f 2025/2025 2024/2024 2203/2203
f 2025/2025 2203/2203 2029/2029
f 2973/2973 2974/2974 2972/2972
f 2973/2973 2972/2972 2971/2971
f 725/725 449/449 1049/1049
f 725/725 1049/1049 1045/1045
f 1969/1969 1970/1970 1968/1968
f 1969/1969 1968/1968 1966/1966
f 1505/1505 1504/1504 1857/1857
f 1505/1505 1857/1857 1507/1507
f 2557/2557 2680/2680 2681/2681
f 2557/2557 2681/2681 2682/2682
f 2970/2970 2971/2971 2969/2969
f 2970/2970 2969/2969 2968/2968
f 2294/2294 2293/2293 2310/2310
f 2294/2294 2310/2310 2296/2296
f 2230/2230 2229/2229 2308/2308
f 2230/2230 2308/2308 2232/2232
f 3034/3034 3035/3035 3031/3031
f 3034/3034 3031/3031 3033/3033
f 2949/2949 2948/2948 3011/3011
f 2949/2949 3011/3011 2952/2952
f 2148/2148 1959/1959 2145/2145
f 2148/2148 2145/2145 2147/2147
f 2390/2390 2395/2395 2427/2427
f 2390/2390 2427/2427 2391/2391
f 1869/1869 1868/1868 2079/2079
f 1869/1869 2079/2079 1872/1872
f 2199/2199 2198/2198 2213/2213
f 2199/2199 2213/2213 2201/2201
f 1165/1165 1162/1162 1161/1161
f 1165/1165 1161/1161 1164/1164
f 1123/1123 1129/1129 1211/1211
f 1123/1123 1211/1211 1124/1124
f 2675/2675 62/62 2442/2442
f 2442/2442 2673/2673 3180/3180
f 3180/3180 3117/3117 3153/3153
f 3153/3153 2675/2675 2442/2442
f 2442/2442 3180/3180 3153/3153
f 1399/1399 1398/1398 1403/1403
f 1399/1399 1403/1403 1406/1406
f 1891/1891 1892/1892 1890/1890
f 1891/1891 1890/1890 1889/1889
f 2206/2206 2029/2029 2203/2203
f 2206/2206 2203/2203 2205/2205
f 714/714 712/712 2742/2742
f 714/714 2742/2742 2744/2744
f 1215/1215 1216/1216 1214/1214
f 1215/1215 1214/1214 1213/1213
f 1864/1864 1511/1511 1861/1861
f 1864/1864 1861/1861 1863/1863
f 901/901 906/906 1546/1546
f 901/901 1546/1546 902/902
f 56/56 57/57 54/54
f 56/56 54/54 55/55
f 2046/2046 2044/2044 2208/2208
f 2046/2046 2208/2208 2207/2207
f 2145/2145 1956/1956 2142/2142
f 2145/2145 2142/2142 2144/2144
f 2444/2444 2388/2388 2439/2439
f 2444/2444 2439/2439 2441/2441
f 1173/1173 1170/1170 1169/1169
f 1173/1173 1169/1169 1172/1172
f 1251/1251 2413/2413 2409/2409
f 1251/1251 2409/2409 1252/1252
f 1706/1706 1705/1705 1971/1971
f 1706/1706 1971/1971 1708/1708
f 1399/1399 1400/1400 1396/1396
f 1399/1399 1396/1396 1398/1398
f 1734/1734 1248/1248 1731/1731
f 1734/1734 1731/1731 1733/1733
f 699/699 698/698 733/733
f 699/699 733/733 737/737
f 1122/1122 1118/1118 1117/1117
f 1122/1122 1117/1117 1121/1121
f 1255/1255 1251/1251 1250/1250
f 1255/1255 1250/1250 1254/1254
f 1171/1171 1170/1170 1175/1175
f 1171/1171 1175/1175 1180/1180
f 1836/1836 1472/1472 1833/1833
f 1836/1836 1833/1833 1835/1835
f 2214/2214 2058/2058 2212/2212
f 2214/2214 2212/2212 2213/2213
f 2034/2034 2035/2035 2031/2031
f 2034/2034 2031/2031 2030/2030
f 148/148 1410/1410 1407/1407
f 148/148 1407/1407 1402/1402
f 402/402 353/353 2899/2899
f 402/402 2899/2899 2901/2901
f 926/926 925/925 982/982
f 926/926 982/982 984/984
f 1303/1303 1302/1302 1752/1752
f 1303/1303 1752/1752 1307/1307
f 1822/1822 1821/1821 2043/2043
f 1822/1822 2043/2043 1826/1826
f 538/538 536/536 952/952
f 538/538 952/952 951/951
f 1363/1363 1352/1352 1360/1360
f 1363/1363 1360/1360 1361/1361
f 1424/1424 1792/1792 1791/1791
f 1424/1424 1791/1791 1790/1790
f 2379/2379 2387/2387 2443/2443
f 2379/2379 2443/2443 2380/2380
f 1061/1061 1060/1060 2804/2804
f 1061/1061 2804/2804 1064/1064
f 2079/2079 1868/1868 2076/2076
f 2079/2079 2076/2076 2078/2078
f 1203/1203 1201/1201 1700/1700
f 1203/1203 1700/1700 1206/1206
f 1470/1470 1471/1471 1469/1469
f 1470/1470 1469/1469 1468/1468
f 729/729 730/730 728/728
f 729/729 728/728 727/727
f 1110/1110 1111/1111 1108/1108
f 1110/1110 1108/1108 1107/1107
f 543/543 541/541 2875/2875
f 543/543 2875/2875 2871/2871
f 702/702 56/56 730/730
f 702/702 730/730 732/732
f 1095/1095 1094/1094 2820/2820
f 1095/1095 2820/2820 1099/1099
f 2154/2154 2155/2155 2151/2151
f 2154/2154 2151/2151 2153/2153
f 1435/1435 1433/1433 1804/1804
f 1435/1435 1804/1804 1438/1438
f 2476/2476 2475/2475 2513/2513
f 2476/2476 2513/2513 2478/2478
f 2099/2099 2098/2098 2337/2337
f 2099/2099 2337/2337 2101/2101
f 3062/3062 3059/3059 3058/3058
f 3062/3062 3058/3058 3061/3061
f 1585/1585 1583/1583 1582/1582
f 1585/1585 1582/1582 1573/1573
f 523/523 524/524 384/384
f 523/523 384/384 522/522
f 127/127 128/128 125/125
f 127/127 125/125 126/126
f 3060/3060 3088/3088 3085/3085
f 3060/3060 3085/3085 3084/3084
f 718/718 717/717 2750/2750
f 718/718 2750/2750 421/421
f 2817/2817 1089/1089 2814/2814
f 2817/2817 2814/2814 2816/2816
f 2308/2308 2229/2229 2306/2306
f 2308/2308 2306/2306 2305/2305
f 3059/3059 121/121 3056/3056
f 3059/3059 3056/3056 3058/3058
f 1453/1453 1454/1454 1449/1449
f 1453/1453 1449/1449 1448/1448
f 1212/1212 1213/1213 1211/1211
f 1212/1212 1211/1211 1210/1210
f 1431/1431 1432/1432 1430/1430
f 1431/1431 1430/1430 1429/1429
f 2549/2549 2546/2546 2545/2545
f 2549/2549 2545/2545 2548/2548
f 1020/1020 1026/1026 1488/1488
f 1020/1020 1488/1488 1021/1021
f 2471/2471 2473/2473 2470/2470
f 2471/2471 2470/2470 2468/2468
f 6/6 5/5 1880/1880
f 6/6 1880/1880 1882/1882
f 2368/2368 2364/2364 2366/2366
f 2368/2368 2366/2366 2367/2367
f 2789/2789 2785/2785 2850/2850
f 2789/2789 2850/2850 2852/2852
f 2074/2074 2075/2075 2073/2073
f 2074/2074 2073/2073 2072/2072
f 1511/1511 1509/1509 1859/1859
f 1511/1511 1859/1859 1861/1861
f 752/752 669/669 667/667
f 752/752 667/667 670/670
f 47/47 46/46 1417/1417
f 47/47 1417/1417 133/133
f 843/843 844/844 838/838
f 843/843 838/838 842/842
f 1230/1230 1227/1227 1226/1226
f 1230/1230 1226/1226 1229/1229
f 2152/2152 2153/2153 2151/2151
f 2152/2152 2151/2151 2150/2150
f 2159/2159 2160/2160 2158/2158
f 2159/2159 2158/2158 2156/2156
f 1424/1424 1425/1425 1423/1423
f 1424/1424 1423/1423 1422/1422
f 1292/1292 1293/1293 1289/1289
f 1292/1292 1289/1289 1288/1288
f 1752/1752 1302/1302 1750/1750
f 1752/1752 1750/1750 1751/1751
f 2257/2257 2256/2256 2324/2324
f 2257/2257 2324/2324 2261/2261
f 694/694 693/693 2730/2730
f 694/694 2730/2730 2732/2732
f 2103/2103 1886/1886 2100/2100
f 2103/2103 2100/2100 2102/2102
f 2582/2582 2613/2613 2616/2616
f 2582/2582 2616/2616 349/349
f 178/178 540/540 2897/2897
f 178/178 2897/2897 179/179
f 448/448 1050/1050 1049/1049
f 448/448 1049/1049 449/449
f 457/457 463/463 1813/1813
f 457/457 1813/1813 1815/1815
f 790/790 784/784 788/788
f 790/790 788/788 789/789
f 809/809 810/810 806/806
f 809/809 806/806 805/805
f 1766/1766 1767/1767 1765/1765
f 1766/1766 1765/1765 1764/1764
f 1297/1297 1298/1298 1294/1294
f 1297/1297 1294/1294 1293/1293
f 2067/2067 2068/2068 2066/2066
f 2067/2067 2066/2066 2065/2065
f 781/781 782/782 778/778
f 781/781 778/778 777/777
f 2881/2881 2879/2879 2918/2918
f 2881/2881 2918/2918 2902/2902
f 1776/1776 1775/1775 1806/1806
f 1776/1776 1806/1806 1778/1778
f 2111/2111 2115/2115 2114/2114
f 2111/2111 2114/2114 2112/2112
f 2455/2455 2454/2454 2527/2527
f 2455/2455 2527/2527 2457/2457
f 1131/1131 1130/1130 2734/2734
f 1131/1131 2734/2734 1135/1135
f 540/540 543/543 2898/2898
f 540/540 2898/2898 2897/2897
f 1485/1485 1029/1029 1484/1484
f 1485/1485 1484/1484 1483/1483
f 520/520 518/518 890/890
f 520/520 890/890 897/897
f 156/156 151/151 150/150
f 156/156 150/150 155/155
f 76/76 383/383 382/382
f 76/76 382/382 81/81
f 795/795 789/789 793/793
f 795/795 793/793 794/794
f 868/868 867/867 959/959
f 868/868 959/959 870/870
f 174/174 172/172 154/154
f 174/174 154/154 478/478
f 1963/1963 1962/1962 2151/2151
f 1963/1963 2151/2151 2155/2155
f 68/68 2449/2449 2448/2448
f 68/68 2448/2448 69/69
f 1694/1694 1199/1199 1691/1691
f 1694/1694 1691/1691 1693/1693
f 1243/1243 1244/1244 1240/1240
f 1243/1243 1240/1240 1239/1239
f 1796/1796 1797/1797 1795/1795
f 1796/1796 1795/1795 1794/1794
f 2398/2398 2394/2394 2393/2393
f 2398/2398 2393/2393 2397/2397
f 1069/1069 1070/1070 1066/1066
f 1069/1069 1066/1066 1065/1065
f 1259/1259 1258/1258 1740/1740
f 1259/1259 1740/1740 1264/1264
f 2745/2745 2746/2746 2744/2744
f 2745/2745 2744/2744 2743/2743
f 1761/1761 1759/1759 2033/2033
f 1761/1761 2033/2033 2032/2032
f 3021/3021 3023/3023 3020/3020
f 3021/3021 3020/3020 3018/3018
f 2234/2234 2235/2235 2233/2233
f 2234/2234 2233/2233 2232/2232
f 3066/3066 3067/3067 3065/3065
f 3066/3066 3065/3065 3064/3064
f 1647/1647 1649/1649 1643/1643
f 1647/1647 1643/1643 1646/1646
f 886/886 823/823 883/883
f 886/886 883/883 885/885
f 2464/2464 2463/2463 2472/2472
f 2464/2464 2472/2472 2469/2469
f 2174/2174 2175/2175 2173/2173
f 2174/2174 2173/2173 2172/2172
f 1874/1874 1872/1872 2079/2079
f 1874/1874 2079/2079 2081/2081
f 604/604 600/600 602/602
f 604/604 602/602 603/603
f 221/221 1109/1109 1114/1114
f 221/221 1114/1114 222/222
f 769/769 510/510 504/504
f 769/769 504/504 509/509
f 1365/1365 1364/1364 1791/1791
f 1365/1365 1791/1791 1367/1367
f 1190/1190 1191/1191 1189/1189
f 1190/1190 1189/1189 1188/1188
f 553/553 551/551 545/545
f 553/553 545/545 549/549
f 2773/2773 420/420 417/417
f 2773/2773 417/417 2767/2767
f 2887/2887 2862/2862 2886/2886
f 2887/2887 2886/2886 2885/2885
f 1981/1981 1982/1982 1980/1980
f 1981/1981 1980/1980 1979/1979
f 1552/1552 1553/1553 1549/1549
f 1552/1552 1549/1549 1551/1551
f 148/148 1402/1402 1401/1401
f 148/148 1401/1401 149/149
f 2522/2522 2526/2526 2624/2624
f 2522/2522 2624/2624 2515/2515
f 2055/2055 2056/2056 2054/2054
f 2055/2055 2054/2054 2052/2052
f 2201/2201 2213/2213 2212/2212
f 2201/2201 2212/2212 2210/2210
f 2153/2153 2152/2152 2279/2279
f 2153/2153 2279/2279 2283/2283
f 1021/1021 1015/1015 1019/1019
f 1021/1021 1019/1019 1020/1020
f 3041/3041 3042/3042 3040/3040
f 3041/3041 3040/3040 3039/3039
f 3015/3015 2956/2956 2955/2955
f 3015/3015 2955/2955 2953/2953
f 881/881 882/882 880/880
f 881/881 880/880 879/879
f 1240/1240 1236/1236 1235/1235
f 1240/1240 1235/1235 1239/1239
f 907/907 898/898 978/978
f 907/907 978/978 911/911
f 1749/1749 1292/1292 1746/1746
f 1749/1749 1746/1746 1748/1748
f 149/149 474/474 376/376
f 149/149 376/376 144/144
f 1458/1458 1348/1348 1455/1455
f 1458/1458 1455/1455 1457/1457
f 602/602 600/600 599/599
f 602/602 599/599 598/598
f 316/316 318/318 1049/1049
f 316/316 1049/1049 1050/1050
f 957/957 533/533 955/955
f 957/957 955/955 956/956
f 1416/1416 1418/1418 41/41
f 1878/1878 1877/1877 2087/2087
f 1878/1878 2087/2087 2091/2091
f 2851/2851 2852/2852 2850/2850
f 2851/2851 2850/2850 2849/2849
f 862/862 863/863 860/860
f 862/862 860/860 861/861
f 251/251 2/2 1944/1944
f 251/251 1944/1944 1946/1946
f 964/964 965/965 963/963
f 964/964 963/963 962/962
f 57/57 701/701 704/704
f 57/57 704/704 58/58
f 1075/1075 1074/1074 2808/2808
f 1075/1075 2808/2808 1079/1079
f 1989/1989 1723/1723 1986/1986
f 1989/1989 1986/1986 1988/1988
f 1548/1548 1547/1547 1610/1610
f 1548/1548 1610/1610 1550/1550
f 2064/2064 2065/2065 2063/2063
f 2064/2064 2063/2063 2062/2062
f 833/833 832/832 838/838
f 833/833 838/838 844/844
f 2149/2149 2150/2150 2148/2148
f 2149/2149 2148/2148 2147/2147
f 90/90 2686/2686 2689/2689
f 90/90 2689/2689 85/85
f 362/362 361/361 1672/1672
f 362/362 1672/1672 1676/1676
f 2589/2589 2590/2590 2588/2588
f 2589/2589 2588/2588 2587/2587
f 1552/1552 1551/1551 1606/1606
f 1552/1552 1606/1606 1555/1555
f 2198/2198 2199/2199 2197/2197
f 2198/2198 2197/2197 2196/2196
f 1403/1403 1398/1398 1401/1401
f 1403/1403 1401/1401 1402/1402
f 1205/1205 1139/1139 1204/1204
f 1205/1205 1204/1204 1203/1203
f 2284/2284 2285/2285 2283/2283
f 2284/2284 2283/2283 2282/2282
f 1111/1111 1110/1110 2821/2821
f 1111/1111 2821/2821 1115/1115
f 1845/1845 1492/1492 1842/1842
f 1845/1845 1842/1842 1844/1844
f 340/340 957/957 956/956
f 340/340 956/956 403/403
f 2630/2630 2604/2604 2636/2636
f 2630/2630 2636/2636 2633/2633
f 1738/1738 1739/1739 1737/1737
f 1738/1738 1737/1737 1736/1736
f 226/226 225/225 2397/2397
f 226/226 2397/2397 2396/2396
f 521/521 9/9 1870/1870
f 521/521 1870/1870 1873/1873
f 1926/1926 1925/1925 2116/2116
f 1926/1926 2116/2116 2120/2120
f 2189/2189 2190/2190 2186/2186
f 2189/2189 2186/2186 2188/2188
f 1443/1443 1442/1442 1445/1445
f 1443/1443 1445/1445 462/462
f 2942/2942 553/553 2940/2940
f 2942/2942 2940/2940 2947/2947
f 2808/2808 1074/1074 2806/2806
f 2808/2808 2806/2806 2807/2807
f 1615/1615 1530/1530 1897/1897
f 1615/1615 1897/1897 1617/1617
f 2681/2681 2680/2680 2679/2679
f 2681/2681 2679/2679 2678/2678
f 269/269 120/120 119/119
f 269/269 119/119 3103/3103
f 555/555 623/623 622/622
f 555/555 622/622 556/556
f 220/220 221/221 218/218
f 220/220 218/218 219/219
f 2023/2023 2022/2022 2028/2028
f 2023/2023 2028/2028 1753/1753
f 1681/1681 1680/1680 1948/1948
f 1681/1681 1948/1948 1683/1683
f 1361/1361 1447/1447 1452/1452
f 1361/1361 1452/1452 1363/1363
f 2102/2102 2101/2101 2342/2342
f 2102/2102 2342/2342 2104/2104
f 2505/2505 2640/2640 2638/2638
f 2505/2505 2638/2638 2502/2502
f 186/186 181/181 180/180
f 186/186 180/180 185/185
f 407/407 408/408 404/404
f 407/407 404/404 406/406
f 381/381 436/436 435/435
f 381/381 435/435 378/378
f 1478/1478 1482/1482 1042/1042
f 1478/1478 1042/1042 1043/1043
f 19/19 20/20 17/17
f 19/19 17/17 18/18
f 1357/1357 1350/1350 1786/1786
f 1357/1357 1786/1786 1358/1358
f 3063/3063 3064/3064 3062/3062
f 3063/3063 3062/3062 3061/3061
f 2516/2516 2520/2520 2513/2513
f 2516/2516 2513/2513 2475/2475
f 2716/2716 2717/2717 2719/2719
f 2716/2716 2719/2719 2687/2687
f 357/357 362/362 1178/1178
f 357/357 1178/1178 358/358
f 2854/2854 2853/2853 2859/2859
f 2854/2854 2859/2859 2856/2856
f 1977/1977 1975/1975 2161/2161
f 1977/1977 2161/2161 2163/2163
f 363/363 364/364 355/355
f 363/363 355/355 354/354
f 1469/1469 319/319 313/313
f 1777/1777 1339/1339 1774/1774
f 1777/1777 1774/1774 1776/1776
f 1471/1471 1473/1473 1474/1474
f 1921/1921 1660/1660 1918/1918
f 1921/1921 1918/1918 1920/1920
f 987/987 988/988 915/915
f 987/987 915/915 986/986
f 1474/1474 1477/1477 1047/1047
f 317/317 309/309 315/315
f 317/317 315/315 316/316
f 2258/2258 2254/2254 2253/2253
f 2258/2258 2253/2253 2257/2257
f 710/710 711/711 707/707
f 710/710 707/707 709/709
f 502/502 503/503 366/366
f 502/502 366/366 365/365
f 1347/1347 1353/1353 1455/1455
f 1347/1347 1455/1455 1348/1348
f 1267/1267 1264/1264 1740/1740
f 1267/1267 1740/1740 1277/1277
f 2967/2967 2965/2965 3028/3028
f 2967/2967 3028/3028 3029/3029
f 2976/2976 2977/2977 2975/2975
f 2976/2976 2975/2975 2973/2973
f 2406/2406 2412/2412 2420/2420
f 2406/2406 2420/2420 2408/2408
f 2273/2273 2146/2146 2270/2270
f 2273/2273 2270/2270 2272/2272
f 2204/2204 2205/2205 2203/2203
f 2204/2204 2203/2203 2202/2202
f 228/228 223/223 1221/1221
f 228/228 1221/1221 1223/1223
f 2358/2358 2362/2362 2459/2459
f 2358/2358 2459/2459 2359/2359
f 2146/2146 2147/2147 2145/2145
f 2146/2146 2145/2145 2144/2144
f 1391/1391 1390/1390 1396/1396
f 1391/1391 1396/1396 1400/1400
f 2847/2847 2844/2844 2874/2874
f 2847/2847 2874/2874 2878/2878
f 1193/1193 1194/1194 1192/1192
f 1193/1193 1192/1192 1191/1191
f 1979/1979 1977/1977 2163/2163
f 1979/1979 2163/2163 2165/2165
f 2075/2075 2074/2074 2228/2228
f 2075/2075 2228/2228 2077/2077
f 1846/1846 1847/1847 1845/1845
f 1846/1846 1845/1845 1844/1844
f 694/694 695/695 691/691
f 694/694 691/691 693/693
f 1651/1651 1652/1652 1647/1647
f 1651/1651 1647/1647 1646/1646
f 2310/2310 2234/2234 2309/2309
f 2310/2310 2309/2309 2296/2296
f 2395/2395 2390/2390 2393/2393
f 2395/2395 2393/2393 2394/2394
f 1253/1253 1254/1254 1250/1250
f 1253/1253 1250/1250 1249/1249
f 223/223 222/222 1219/1219
f 223/223 1219/1219 1221/1221
f 249/249 1678/1678 1677/1677
f 249/249 1677/1677 250/250
f 2240/2240 2241/2241 2239/2239
f 2240/2240 2239/2239 2238/2238
f 3173/3173 205/205 2496/2496
f 2496/2496 2495/2495 2494/2494
f 3146/3146 3110/3110 3173/3173
f 2496/2496 2494/2494 3146/3146
f 2496/2496 3146/3146 3173/3173
f 2936/2936 549/549 2933/2933
f 2936/2936 2933/2933 2935/2935
f 152/152 153/153 150/150
f 152/152 150/150 151/151
f 724/724 91/91 722/722
f 724/724 722/722 723/723
f 1881/1881 1879/1879 2093/2093
f 1881/1881 2093/2093 2095/2095
f 564/564 636/636 633/633
f 564/564 633/633 632/632
f 645/645 1640/1640 1638/1638
f 645/645 1638/1638 646/646
f 123/123 124/124 257/257
f 123/123 257/257 256/256
f 1636/1636 1584/1584 1633/1633
f 1636/1636 1633/1633 1635/1635
f 472/472 861/861 860/860
f 472/472 860/860 473/473
f 1660/1660 1661/1661 1659/1659
f 1660/1660 1659/1659 1658/1658
f 2331/2331 2332/2332 2260/2260
f 2331/2331 2260/2260 2330/2330
f 275/275 271/271 270/270
f 275/275 270/270 274/274
f 198/198 2421/2421 2420/2420
f 198/198 2420/2420 199/199
f 473/473 298/298 332/332
f 473/473 332/332 472/472
f 738/738 739/739 737/737
f 738/738 737/737 736/736
f 1581/1581 654/654 1579/1579
f 1581/1581 1579/1579 1580/1580
f 262/262 258/258 261/261
f 262/262 261/261 264/264
f 1526/1526 1525/1525 1527/1527
f 354/354 356/356 854/854
f 354/354 854/854 363/363
f 1564/1564 808/808 814/814
f 1564/1564 814/814 893/893
f 118/118 114/114 113/113
f 118/118 113/113 117/117
f 1937/1937 231/231 1934/1934
f 1937/1937 1934/1934 1936/1936
f 1529/1529 1533/1533 467/467
f 2274/2274 2275/2275 2273/2273
f 2274/2274 2273/2273 2272/2272
f 3073/3073 248/248 3071/3071
f 3073/3073 3071/3071 3072/3072
f 428/428 465/465 1272/1272
f 428/428 1272/1272 429/429
f 1535/1535 1537/1537 501/501
f 1535/1535 501/501 468/468
f 3089/3089 3086/3086 3085/3085
f 3089/3089 3085/3085 3088/3088
f 1663/1663 1664/1664 1662/1662
f 1663/1663 1662/1662 1661/1661
f 2748/2748 2749/2749 2747/2747
f 2748/2748 2747/2747 2746/2746
f 503/503 502/502 839/839
f 503/503 839/839 841/841
f 594/594 589/589 592/592
f 594/594 592/592 593/593
f 508/508 511/511 760/760
f 508/508 760/760 764/764
f 2363/2363 2361/2361 2360/2360
f 2363/2363 2360/2360 1093/1093
f 851/851 848/848 847/847
f 851/851 847/847 846/846
f 2147/2147 2146/2146 2273/2273
f 2147/2147 2273/2273 2149/2149
f 2927/2927 547/547 2924/2924
f 2927/2927 2924/2924 2926/2926
f 906/906 901/901 904/904
f 906/906 904/904 905/905
f 1208/1208 1134/1134 1205/1205
f 1208/1208 1205/1205 1207/1207
f 1216/1216 1215/1215 1710/1710
f 1216/1216 1710/1710 1218/1218
f 843/843 850/850 876/876
f 843/843 876/876 878/878
f 2743/2743 2744/2744 2742/2742
f 2743/2743 2742/2742 2741/2741
f 576/576 575/575 2960/2960
f 576/576 2960/2960 580/580
f 1550/1550 1551/1551 1549/1549
f 1550/1550 1549/1549 1548/1548
f 2551/2551 2546/2546 2549/2549
f 2551/2551 2549/2549 2550/2550
f 1751/1751 440/440 2023/2023
f 1751/1751 2023/2023 1753/1753
f 2041/2041 2042/2042 2040/2040
f 2041/2041 2040/2040 2037/2037
f 2979/2979 2967/2967 3029/3029
f 2979/2979 3029/3029 2980/2980
f 2925/2925 2926/2926 2924/2924
f 2925/2925 2924/2924 620/620
f 1999/1999 2003/2003 2002/2002
f 1999/1999 2002/2002 2000/2000
f 655/655 654/654 1581/1581
f 655/655 1581/1581 1639/1639
f 1897/1897 1528/1528 1526/1526
f 1897/1897 1526/1526 1527/1527
f 1935/1935 1936/1936 1934/1934
f 1935/1935 1934/1934 1933/1933
f 1665/1665 1666/1666 1662/1662
f 1665/1665 1662/1662 1664/1664
f 1530/1530 1615/1615 1614/1614
f 1530/1530 1614/1614 1531/1531
f 192/192 191/191 430/430
f 192/192 430/430 389/389
f 1529/1529 471/471 1526/1526
f 1529/1529 1526/1526 1528/1528
f 469/469 500/500 1519/1519
f 469/469 1519/1519 1521/1521
f 471/471 470/470 1522/1522
f 471/471 1522/1522 1526/1526
f 1571/1571 1570/1570 1585/1585
f 1571/1571 1585/1585 1573/1573
f 175/175 177/177 2895/2895
f 175/175 2895/2895 2893/2893
f 19/19 52/52 23/23
f 19/19 23/23 20/20
f 217/217 214/214 209/209
f 217/217 209/209 212/212
f 434/434 1414/1414 1411/1411
f 434/434 1411/1411 1410/1410
f 2129/2129 2259/2259 2263/2263
f 2129/2129 2263/2263 2130/2130
f 1518/1518 1519/1519 1517/1517
f 1518/1518 1517/1517 1516/1516
f 59/59 58/58 707/707
f 59/59 707/707 711/711
f 297/297 296/296 366/366
f 297/297 366/366 336/336
f 2935/2935 2934/2934 2990/2990
f 2935/2935 2990/2990 2937/2937
f 2386/2386 2433/2433 2431/2431
f 2386/2386 2431/2431 2437/2437
f 1883/1883 1881/1881 2095/2095
f 1883/1883 2095/2095 2097/2097
f 1578/1578 660/660 504/504
f 1578/1578 504/504 510/510
f 2782/2782 2771/2771 2842/2842
f 2782/2782 2842/2842 2845/2845
f 530/530 531/531 324/324
f 530/530 324/324 427/427
f 232/232 231/231 1937/1937
f 232/232 1937/1937 1941/1941
f 1579/1579 653/653 661/661
f 2129/2129 2130/2130 2128/2128
f 2129/2129 2128/2128 2127/2127
f 1349/1349 1356/1356 1346/1346
f 1349/1349 1346/1346 1345/1345
f 561/561 2943/2943 2950/2950
f 561/561 2950/2950 565/565
f 1342/1342 1348/1348 1458/1458
f 1342/1342 1458/1458 1343/1343
f 1935/1935 1933/1933 2122/2122
f 1935/1935 2122/2122 2121/2121
f 465/465 428/428 431/431
f 465/465 431/431 464/464
f 493/493 488/488 487/487
f 493/493 487/487 492/492
f 1939/1939 1938/1938 2128/2128
f 1939/1939 2128/2128 2132/2132
f 1929/1929 1930/1930 1928/1928
f 1929/1929 1928/1928 1927/1927
f 3263/3263 3178/3178 206/206
f 3263/3263 206/206 3179/3179
f 559/559 564/564 632/632
f 559/559 632/632 560/560
f 553/553 549/549 2936/2936
f 553/553 2936/2936 2940/2940
f 2125/2125 1935/1935 2121/2121
f 2125/2125 2121/2121 2124/2124
f 1557/1557 1592/1592 1591/1591
f 1557/1557 1591/1591 1559/1559
f 1582/1582 1580/1580 1579/1579
f 1582/1582 1579/1579 1576/1576
f 2133/2133 2134/2134 2132/2132
f 2133/2133 2132/2132 2131/2131
f 1273/1273 1270/1270 1268/1268
f 1273/1273 1268/1268 1267/1267
f 485/485 481/481 2499/2499
f 485/485 2499/2499 2501/2501
f 670/670 674/674 747/747
f 670/670 747/747 752/752
f 31/31 33/33 28/28
f 31/31 28/28 29/29
f 767/767 914/914 913/913
f 767/767 913/913 917/917
f 409/409 1328/1328 2343/2343
f 409/409 2343/2343 2346/2346
f 481/481 485/485 482/482
f 482/482 432/432 3184/3184
f 3184/3184 3121/3121 3157/3157
f 3157/3157 481/481 482/482
f 482/482 3184/3184 3157/3157
f 2638/2638 2640/2640 2635/2635
f 2638/2638 2635/2635 2637/2637
f 2507/2507 2506/2506 2503/2503
f 2507/2507 2503/2503 2484/2484
f 351/351 346/346 345/345
f 351/351 345/345 350/350
f 3057/3057 3058/3058 3056/3056
f 3057/3057 3056/3056 3055/3055
f 1904/1904 1905/1905 1903/1903
f 1904/1904 1903/1903 1902/1902
f 780/780 774/774 778/778
f 780/780 778/778 779/779
f 1426/1426 1405/1405 1423/1423
f 1426/1426 1423/1423 1425/1425
f 1866/1866 1865/1865 2076/2076
f 1866/1866 2076/2076 1868/1868
f 1381/1381 1383/1383 1378/1378
f 1381/1381 1378/1378 1376/1376
f 1015/1015 1021/1021 1491/1491
f 1015/1015 1491/1491 1016/1016
f 2685/2685 2682/2682 2681/2681
f 2685/2685 2681/2681 2684/2684
f 2753/2753 2751/2751 2809/2809
f 2753/2753 2809/2809 2807/2807
f 672/672 670/670 667/667
f 672/672 667/667 671/671
f 1409/1409 1404/1404 1407/1407
f 1409/1409 1407/1407 1408/1408
f 429/429 430/430 191/191
f 429/429 191/191 428/428
f 2782/2782 2779/2779 2772/2772
f 2782/2782 2772/2772 2771/2771
f 993/993 498/498 1541/1541
f 993/993 1541/1541 994/994
f 268/268 262/262 264/264
f 268/268 264/264 267/267
f 499/499 495/495 494/494
f 499/499 494/494 498/498
f 2421/2421 198/198 2728/2728
f 2421/2421 2728/2728 2422/2422
f 241/241 240/240 1666/1666
f 241/241 1666/1666 1668/1668
f 2131/2131 2132/2132 2128/2128
f 2131/2131 2128/2128 2130/2130
f 3079/3079 3076/3076 3077/3077
f 3079/3079 3077/3077 3078/3078
f 3014/3014 2952/2952 3011/3011
f 3014/3014 3011/3011 3013/3013
f 463/463 457/457 1444/1444
f 463/463 1444/1444 1808/1808
f 2968/2968 2967/2967 2979/2979
f 2968/2968 2979/2979 2970/2970
f 659/659 653/653 651/651
f 659/659 651/651 657/657
f 541/541 543/543 540/540
f 541/541 540/540 2909/2909
f 1622/1622 1601/1601 1619/1619
f 1622/1622 1619/1619 1621/1621
f 365/365 837/837 836/836
f 365/365 836/836 502/502
f 3078/3078 3083/3083 3100/3100
f 3078/3078 3100/3100 3079/3079
f 278/278 282/282 3070/3070
f 278/278 3070/3070 3076/3076
f 516/516 517/517 514/514
f 516/516 514/514 515/515
f 2090/2090 2089/2089 2246/2246
f 2090/2090 2246/2246 2247/2247
f 1346/1346 1342/1342 1341/1341
f 1346/1346 1341/1341 1345/1345
f 977/977 978/978 976/976
f 977/977 976/976 975/975
f 390/390 81/81 382/382
f 390/390 382/382 387/387
f 2117/2117 2340/2340 2339/2339
f 2117/2117 2339/2339 2118/2118
f 2126/2126 2127/2127 2125/2125
f 2126/2126 2125/2125 2124/2124
f 2660/2660 207/207 2659/2659
f 2660/2660 2659/2659 2658/2658
f 2427/2427 2403/2403 2425/2425
f 2427/2427 2425/2425 2423/2423
f 847/847 842/842 845/845
f 847/847 845/845 846/846
f 2314/2314 2315/2315 2313/2313
f 2314/2314 2313/2313 2312/2312
f 2026/2026 2022/2022 2021/2021
f 2026/2026 2021/2021 2025/2025
f 933/933 932/932 961/961
f 933/933 961/961 937/937
f 1089/1089 1090/1090 1086/1086
f 1089/1089 1086/1086 1085/1085
f 2375/2375 2370/2370 2373/2373
f 2375/2375 2373/2373 2374/2374
f 2009/2009 2008/2008 2183/2183
f 2009/2009 2183/2183 2011/2011
f 1085/1085 1084/1084 2814/2814
f 1085/1085 2814/2814 1089/1089
f 1371/1371 1380/1380 1440/1440
f 1371/1371 1440/1440 1372/1372
f 68/68 66/66 2536/2536
f 68/68 2536/2536 2535/2535
f 343/343 49/49 127/127
f 343/343 127/127 380/380
f 1657/1657 244/244 243/243
f 1902/1902 1901/1901 2110/2110
f 1902/1902 2110/2110 1904/1904
f 402/402 330/330 12/12
f 402/402 12/12 353/353
f 1659/1659 1661/1661 1662/1662
f 355/355 334/334 333/333
f 355/355 333/333 354/354
f 268/268 267/267 273/273
f 268/268 273/273 272/272
f 1617/1617 1618/1618 1616/1616
f 1617/1617 1616/1616 1615/1615
f 410/410 409/409 2346/2346
f 410/410 2346/2346 2349/2349
f 912/912 911/911 919/919
f 912/912 919/919 916/916
f 1316/1316 1317/1317 1314/1314
f 1316/1316 1314/1314 1313/1313
f 2469/2469 2467/2467 2465/2465
f 2469/2469 2465/2465 2464/2464
f 1101/1101 1097/1097 1096/1096
f 1101/1101 1096/1096 1100/1100
f 1891/1891 1889/1889 2103/2103
f 1891/1891 2103/2103 2105/2105
f 2552/2552 64/64 2679/2679
f 2552/2552 2679/2679 2680/2680
f 1673/1673 360/360 359/359
f 1673/1673 359/359 626/626
f 2725/2725 80/80 2435/2435
f 2725/2725 2435/2435 2434/2434
f 204/204 203/203 2663/2663
f 204/204 2663/2663 386/386
f 2741/2741 2739/2739 2825/2825
f 2741/2741 2825/2825 2824/2824
f 1017/1017 748/748 1022/1022
f 1017/1017 1022/1022 1018/1018
f 2553/2553 2552/2552 2680/2680
f 2553/2553 2680/2680 2557/2557
f 1702/1702 1703/1703 1701/1701
f 1702/1702 1701/1701 1699/1699
f 1540/1540 1541/1541 1539/1539
f 1540/1540 1539/1539 1538/1538
f 1301/1301 1295/1295 1299/1299
f 1301/1301 1299/1299 1300/1300
f 696/696 687/687 691/691
f 696/696 691/691 695/695
f 2281/2281 2280/2280 2319/2319
f 2281/2281 2319/2319 2318/2318
f 1494/1494 1016/1016 1491/1491
f 1494/1494 1491/1491 1493/1493
f 2539/2539 2541/2541 2537/2537
f 2539/2539 2537/2537 2538/2538
f 1743/1743 1282/1282 1741/1741
f 1743/1743 1741/1741 1742/1742
f 1970/1970 1969/1969 2158/2158
f 1970/1970 2158/2158 1972/1972
f 1780/1780 1344/1344 1777/1777
f 1780/1780 1777/1777 1782/1782
f 631/631 635/635 1657/1657
f 631/631 1657/1657 243/243
f 2562/2562 2682/2682 2685/2685
f 2562/2562 2685/2685 2686/2686
f 678/678 684/684 740/740
f 678/678 740/740 679/679
f 386/386 388/388 382/382
f 386/386 382/382 385/385
f 131/131 129/129 125/125
f 131/131 125/125 128/128
f 910/910 909/909 915/915
f 910/910 915/915 988/988
f 2684/2684 2683/2683 2716/2716
f 2684/2684 2716/2716 2687/2687
f 792/792 791/791 928/928
f 792/792 928/928 935/935
f 2655/2655 2654/2654 2693/2693
f 2655/2655 2693/2693 2715/2715
f 2526/2526 2522/2522 2524/2524
f 2526/2526 2524/2524 2525/2525
f 1213/1213 1212/1212 1707/1707
f 1213/1213 1707/1707 1215/1215
f 463/463 1808/1808 1810/1810
f 463/463 1810/1810 1812/1812
f 3032/3032 3028/3028 3027/3027
f 3032/3032 3027/3027 3025/3025
f 591/591 590/590 2972/2972
f 591/591 2972/2972 595/595
f 3017/3017 3096/3096 3091/3091
f 3017/3017 3091/3091 3095/3095
f 2171/2171 2172/2172 2170/2170
f 2171/2171 2170/2170 2169/2169
f 2491/2491 480/480 3186/3186
f 2491/2491 3186/3186 3123/3123
f 2494/2494 2493/2493 2491/2491
f 2491/2491 3123/3123 3159/3159
f 3159/3159 2494/2494 2491/2491
f 83/83 82/82 2670/2670
f 83/83 2670/2670 2672/2672
f 2624/2624 2526/2526 2622/2622
f 2624/2624 2622/2622 2626/2626
f 2299/2299 2309/2309 2308/2308
f 2299/2299 2308/2308 2305/2305
f 2867/2867 2868/2868 2864/2864
f 2867/2867 2864/2864 2866/2866
f 1152/1152 1153/1153 1149/1149
f 1152/1152 1149/1149 1151/1151
f 1366/1366 1361/1361 1360/1360
f 1366/1366 1360/1360 1365/1365
f 1250/1250 1246/1246 1245/1245
f 1250/1250 1245/1245 1249/1249
f 1842/1842 1489/1489 1839/1839
f 1842/1842 1839/1839 1841/1841
f 1391/1391 1400/1400 1434/1434
f 1391/1391 1434/1434 1436/1436
f 2524/2524 2522/2522 2519/2519
f 2524/2524 2519/2519 2523/2523
f 1153/1153 1152/1152 1198/1198
f 1153/1153 1198/1198 1202/1202
f 5/5 521/521 1876/1876
f 5/5 1876/1876 1880/1880
f 2818/2818 2819/2819 2817/2817
f 2818/2818 2817/2817 2816/2816
f 1753/1753 1754/1754 1752/1752
f 1753/1753 1752/1752 1751/1751
f 2030/2030 2029/2029 2206/2206
f 2030/2030 2206/2206 2034/2034
f 2021/2021 2018/2018 2017/2017
f 2021/2021 2017/2017 2020/2020
f 1867/1867 1514/1514 1864/1864
f 1867/1867 1864/1864 1866/1866
f 2202/2202 2201/2201 2210/2210
f 2202/2202 2210/2210 2204/2204
f 1438/1438 1439/1439 1437/1437
f 1438/1438 1437/1437 1435/1435
f 2489/2489 1286/1286 2486/2486
f 2489/2489 2486/2486 2488/2488
f 1972/1972 1973/1973 1971/1971
f 1972/1972 1971/1971 1970/1970
f 1956/1956 1957/1957 1955/1955
f 1956/1956 1955/1955 1954/1954
f 2359/2359 2355/2355 2357/2357
f 2359/2359 2357/2357 2358/2358
f 2458/2458 2457/2457 2523/2523
f 2458/2458 2523/2523 2460/2460
f 1422/1422 1421/1421 1792/1792
f 1422/1422 1792/1792 1424/1424
f 2242/2242 2088/2088 2239/2239
f 2242/2242 2239/2239 2241/2241
f 3044/3044 3053/3053 3047/3047
f 3044/3044 3047/3047 3045/3045
f 2195/2195 2217/2217 2216/2216
f 2195/2195 2216/2216 2215/2215
f 2833/2833 2764/2764 2830/2830
f 2833/2833 2830/2830 2832/2832
f 45/45 1418/1418 1416/1416
f 45/45 1416/1416 46/46
f 2483/2483 1296/1296 2480/2480
f 2483/2483 2480/2480 2482/2482
f 2597/2597 2596/2596 2609/2609
f 2597/2597 2609/2609 2610/2610
f 1832/1832 1830/1830 2047/2047
f 1832/1832 2047/2047 2049/2049
f 2860/2860 2859/2859 2886/2886
f 2860/2860 2886/2886 2862/2862
f 1407/1407 1404/1404 1403/1403
f 1407/1407 1403/1403 1402/1402
f 702/702 697/697 700/700
f 702/702 700/700 701/701
f 2828/2828 2803/2803 2802/2802
f 2828/2828 2802/2802 2800/2800
f 2137/2137 2138/2138 2136/2136
f 2137/2137 2136/2136 2135/2135
f 1147/1147 1143/1143 1142/1142
f 1147/1147 1142/1142 1146/1146
f 2495/2495 1276/1276 2493/2493
f 2495/2495 2493/2493 2494/2494
f 2085/2085 2086/2086 2084/2084
f 2085/2085 2084/2084 2083/2083
f 3094/3094 3041/3041 3093/3093
f 3094/3094 3093/3093 3092/3092
f 1660/1660 1658/1658 1916/1916
f 1660/1660 1916/1916 1918/1918
f 2783/2783 2784/2784 2781/2781
f 2783/2783 2781/2781 2780/2780
f 2227/2227 2226/2226 2306/2306
f 2227/2227 2306/2306 2229/2229
f 1763/1763 1764/1764 1762/1762
f 1763/1763 1762/1762 1761/1761
f 2961/2961 2962/2962 2960/2960
f 2961/2961 2960/2960 2959/2959
f 908/908 905/905 904/904
f 908/908 904/904 907/907
f 1828/1828 1829/1829 1827/1827
f 1828/1828 1827/1827 1826/1826
f 2071/2071 2069/2069 2220/2220
f 2071/2071 2220/2220 2222/2222
f 1275/1275 1270/1270 1273/1273
f 1275/1275 1273/1273 1274/1274
f 2110/2110 1901/1901 2109/2109
f 2110/2110 2109/2109 2108/2108
f 1233/1233 1234/1234 1230/1230
f 1233/1233 1230/1230 1229/1229
f 2766/2766 2768/2768 2761/2761
f 2766/2766 2761/2761 2765/2765
f 2389/2389 2384/2384 2383/2383
f 2389/2389 2383/2383 2382/2382
f 1805/1805 1438/1438 1804/1804
f 1805/1805 1804/1804 1803/1803
f 836/836 832/832 831/831
f 836/836 831/831 835/835
f 2237/2237 2238/2238 2236/2236
f 2237/2237 2236/2236 2235/2235
f 2934/2934 2935/2935 2933/2933
f 2934/2934 2933/2933 2931/2931
f 1167/1167 1162/1162 1165/1165
f 1167/1167 1165/1165 1166/1166
f 2785/2785 2786/2786 2781/2781
f 2785/2785 2781/2781 2784/2784
f 703/703 694/694 2732/2732
f 703/703 2732/2732 705/705
f 2391/2391 2384/2384 2389/2389
f 2391/2391 2389/2389 2390/2390
f 2572/2572 347/347 2570/2570
f 2572/2572 2570/2570 2574/2574
f 1088/1088 1082/1082 1086/1086
f 1088/1088 1086/1086 1087/1087
f 1288/1288 1287/1287 1746/1746
f 1288/1288 1746/1746 1292/1292
f 1945/1945 1946/1946 1944/1944
f 1945/1945 1944/1944 1943/1943
f 944/944 815/815 812/812
f 944/944 812/812 811/811
f 1579/1579 661/661 1577/1577
f 1579/1579 1577/1577 1576/1576
f 3262/3262 3146/3146 2494/2494
f 3262/3262 2494/2494 3159/3159
f 887/887 888/888 886/886
f 887/887 886/886 885/885
f 2117/2117 2118/2118 2116/2116
f 2117/2117 2116/2116 2115/2115
f 2261/2261 2324/2324 2326/2326
f 2261/2261 2326/2326 2327/2327
f 1905/1905 1904/1904 2113/2113
f 1905/1905 2113/2113 1919/1919
f 2387/2387 2379/2379 2383/2383
f 2387/2387 2383/2383 2385/2385
f 2092/2092 2250/2250 2335/2335
f 2092/2092 2335/2335 2094/2094
f 2607/2607 2608/2608 2603/2603
f 2607/2607 2603/2603 2606/2606
f 1910/1910 1911/1911 1909/1909
f 1910/1910 1909/1909 1908/1908
f 2558/2558 2557/2557 2682/2682
f 2558/2558 2682/2682 2562/2562
f 1715/1715 1716/1716 1714/1714
f 1715/1715 1714/1714 1713/1713
f 2035/2035 2034/2034 2041/2041
f 2035/2035 2041/2041 2037/2037
f 1281/1281 1274/1274 1279/1279
f 1281/1281 1279/1279 1280/1280
f 1819/1819 1818/1818 2040/2040
f 1819/1819 2040/2040 1821/1821
f 2839/2839 2840/2840 2836/2836
f 2839/2839 2836/2836 2838/2838
f 2141/2141 2137/2137 2269/2269
f 2141/2141 2269/2269 2143/2143
f 16/16 174/174 478/478
f 16/16 478/478 2916/2916
f 2116/2116 1925/1925 2114/2114
f 2116/2116 2114/2114 2115/2115
f 2771/2771 2770/2770 2840/2840
f 2771/2771 2840/2840 2842/2842
f 2920/2920 741/741 1034/1034
f 2920/2920 1034/1034 1033/1033
f 1609/1609 1608/1608 1612/1612
f 1609/1609 1612/1612 1614/1614
f 1640/1640 645/645 648/648
f 1640/1640 648/648 656/656
f 3261/3261 3193/3193 2675/2675
f 3261/3261 2675/2675 3160/3160
f 579/579 647/647 644/644
f 579/579 644/644 643/643
f 2180/2180 2181/2181 2179/2179
f 2180/2180 2179/2179 2178/2178
f 2302/2302 2303/2303 2301/2301
f 2302/2302 2301/2301 2300/2300
f 1841/1841 1840/1840 2053/2053
f 1841/1841 2053/2053 1843/1843
f 1287/1287 1288/1288 1284/1284
f 1287/1287 1284/1284 1283/1283
f 2556/2556 2550/2550 2554/2554
f 2556/2556 2554/2554 2555/2555
f 1757/1757 1756/1756 2033/2033
f 1757/1757 2033/2033 1759/1759
f 56/56 55/55 728/728
f 56/56 728/728 730/730
f 2649/2649 2648/2648 2708/2708
f 2649/2649 2708/2708 2703/2703
f 2820/2820 1094/1094 2817/2817
f 2820/2820 2817/2817 2819/2819
f 2993/2993 2937/2937 2990/2990
f 2993/2993 2990/2990 2992/2992
f 1181/1181 1179/1179 1676/1676
f 1181/1181 1676/1676 1675/1675
f 2224/2224 2223/2223 2307/2307
f 2224/2224 2307/2307 2226/2226
f 612/612 608/608 607/607
f 612/612 607/607 611/611
f 2853/2853 2854/2854 2852/2852
f 2853/2853 2852/2852 2851/2851
f 2796/2796 2798/2798 2795/2795
f 2796/2796 2795/2795 2793/2793
f 1318/1318 1316/1316 1758/1758
f 1318/1318 1758/1758 1760/1760
f 265/265 260/260 3049/3049
f 265/265 3049/3049 3048/3048
f 622/622 618/618 617/617
f 622/622 617/617 621/621
f 2587/2587 2585/2585 2708/2708
f 2587/2587 2708/2708 2648/2648
f 2478/2478 2479/2479 2477/2477
f 2478/2478 2477/2477 2476/2476
f 1917/1917 1918/1918 1916/1916
f 1917/1917 1916/1916 1915/1915
f 802/802 794/794 793/793
f 802/802 793/793 796/796
f 1952/1952 1686/1686 1949/1949
f 1952/1952 1949/1949 1951/1951
f 870/870 871/871 869/869
f 870/870 869/869 868/868
f 2183/2183 2008/2008 2181/2181
f 2183/2183 2181/2181 2180/2180
f 546/546 557/557 2924/2924
f 546/546 2924/2924 547/547
f 715/715 714/714 2747/2747
f 715/715 2747/2747 717/717
f 2082/2082 2080/2080 2231/2231
f 2082/2082 2231/2231 2233/2233
f 2251/2251 2252/2252 2248/2248
f 2251/2251 2248/2248 2245/2245
f 1795/1795 1375/1375 1793/1793
f 1795/1795 1793/1793 1794/1794
f 2713/2713 216/216 2712/2712
f 2713/2713 2712/2712 2568/2568
f 2232/2232 2233/2233 2231/2231
f 2232/2232 2231/2231 2230/2230
f 557/557 556/556 622/622
f 557/557 622/622 621/621
f 1828/1828 1826/1826 2043/2043
f 1828/1828 2043/2043 2045/2045
f 579/579 578/578 649/649
f 579/579 649/649 647/647
f 982/982 925/925 979/979
f 982/982 979/979 980/980
f 34/34 295/295 294/294
f 34/34 294/294 35/35
f 765/765 766/766 764/764
f 765/765 764/764 763/763
f 2101/2101 2337/2337 2340/2340
f 2101/2101 2340/2340 2342/2342
f 1922/1922 1923/1923 1921/1921
f 1922/1922 1921/1921 1920/1920
f 3004/3004 3005/3005 3002/3002
f 3004/3004 3002/3002 3000/3000
f 2256/2256 2257/2257 2253/2253
f 2256/2256 2253/2253 2252/2252
f 97/97 96/96 689/689
f 97/97 689/689 685/685
f 2799/2799 2796/2796 2857/2857
f 2799/2799 2857/2857 2831/2831
f 1750/1750 1297/1297 1749/1749
f 1750/1750 1749/1749 441/441
f 1161/1161 1158/1158 1157/1157
f 1161/1161 1157/1157 1160/1160
f 341/341 339/339 535/535
f 341/341 535/535 958/958
f 584/584 585/585 583/583
f 584/584 583/583 582/582
f 2453/2453 2368/2368 2450/2450
f 2453/2453 2450/2450 2452/2452
f 1523/1523 1524/1524 1522/1522
f 1523/1523 1522/1522 1520/1520
f 2851/2851 2849/2849 2880/2880
f 2851/2851 2880/2880 2882/2882
f 1818/1818 1816/1816 2039/2039
f 1818/1818 2039/2039 2038/2038
f 2271/2271 2272/2272 2270/2270
f 2271/2271 2270/2270 2268/2268
f 850/850 849/849 872/872
f 850/850 872/872 876/876
f 2248/2248 2247/2247 2246/2246
f 2248/2248 2246/2246 2245/2245
f 962/962 963/963 961/961
f 962/962 961/961 932/932
f 69/69 70/70 66/66
f 69/69 66/66 68/68
f 1722/1722 1228/1228 1719/1719
f 1722/1722 1719/1719 1721/1721
f 1248/1248 1249/1249 1245/1245
f 1248/1248 1245/1245 1244/1244
f 1119/1119 1113/1113 1117/1117
f 1119/1119 1117/1117 1118/1118
f 217/217 212/212 2707/2707
f 217/217 2707/2707 2711/2711
f 716/716 60/60 713/713
f 716/716 713/713 715/715
f 2200/2200 2019/2019 2197/2197
f 2200/2200 2197/2197 2199/2199
f 2552/2552 2553/2553 2549/2549
f 2552/2552 2549/2549 2548/2548
f 727/727 728/728 724/724
f 727/727 724/724 726/726
f 2605/2605 2606/2606 2603/2603
f 2605/2605 2603/2603 2602/2602
f 2164/2164 2165/2165 2163/2163
f 2164/2164 2163/2163 2162/2162
f 608/608 614/614 1172/1172
f 608/608 1172/1172 609/609
f 474/474 1395/1395 1394/1394
f 474/474 1394/1394 475/475
f 605/605 606/606 602/602
f 605/605 602/602 598/598
f 2057/2057 1846/1846 2054/2054
f 2057/2057 2054/2054 2056/2056
f 2313/2313 2240/2240 2311/2311
f 2313/2313 2311/2311 2312/2312
f 1222/1222 1223/1223 1221/1221
f 1222/1222 1221/1221 1220/1220
f 2060/2060 1849/1849 2057/2057
f 2060/2060 2057/2057 2059/2059
f 164/164 2599/2599 2597/2597
f 164/164 2597/2597 167/167
f 2289/2289 2287/2287 2329/2329
f 2289/2289 2329/2329 2314/2314
f 2061/2061 2062/2062 2060/2060
f 2061/2061 2060/2060 2059/2059
f 619/619 613/613 617/617
f 619/619 617/617 618/618
f 2597/2597 2610/2610 2614/2614
f 2597/2597 2614/2614 167/167
f 2355/2355 2359/2359 2462/2462
f 2355/2355 2462/2462 2356/2356
f 2978/2978 2928/2928 2977/2977
f 2978/2978 2977/2977 2976/2976
f 2519/2519 2521/2521 2517/2517
f 2519/2519 2517/2517 2518/2518
f 697/697 702/702 732/732
f 697/697 732/732 698/698
f 533/533 537/537 953/953
f 533/533 953/953 955/955
f 1503/1503 1003/1003 1500/1500
f 1503/1503 1500/1500 1502/1502
f 1717/1717 1715/1715 1978/1978
f 1717/1717 1978/1978 1980/1980
f 2415/2415 2411/2411 2410/2410
f 2415/2415 2410/2410 2414/2414
f 1258/1258 1259/1259 1255/1255
f 1258/1258 1255/1255 1254/1254
f 998/998 1003/1003 1503/1503
f 998/998 1503/1503 999/999
f 1895/1895 1896/1896 1894/1894
f 1895/1895 1894/1894 1893/1893
f 860/860 856/856 859/859
f 860/860 859/859 473/473
f 79/79 83/83 2438/2438
f 79/79 2438/2438 2436/2436
f 2175/2175 2174/2174 2301/2301
f 2175/2175 2301/2301 2177/2177
f 91/91 55/55 54/54
f 91/91 54/54 61/61
f 2934/2934 2931/2931 2985/2985
f 2934/2934 2985/2985 2987/2987
f 266/266 115/115 264/264
f 266/266 264/264 265/265
f 2849/2849 2847/2847 2878/2878
f 2849/2849 2878/2878 2880/2880
f 2156/2156 2154/2154 2285/2285
f 2156/2156 2285/2285 2159/2159
f 1629/1629 1627/1627 1911/1911
f 1629/1629 1911/1911 1913/1913
f 2050/2050 2051/2051 2049/2049
f 2050/2050 2049/2049 2048/2048
f 1129/1129 1123/1123 1127/1127
f 1129/1129 1127/1127 1128/1128
f 644/644 642/642 641/641
f 644/644 641/641 643/643
f 2764/2764 2763/2763 2829/2829
f 2764/2764 2829/2829 2830/2830
f 1771/1771 1329/1329 1768/1768
f 1771/1771 1768/1768 1770/1770
f 249/249 251/251 1680/1680
f 249/249 1680/1680 1678/1678
f 712/712 710/710 2740/2740
f 712/712 2740/2740 2742/2742
f 1130/1130 2736/2736 2735/2735
f 1130/1130 2735/2735 2734/2734
f 2484/2484 2485/2485 2483/2483
f 2484/2484 2483/2483 2482/2482
f 775/775 770/770 773/773
f 775/775 773/773 774/774
f 1156/1156 1151/1151 1154/1154
f 1156/1156 1154/1154 1155/1155
f 493/493 528/528 840/840
f 493/493 840/840 488/488
f 1834/1834 1832/1832 2049/2049
f 1834/1834 2049/2049 2051/2051
f 1163/1163 1158/1158 1161/1161
f 1163/1163 1161/1161 1162/1162
f 2231/2231 2077/2077 2228/2228
f 2231/2231 2228/2228 2230/2230
f 2160/2160 2159/2159 2286/2286
f 2160/2160 2286/2286 2162/2162
f 966/966 967/967 965/965
f 966/966 965/965 964/964
f 2442/2442 2446/2446 2444/2444
f 2442/2442 2444/2444 2441/2441
f 1083/1083 1077/1077 1081/1081
f 1083/1083 1081/1081 1082/1082
f 1330/1330 1329/1329 1771/1771
f 1330/1330 1771/1771 1334/1334
f 1328/1328 1327/1327 1333/1333
f 1328/1328 1333/1333 2343/2343
f 1073/1073 1067/1067 1071/1071
f 1073/1073 1071/1071 1072/1072
f 2352/2352 412/412 2351/2351
f 2352/2352 2351/2351 1073/1073
f 1897/1897 1530/1530 1528/1528
f 3049/3049 3050/3050 3046/3046
f 3049/3049 3046/3046 3048/3048
f 1290/1290 1296/1296 2483/2483
f 1290/1290 2483/2483 1291/1291
f 251/251 249/249 3/3
f 251/251 3/3 2/2
f 2650/2650 2651/2651 2647/2647
f 2650/2650 2647/2647 2649/2649
f 1097/1097 1105/1105 2366/2366
f 1097/1097 2366/2366 1098/1098
f 2895/2895 2896/2896 2894/2894
f 2895/2895 2894/2894 2893/2893
f 934/934 936/936 929/929
f 934/934 929/929 933/933
f 754/754 753/753 1012/1012
f 754/754 1012/1012 756/756
f 2195/2195 2196/2196 2194/2194
f 2195/2195 2194/2194 2193/2193
f 1472/1472 1470/1470 1831/1831
f 1472/1472 1831/1831 1833/1833
f 2629/2629 2626/2626 2622/2622
f 2629/2629 2622/2622 2618/2618
f 93/93 97/97 681/681
f 93/93 681/681 680/680
f 1179/1179 1180/1180 1175/1175
f 1179/1179 1175/1175 1178/1178
f 1057/1057 1056/1056 2802/2802
f 1057/1057 2802/2802 1060/1060
f 2659/2659 433/433 3190/3190
f 3190/3190 3127/3127 3163/3163
f 3163/3163 486/486 2656/2656
f 2656/2656 2659/2659 3190/3190
f 3190/3190 3163/3163 2656/2656
f 1675/1675 1676/1676 1672/1672
f 1675/1675 1672/1672 1674/1674
f 818/818 813/813 816/816
f 818/818 816/816 817/817
f 2365/2365 2361/2361 2363/2363
f 2365/2365 2363/2363 2364/2364
f 2234/2234 2232/2232 2308/2308
f 2234/2234 2308/2308 2309/2309
f 4/4 250/250 1675/1675
f 4/4 1675/1675 1674/1674
f 705/705 706/706 704/704
f 705/705 704/704 703/703
f 689/689 690/690 686/686
f 689/689 686/686 685/685
f 238/238 237/237 1058/1058
f 238/238 1058/1058 1059/1059
f 900/900 520/520 897/897
f 900/900 897/897 899/899
f 9/9 8/8 1871/1871
f 9/9 1871/1871 1870/1870
f 2809/2809 2748/2748 2812/2812
f 2809/2809 2812/2812 2810/2810
f 407/407 406/406 1317/1317
f 407/407 1317/1317 1319/1319
f 776/776 777/777 773/773
f 776/776 773/773 772/772
f 1564/1564 800/800 807/807
f 1564/1564 807/807 808/808
f 506/506 666/666 755/755
f 506/506 755/755 507/507
f 813/813 818/818 889/889
f 813/813 889/889 814/814
f 1573/1573 1574/1574 1572/1572
f 1573/1573 1572/1572 1571/1571
f 498/498 494/494 1539/1539
f 498/498 1539/1539 1541/1541
f 403/403 472/472 332/332
f 403/403 332/332 335/335
f 320/320 319/319 1474/1474
f 320/320 1474/1474 1047/1047
f 237/237 238/238 233/233
f 237/237 233/233 236/236
f 246/246 105/105 104/104
f 246/246 104/104 108/108
f 129/129 131/131 146/146
f 129/129 146/146 130/130
f 2119/2119 2120/2120 2116/2116
f 2119/2119 2116/2116 2118/2118
f 625/625 242/242 1673/1673
f 625/625 1673/1673 626/626
f 230/230 229/229 1932/1932
f 230/230 1932/1932 1931/1931
f 369/369 368/368 146/146
f 369/369 146/146 329/329
f 124/124 123/123 113/113
f 124/124 113/113 122/122
f 381/381 475/475 1397/1397
f 381/381 1397/1397 436/436
f 742/742 741/741 2920/2920
f 742/742 2920/2920 2922/2922
f 1322/1322 407/407 1319/1319
f 1322/1322 1319/1319 1321/1321
f 152/152 330/330 479/479
f 152/152 479/479 153/153
f 649/649 398/398 397/397
f 649/649 397/397 650/650
f 36/36 296/296 295/295
f 36/36 295/295 34/34
f 784/784 790/790 1569/1569
f 784/784 1569/1569 785/785
f 1944/1944 2/2 1/1
f 1944/1944 1/1 232/232
f 2377/2377 2376/2376 2729/2729
f 2377/2377 2729/2729 2381/2381
f 2922/2922 745/745 743/743
f 2922/2922 743/743 742/742
f 1074/1074 1075/1075 1071/1071
f 1074/1074 1071/1071 1070/1070
f 2008/2008 2006/2006 2182/2182
f 2008/2008 2182/2182 2181/2181
f 554/554 560/560 629/629
f 554/554 629/629 555/555
f 441/441 442/442 439/439
f 441/441 439/439 440/440
f 1278/1278 1277/1277 1741/1741
f 1278/1278 1741/1741 1282/1282
f 2721/2721 2722/2722 2717/2717
f 2721/2721 2717/2717 2716/2716
f 2169/2169 2168/2168 2295/2295
f 2169/2169 2295/2295 2171/2171
f 3006/3006 3007/3007 3002/3002
f 3006/3006 3002/3002 3005/3005
f 2606/2606 2605/2605 2631/2631
f 2606/2606 2631/2631 2619/2619
f 1112/1112 1109/1109 1108/1108
f 1112/1112 1108/1108 1111/1111
f 1857/1857 1504/1504 1854/1854
f 1857/1857 1854/1854 1856/1856
f 1860/1860 1858/1858 2066/2066
f 1860/1860 2066/2066 2068/2068
f 1178/1178 362/362 1676/1676
f 1178/1178 1676/1676 1179/1179
f 1974/1974 1708/1708 1971/1971
f 1974/1974 1971/1971 1973/1973
f 2677/2677 63/63 62/62
f 62/62 2675/2675 3193/3193
f 3130/3130 3166/3166 2677/2677
f 62/62 3193/3193 3130/3130
f 62/62 3130/3130 2677/2677
f 1229/1229 1228/1228 1722/1722
f 1229/1229 1722/1722 1233/1233
f 1862/1862 1860/1860 2068/2068
f 1862/1862 2068/2068 2070/2070
f 1241/1241 1247/1247 2401/2401
f 1241/1241 2401/2401 1242/1242
f 2664/2664 2722/2722 2721/2721
f 2664/2664 2721/2721 2666/2666
f 2028/2028 2022/2022 2026/2026
f 2028/2028 2026/2026 2027/2027
f 2073/2073 1862/1862 2070/2070
f 2073/2073 2070/2070 2072/2072
f 2177/2177 2178/2178 2176/2176
f 2177/2177 2176/2176 2175/2175
f 1733/1733 1732/1732 1998/1998
f 1733/1733 1998/1998 1735/1735
f 2988/2988 2989/2989 2987/2987
f 2988/2988 2987/2987 2986/2986
f 2168/2168 2169/2169 2167/2167
f 2168/2168 2167/2167 2166/2166
f 515/515 903/903 1553/1553
f 515/515 1553/1553 516/516
f 2888/2888 2889/2889 2887/2887
f 2888/2888 2887/2887 2885/2885
f 2275/2275 2274/2274 2325/2325
f 2275/2275 2325/2325 2277/2277
f 1225/1225 1224/1224 1719/1719
f 1225/1225 1719/1719 1228/1228
f 2823/2823 1115/1115 2821/2821
f 2823/2823 2821/2821 2822/2822
f 1171/1171 1166/1166 1169/1169
f 1171/1171 1169/1169 1170/1170
f 1491/1491 1021/1021 1488/1488
f 1491/1491 1488/1488 1490/1490
f 1490/1490 1489/1489 1842/1842
f 1490/1490 1842/1842 1492/1492
f 2282/2282 2283/2283 2279/2279
f 2282/2282 2279/2279 2281/2281
f 691/691 687/687 686/686
f 691/691 686/686 690/690
f 1504/1504 1505/1505 1503/1503
f 1504/1504 1503/1503 1502/1502
f 2683/2683 2724/2724 2721/2721
f 2683/2683 2721/2721 2716/2716
f 2024/2024 2025/2025 2021/2021
f 2024/2024 2021/2021 2020/2020
f 1835/1835 1834/1834 1840/1840
f 1835/1835 1840/1840 1837/1837
f 1737/1737 1253/1253 1734/1734
f 1737/1737 1734/1734 1736/1736
f 2692/2692 2694/2694 2691/2691
f 2692/2692 2691/2691 2690/2690
f 1987/1987 1988/1988 1986/1986
f 1987/1987 1986/1986 1985/1985
f 221/221 220/220 1108/1108
f 221/221 1108/1108 1109/1109
f 2065/2065 2064/2064 2218/2218
f 2065/2065 2218/2218 2067/2067
f 758/758 1008/1008 1005/1005
f 758/758 1005/1005 1004/1004
f 1126/1126 1125/1125 2736/2736
f 1126/1126 2736/2736 1130/1130
f 211/211 210/210 2701/2701
f 211/211 2701/2701 2702/2702
f 611/611 610/610 2975/2975
f 611/611 2975/2975 615/615
f 219/219 1102/1102 1106/1106
f 219/219 1106/1106 220/220
f 94/94 93/93 680/680
f 94/94 680/680 2923/2923
f 483/483 482/482 2643/2643
f 483/483 2643/2643 2645/2645
f 1384/1384 1379/1379 1378/1378
f 1384/1384 1378/1378 1383/1383
f 688/688 683/683 686/686
f 688/688 686/686 687/687
f 2926/2926 2925/2925 2977/2977
f 2926/2926 2977/2977 2928/2928
f 1723/1723 1724/1724 1722/1722
f 1723/1723 1722/1722 1721/1721
f 2543/2543 2611/2611 2609/2609
f 2543/2543 2609/2609 2608/2608
f 1132/1132 1128/1128 1127/1127
f 1132/1132 1127/1127 1131/1131
f 2805/2805 1064/1064 2804/2804
f 2805/2805 2804/2804 2758/2758
f 2470/2470 1315/1315 2466/2466
f 2470/2470 2466/2466 2468/2468
f 2245/2245 2246/2246 2242/2242
f 2245/2245 2242/2242 2244/2244
f 121/121 116/116 3054/3054
f 121/121 3054/3054 3056/3056
f 1483/1483 1479/1479 1838/1838
f 1483/1483 1838/1838 1486/1486
f 328/328 369/369 329/329
f 328/328 329/329 326/326
f 2911/2911 2909/2909 540/540
f 2911/2911 540/540 331/331
f 396/396 397/397 391/391
f 396/396 391/391 395/395
f 3091/3091 3086/3086 3089/3089
f 3091/3091 3089/3089 3090/3090
f 709/709 708/708 2735/2735
f 709/709 2735/2735 2738/2738
f 167/167 158/158 166/166
f 167/167 166/166 164/164
f 2006/2006 2007/2007 2005/2005
f 2006/2006 2005/2005 2004/2004
f 2367/2367 2371/2371 2450/2450
f 2367/2367 2450/2450 2368/2368
f 1305/1305 1311/1311 2474/2474
f 1305/1305 2474/2474 1306/1306
f 260/260 259/259 3051/3051
f 260/260 3051/3051 3049/3049
f 1166/1166 1171/1171 1183/1183
f 1166/1166 1183/1183 1167/1167
f 2816/2816 2815/2815 2827/2827
f 2816/2816 2827/2827 2818/2818
f 2087/2087 1877/1877 2084/2084
f 2087/2087 2084/2084 2086/2086
f 1865/1865 1866/1866 1864/1864
f 1865/1865 1864/1864 1863/1863
f 2393/2393 2390/2390 2389/2389
f 2393/2393 2389/2389 2392/2392
f 2002/2002 1744/1744 2001/2001
f 2002/2002 2001/2001 2000/2000
f 2447/2447 2380/2380 2443/2443
f 2447/2447 2443/2443 2445/2445
f 2151/2151 1962/1962 2148/2148
f 2151/2151 2148/2148 2150/2150
f 1489/1489 1490/1490 1488/1488
f 1489/1489 1488/1488 1487/1487
f 838/838 832/832 836/836
f 838/838 836/836 837/837
f 1217/1217 1119/1119 1214/1214
f 1217/1217 1214/1214 1216/1216
f 1961/1961 1695/1695 1958/1958
f 1961/1961 1958/1958 1960/1960
f 2866/2866 2865/2865 2890/2890
f 2866/2866 2890/2890 2894/2894
f 2216/2216 2061/2061 2214/2214
f 2216/2216 2214/2214 2215/2215
f 278/278 3076/3076 3079/3079
f 278/278 3079/3079 279/279
f 2430/2430 2422/2422 2728/2728
f 2430/2430 2728/2728 2434/2434
f 472/472 403/403 956/956
f 472/472 956/956 861/861
f 831/831 827/827 826/826
f 831/831 826/826 830/830
f 1368/1368 1367/1367 1793/1793
f 1368/1368 1793/1793 1375/1375
f 3021/3021 3095/3095 3097/3097
f 3021/3021 3097/3097 3098/3098
f 1912/1912 1913/1913 1911/1911
f 1912/1912 1911/1911 1910/1910
f 1187/1187 1188/1188 1186/1186
f 1187/1187 1186/1186 1185/1185
f 1799/1799 1382/1382 1795/1795
f 1799/1799 1795/1795 1797/1797
f 1448/1448 460/460 1825/1825
f 1448/1448 1825/1825 1453/1453
f 2362/2362 2358/2358 2360/2360
f 2362/2362 2360/2360 2361/2361
f 1108/1108 220/220 1106/1106
f 1108/1108 1106/1106 1107/1107
f 1244/1244 1243/1243 1731/1731
f 1244/1244 1731/1731 1248/1248
f 879/879 877/877 967/967
f 879/879 967/967 969/969
f 2438/2438 83/83 2672/2672
f 2438/2438 2672/2672 2440/2440
f 1379/1379 1386/1386 1437/1437
f 1379/1379 1437/1437 1380/1380
f 844/844 843/843 878/878
f 844/844 878/878 880/880
f 2277/2277 2278/2278 2276/2276
f 2277/2277 2276/2276 2275/2275
f 829/829 489/489 834/834
f 829/829 834/834 830/830
f 1844/1844 1843/1843 2054/2054
f 1844/1844 2054/2054 1846/1846
f 2821/2821 1110/1110 2820/2820
f 2821/2821 2820/2820 2819/2819
f 1003/1003 998/998 1001/1001
f 1003/1003 1001/1001 1002/1002
f 2052/2052 2053/2053 2051/2051
f 2052/2052 2051/2051 2050/2050
f 1195/1195 1156/1156 1192/1192
f 1195/1195 1192/1192 1194/1194
f 2457/2457 2458/2458 2456/2456
f 2457/2457 2456/2456 2455/2455
f 2832/2832 2831/2831 2858/2858
f 2832/2832 2858/2858 2834/2834
f 1851/1851 1498/1498 1848/1848
f 1851/1851 1848/1848 1850/1850
f 2666/2666 2667/2667 2661/2661
f 2666/2666 2661/2661 2664/2664
f 727/727 726/726 1044/1044
f 727/727 1044/1044 1041/1041
f 2412/2412 2406/2406 2410/2410
f 2412/2412 2410/2410 2411/2411
f 1755/1755 1307/1307 1752/1752
f 1755/1755 1752/1752 1754/1754
f 2084/2084 1874/1874 2081/2081
f 2084/2084 2081/2081 2083/2083
f 2762/2762 2760/2760 2757/2757
f 2762/2762 2757/2757 2759/2759
f 1406/1406 1405/1405 1426/1426
f 1406/1406 1426/1426 1430/1430
f 2287/2287 2288/2288 2286/2286
f 2287/2287 2286/2286 2284/2284
f 2256/2256 2321/2321 2323/2323
f 2256/2256 2323/2323 2324/2324
f 953/953 537/537 950/950
f 953/953 950/950 949/949
f 942/942 809/809 939/939
f 942/942 939/939 941/941
f 1732/1732 1733/1733 1731/1731
f 1732/1732 1731/1731 1730/1730
f 3149/3149 2673/2673 2440/2440
f 2440/2440 2672/2672 2671/2671
f 2440/2440 2671/2671 3176/3176
f 3113/3113 3149/3149 2440/2440
f 2440/2440 3176/3176 3113/3113
f 2864/2864 2837/2837 2861/2861
f 2864/2864 2861/2861 2863/2863
f 1222/1222 1220/1220 1712/1712
f 1222/1222 1712/1712 1714/1714
f 2043/2043 1821/1821 2040/2040
f 2043/2043 2040/2040 2042/2042
f 2041/2041 2034/2034 2206/2206
f 2041/2041 2206/2206 2208/2208
f 2019/2019 2020/2020 2017/2017
f 2019/2019 2017/2017 2016/2016
f 1472/1472 1473/1473 1471/1471
f 1472/1472 1471/1471 1470/1470
f 2662/2662 2663/2663 2660/2660
f 2662/2662 2660/2660 2665/2665
f 1291/1291 1285/1285 1289/1289
f 1291/1291 1289/1289 1290/1290
f 833/833 844/844 880/880
f 833/833 880/880 882/882
f 1964/1964 1965/1965 1961/1961
f 1964/1964 1961/1961 1963/1963
f 1512/1512 1511/1511 1864/1864
f 1512/1512 1864/1864 1514/1514
f 3061/3061 3060/3060 3084/3084
f 3061/3061 3084/3084 3063/3063
f 2627/2627 2512/2512 2623/2623
f 2627/2627 2623/2623 2625/2625
f 1809/1809 1441/1441 1805/1805
f 1809/1809 1805/1805 1811/1811
f 620/620 621/621 617/617
f 620/620 617/617 616/616
f 2499/2499 481/481 3162/3162
f 3162/3162 3126/3126 3189/3189
f 3189/3189 480/480 2491/2491
f 2491/2491 2499/2499 3162/3162
f 3162/3162 3189/3189 2491/2491
f 871/871 870/870 960/960
f 871/871 960/960 873/873
f 1314/1314 1310/1310 1309/1309
f 1314/1314 1309/1309 1313/1313
f 1447/1447 1361/1361 1366/1366
f 1447/1447 1366/1366 1374/1374
f 1887/1887 1886/1886 2103/2103
f 1887/1887 2103/2103 1889/1889
f 1080/1080 1079/1079 2811/2811
f 1080/1080 2811/2811 1084/1084
f 911/911 912/912 908/908
f 911/911 908/908 907/907
f 327/327 328/328 326/326
f 327/327 326/326 145/145
f 2098/2098 2099/2099 2097/2097
f 2098/2098 2097/2097 2096/2096
f 2092/2092 2093/2093 2091/2091
f 2092/2092 2091/2091 2090/2090
f 2809/2809 2810/2810 2808/2808
f 2809/2809 2808/2808 2807/2807
f 2485/2485 2484/2484 2503/2503
f 2485/2485 2503/2503 2487/2487
f 522/522 2419/2419 2417/2417
f 522/522 2417/2417 523/523
f 300/300 293/293 292/292
f 300/300 292/292 299/299
f 634/634 639/639 1654/1654
f 634/634 1654/1654 635/635
f 1951/1951 1950/1950 2140/2140
f 1951/1951 2140/2140 1953/1953
f 1060/1060 1061/1061 1058/1058
f 1060/1060 1058/1058 1057/1057
f 558/558 554/554 552/552
f 558/558 552/552 550/550
f 474/474 149/149 1401/1401
f 474/474 1401/1401 1395/1395
f 1465/1465 312/312 1456/1456
f 1465/1465 1456/1456 1464/1464
f 2089/2089 2088/2088 2242/2242
f 2089/2089 2242/2242 2246/2246
f 539/539 824/824 952/952
f 539/539 952/952 536/536
f 824/824 539/539 829/829
f 824/824 829/829 825/825
f 2191/2191 2189/2189 2223/2223
f 2191/2191 2223/2223 2221/2221
f 1471/1471 1474/1474 319/319
f 1471/1471 319/319 1469/1469
f 1034/1034 1035/1035 1031/1031
f 1034/1034 1031/1031 1033/1033
f 2417/2417 2411/2411 2415/2415
f 2417/2417 2415/2415 2416/2416
f 365/365 366/366 355/355
f 365/365 355/355 364/364
f 1596/1596 1595/1595 1628/1628
f 1596/1596 1628/1628 1630/1630
f 2114/2114 1922/1922 2113/2113
f 2114/2114 2113/2113 2112/2112
f 1919/1919 1920/1920 1918/1918
f 1919/1919 1918/1918 1917/1917
f 1056/1056 1054/1054 2794/2794
f 1056/1056 2794/2794 2797/2797
f 500/500 469/469 501/501
f 500/500 501/501 494/494
f 1659/1659 1662/1662 244/244
f 1659/1659 244/244 1657/1657
f 572/572 568/568 567/567
f 572/572 567/567 571/571
f 304/304 302/302 3073/3073
f 304/304 3073/3073 3072/3072
f 305/305 289/289 269/269
f 305/305 269/269 303/303
f 392/392 400/400 588/588
f 392/392 588/588 589/589
f 115/115 116/116 113/113
f 115/115 113/113 114/114
f 192/192 389/389 384/384
f 192/192 384/384 524/524
f 327/327 367/367 369/369
f 327/327 369/369 328/328
f 2918/2918 2917/2917 2907/2907
f 2918/2918 2907/2907 2905/2905
f 413/413 412/412 2352/2352
f 413/413 2352/2352 2353/2353
f 451/451 2787/2787 2791/2791
f 451/451 2791/2791 1053/1053
f 1459/1459 1343/1343 1458/1458
f 1459/1459 1458/1458 310/310
f 498/498 993/993 1000/1000
f 498/498 1000/1000 499/499
f 1576/1576 1577/1577 1575/1575
f 1576/1576 1575/1575 1574/1574
f 2012/2012 2011/2011 2186/2186
f 2012/2012 2186/2186 2190/2190
f 2959/2959 2958/2958 3024/3024
f 2959/2959 3024/3024 2961/2961
f 2235/2235 2234/2234 2310/2310
f 2235/2235 2310/2310 2237/2237
f 1257/1257 1263/1263 2415/2415
f 1257/1257 2415/2415 2414/2414
f 1279/1279 1274/1274 1273/1273
f 1279/1279 1273/1273 1278/1278
f 128/128 147/147 144/144
f 128/128 144/144 131/131
f 2885/2885 2883/2883 2900/2900
f 2885/2885 2900/2900 2888/2888
f 2806/2806 1069/1069 2805/2805
f 2806/2806 2805/2805 2755/2755
f 1625/1625 1626/1626 1622/1622
f 1625/1625 1622/1622 1624/1624
f 2543/2543 2544/2544 2539/2539
f 2543/2543 2539/2539 2542/2542
f 1720/1720 1721/1721 1719/1719
f 1720/1720 1719/1719 1718/1718
f 2052/2052 2050/2050 2211/2211
f 2052/2052 2211/2211 2055/2055
f 2298/2298 2171/2171 2295/2295
f 2298/2298 2295/2295 2297/2297
f 1524/1524 1523/1523 1888/1888
f 1524/1524 1888/1888 1890/1890
f 1016/1016 1010/1010 1014/1014
f 1016/1016 1014/1014 1015/1015
f 1400/1400 1399/1399 1432/1432
f 1400/1400 1432/1432 1434/1434
f 2461/2461 2460/2460 2518/2518
f 2461/2461 2518/2518 2463/2463
f 1134/1134 1128/1128 1132/1132
f 1134/1134 1132/1132 1133/1133
f 2168/2168 2166/2166 2290/2290
f 2168/2168 2290/2290 2292/2292
f 1509/1509 1507/1507 1857/1857
f 1509/1509 1857/1857 1859/1859
f 2286/2286 2159/2159 2285/2285
f 2286/2286 2285/2285 2284/2284
f 815/815 944/944 948/948
f 815/815 948/948 819/819
f 2020/2020 2019/2019 2200/2200
f 2020/2020 2200/2200 2024/2024
f 804/804 805/805 803/803
f 804/804 803/803 797/797
f 1220/1220 1221/1221 1219/1219
f 1220/1220 1219/1219 1218/1218
f 2299/2299 2300/2300 2298/2298
f 2299/2299 2298/2298 2297/2297
f 1840/1840 1834/1834 2051/2051
f 1840/1840 2051/2051 2053/2053
f 903/903 902/902 1549/1549
f 903/903 1549/1549 1553/1553
f 2198/2198 2215/2215 2214/2214
f 2198/2198 2214/2214 2213/2213
f 1113/1113 1119/1119 1217/1217
f 1113/1113 1217/1217 1114/1114
f 2492/2492 1281/1281 2489/2489
f 2492/2492 2489/2489 2490/2490
f 1713/1713 1711/1711 1974/1974
f 1713/1713 1974/1974 1976/1976
f 1396/1396 1390/1390 1394/1394
f 1396/1396 1394/1394 1395/1395
f 905/905 910/910 1545/1545
f 905/905 1545/1545 906/906
f 1837/1837 1838/1838 1836/1836
f 1837/1837 1836/1836 1835/1835
f 2743/2743 2741/2741 2824/2824
f 2743/2743 2824/2824 2827/2827
f 2689/2689 2686/2686 2685/2685
f 2689/2689 2685/2685 2688/2688
f 1652/1652 1651/1651 1914/1914
f 1652/1652 1914/1914 1655/1655
f 1364/1364 1365/1365 1360/1360
f 1364/1364 1360/1360 1359/1359
f 2883/2883 2884/2884 2882/2882
f 2883/2883 2882/2882 2881/2881
f 1012/1012 753/753 1017/1017
f 1012/1012 1017/1017 1013/1013
f 650/650 397/397 396/396
f 650/650 396/396 652/652
f 2460/2460 2523/2523 2519/2519
f 2460/2460 2519/2519 2518/2518
f 1224/1224 1222/1222 1714/1714
f 1224/1224 1714/1714 1716/1716
f 2843/2843 2841/2841 2872/2872
f 2843/2843 2872/2872 2873/2873
f 1699/1699 1697/1697 1967/1967
f 1699/1699 1967/1967 1702/1702
f 1731/1731 1243/1243 1728/1728
f 1731/1731 1728/1728 1730/1730
f 530/530 1387/1387 1798/1798
f 530/530 1798/1798 531/531
f 2891/2891 2892/2892 2890/2890
f 2891/2891 2890/2890 2889/2889
f 2965/2965 2963/2963 3027/3027
f 2965/2965 3027/3027 3028/3028
f 1194/1194 1193/1193 1688/1688
f 1194/1194 1688/1688 1196/1196
f 446/446 445/445 2010/2010
f 446/446 2010/2010 2014/2014
f 3085/3085 3082/3082 3081/3081
f 3085/3085 3081/3081 3084/3084
f 3011/3011 2948/2948 3006/3006
f 3011/3011 3006/3006 3010/3010
f 2815/2815 2816/2816 2814/2814
f 2815/2815 2814/2814 2813/2813
f 330/330 402/402 2904/2904
f 330/330 2904/2904 479/479
f 2094/2094 2095/2095 2093/2093
f 2094/2094 2093/2093 2092/2092
f 885/885 884/884 970/970
f 885/885 970/970 887/887
f 1293/1293 1292/1292 1749/1749
f 1293/1293 1749/1749 1297/1297
f 571/571 570/570 2957/2957
f 571/571 2957/2957 575/575
f 2137/2137 2141/2141 2140/2140
f 2137/2137 2140/2140 2138/2138
f 1001/1001 998/998 997/997
f 1001/1001 997/997 996/996
f 2881/2881 2882/2882 2880/2880
f 2881/2881 2880/2880 2879/2879
f 243/243 245/245 630/630
f 243/243 630/630 631/631
f 1999/1999 2000/2000 1998/1998
f 1999/1999 1998/1998 1997/1997
f 70/70 69/69 2447/2447
f 70/70 2447/2447 2445/2445
f 2861/2861 2834/2834 2858/2858
f 2861/2861 2858/2858 2860/2860
f 2565/2565 88/88 2713/2713
f 2565/2565 2713/2713 2568/2568
f 1979/1979 1980/1980 1978/1978
f 1979/1979 1978/1978 1977/1977
f 2050/2050 2048/2048 2209/2209
f 2050/2050 2209/2209 2211/2211
f 1977/1977 1978/1978 1976/1976
f 1977/1977 1976/1976 1975/1975
f 1690/1690 1689/1689 1955/1955
f 1690/1690 1955/1955 1692/1692
f 2687/2687 2688/2688 2685/2685
f 2687/2687 2685/2685 2684/2684
f 2166/2166 2167/2167 2165/2165
f 2166/2166 2165/2165 2164/2164
f 1226/1226 228/228 1223/1223
f 1226/1226 1223/1223 1225/1225
f 3260/3260 3142/3142 2674/2674
f 3260/3260 2674/2674 3150/3150
f 1492/1492 1493/1493 1491/1491
f 1492/1492 1491/1491 1490/1490
f 2056/2056 2055/2055 2212/2212
f 2056/2056 2212/2212 2058/2058
f 1679/1679 1184/1184 1677/1677
f 1679/1679 1677/1677 1678/1678
f 1843/1843 1844/1844 1842/1842
f 1843/1843 1842/1842 1841/1841
f 1717/1717 1718/1718 1716/1716
f 1717/1717 1716/1716 1715/1715
f 1252/1252 1246/1246 1250/1250
f 1252/1252 1250/1250 1251/1251
f 1117/1117 1113/1113 1112/1112
f 1117/1117 1112/1112 1116/1116
f 1713/1713 1714/1714 1712/1712
f 1713/1713 1712/1712 1711/1711
f 1839/1839 1486/1486 1838/1838
f 1839/1839 1838/1838 1837/1837
f 2824/2824 2825/2825 2823/2823
f 2824/2824 2823/2823 2822/2822
f 1203/1203 1204/1204 1202/1202
f 1203/1203 1202/1202 1201/1201
f 610/610 611/611 607/607
f 610/610 607/607 606/606
f 1488/1488 1026/1026 1485/1485
f 1488/1488 1485/1485 1487/1487
f 2463/2463 2518/2518 2517/2517
f 2463/2463 2517/2517 2472/2472
f 363/363 846/846 845/845
f 363/363 845/845 364/364
f 2989/2989 2988/2988 3040/3040
f 2989/2989 3040/3040 2991/2991
f 1231/1231 1237/1237 2398/2398
f 1231/1231 2398/2398 1232/1232
f 2473/2473 2471/2471 2516/2516
f 2473/2473 2516/2516 2475/2475
f 2369/2369 2367/2367 2366/2366
f 2369/2369 2366/2366 1105/1105
f 875/875 874/874 963/963
f 875/875 963/963 965/965
f 2765/2765 2764/2764 2833/2833
f 2765/2765 2833/2833 2769/2769
f 46/46 1416/1416 1415/1415
f 46/46 1415/1415 1417/1417
f 2193/2193 2191/2191 2221/2221
f 2193/2193 2221/2221 2219/2219
f 2193/2193 2194/2194 2192/2192
f 2193/2193 2192/2192 2191/2191
f 2475/2475 2476/2476 2474/2474
f 2475/2475 2474/2474 2473/2473
f 3051/3051 3052/3052 3050/3050
f 3051/3051 3050/3050 3049/3049
f 946/946 945/945 954/954
f 946/946 954/954 949/949
f 1294/1294 1290/1290 1289/1289
f 1294/1294 1289/1289 1293/1293
f 2226/2226 2307/2307 2304/2304
f 2226/2226 2304/2304 2306/2306
f 517/517 516/516 1554/1554
f 517/517 1554/1554 1558/1558
f 1968/1968 1702/1702 1967/1967
f 1968/1968 1967/1967 1966/1966
f 1439/1439 1438/1438 1805/1805
f 1439/1439 1805/1805 1441/1441
f 2759/2759 2758/2758 2804/2804
f 2759/2759 2804/2804 2803/2803
f 1433/1433 1431/1431 1802/1802
f 1433/1433 1802/1802 1804/1804
f 2700/2700 215/215 2699/2699
f 2700/2700 2699/2699 2695/2695
f 1192/1192 1159/1159 1189/1189
f 1192/1192 1189/1189 1191/1191
f 2869/2869 2870/2870 2868/2868
f 2869/2869 2868/2868 2867/2867
f 1196/1196 1197/1197 1195/1195
f 1196/1196 1195/1195 1194/1194
f 443/443 1747/1747 2002/2002
f 443/443 2002/2002 2003/2003
f 1515/1515 1514/1514 1867/1867
f 1515/1515 1867/1867 1871/1871
f 3018/3018 3017/3017 3095/3095
f 3018/3018 3095/3095 3021/3021
f 2462/2462 2359/2359 2459/2459
f 2462/2462 2459/2459 2461/2461
f 2438/2438 2439/2439 2437/2437
f 2438/2438 2437/2437 2436/2436
f 1201/1201 1200/1200 1698/1698
f 1201/1201 1698/1698 1700/1700
f 406/406 416/416 1314/1314
f 406/406 1314/1314 1317/1317
f 2843/2843 2845/2845 2842/2842
f 2843/2843 2842/2842 2841/2841
f 1516/1516 1517/1517 1513/1513
f 1516/1516 1513/1513 1515/1515
f 960/960 870/870 959/959
f 960/960 959/959 940/940
f 1823/1823 1824/1824 1820/1820
f 1823/1823 1820/1820 1822/1822
f 1466/1466 1825/1825 1824/1824
f 1466/1466 1824/1824 1823/1823
f 2856/2856 2857/2857 2855/2855
f 2856/2856 2855/2855 2854/2854
f 1820/1820 458/458 1817/1817
f 1820/1820 1817/1817 1819/1819
f 2104/2104 2105/2105 2103/2103
f 2104/2104 2103/2103 2102/2102
f 114/114 267/267 264/264
f 114/114 264/264 115/115
f 282/282 278/278 276/276
f 282/282 276/276 285/285
f 2728/2728 2726/2726 2725/2725
f 2728/2728 2725/2725 2434/2434
f 801/801 794/794 802/802
f 801/801 802/802 798/798
f 398/398 399/399 391/391
f 398/398 391/391 397/397
f 50/50 48/48 44/44
f 50/50 44/44 47/47
f 1936/1936 1935/1935 2125/2125
f 1936/1936 2125/2125 1938/1938
f 2265/2265 2264/2264 254/254
f 2265/2265 254/254 2266/2266
f 1054/1054 1055/1055 1052/1052
f 1054/1054 1052/1052 1053/1053
f 744/744 2921/2921 1022/1022
f 744/744 1022/1022 748/748
f 38/38 43/43 1797/1797
f 38/38 1797/1797 1796/1796
f 1830/1830 1831/1831 1829/1829
f 1830/1830 1829/1829 1828/1828
f 3038/3038 3036/3036 3097/3097
f 3038/3038 3097/3097 3090/3090
f 1895/1895 1893/1893 2107/2107
f 1895/1895 2107/2107 2109/2109
f 1554/1554 516/516 1553/1553
f 1554/1554 1553/1553 1552/1552
f 3057/3057 3055/3055 3094/3094
f 3057/3057 3094/3094 3092/3092
f 1774/1774 1334/1334 1771/1771
f 1774/1774 1771/1771 1773/1773
f 2715/2715 2657/2657 2656/2656
f 2715/2715 2656/2656 2655/2655
f 2360/2360 2358/2358 2357/2357
f 2360/2360 2357/2357 1088/1088
f 2590/2590 2589/2589 2644/2644
f 2590/2590 2644/2644 2592/2592
f 2201/2201 2202/2202 2200/2200
f 2201/2201 2200/2200 2199/2199
f 2818/2818 2822/2822 2821/2821
f 2818/2818 2821/2821 2819/2819
f 2658/2658 2657/2657 2718/2718
f 2658/2658 2718/2718 2723/2723
f 2609/2609 2596/2596 2603/2603
f 2609/2609 2603/2603 2608/2608
f 1116/1116 1115/1115 2823/2823
f 1116/1116 2823/2823 1120/1120
f 692/692 693/693 691/691
f 692/692 691/691 690/690
f 2409/2409 2405/2405 2404/2404
f 2409/2409 2404/2404 1252/1252
f 2156/2156 2157/2157 2155/2155
f 2156/2156 2155/2155 2154/2154
f 2042/2042 2041/2041 2208/2208
f 2042/2042 2208/2208 2044/2044
f 2207/2207 2208/2208 2206/2206
f 2207/2207 2206/2206 2205/2205
f 1399/1399 1406/1406 1430/1430
f 1399/1399 1430/1430 1432/1432
f 1185/1185 1184/1184 1679/1679
f 1185/1185 1679/1679 1187/1187
f 2603/2603 2596/2596 2595/2595
f 2603/2603 2595/2595 2602/2602
f 2162/2162 2163/2163 2161/2161
f 2162/2162 2161/2161 2160/2160
f 2745/2745 2743/2743 2827/2827
f 2745/2745 2827/2827 2815/2815
f 613/613 619/619 1176/1176
f 613/613 1176/1176 614/614
f 1012/1012 1013/1013 1009/1009
f 1012/1012 1009/1009 1008/1008
f 1140/1140 2730/2730 1145/1145
f 1140/1140 1145/1145 1141/1141
f 1982/1982 1981/1981 2170/2170
f 1982/1982 2170/2170 1984/1984
f 2568/2568 2569/2569 2566/2566
f 2568/2568 2566/2566 2565/2565
f 2282/2282 2281/2281 2318/2318
f 2282/2282 2318/2318 2329/2329
f 1197/1197 1196/1196 1691/1691
f 1197/1197 1691/1691 1199/1199
f 2154/2154 2153/2153 2283/2283
f 2154/2154 2283/2283 2285/2285
f 388/388 386/386 2663/2663
f 388/388 2663/2663 2662/2662
f 203/203 207/207 2660/2660
f 203/203 2660/2660 2663/2663
f 2044/2044 2045/2045 2043/2043
f 2044/2044 2043/2043 2042/2042
f 1721/1721 1720/1720 1986/1986
f 1721/1721 1986/1986 1723/1723
f 1263/1263 1257/1257 1261/1261
f 1263/1263 1261/1261 1262/1262
f 2374/2374 2380/2380 2447/2447
f 2374/2374 2447/2447 2375/2375
f 1879/1879 1878/1878 2091/2091
f 1879/1879 2091/2091 2093/2093
f 872/872 849/849 869/869
f 872/872 869/869 871/871
f 1908/1908 1909/1909 1907/1907
f 1908/1908 1907/1907 1906/1906
f 2400/2400 2403/2403 2427/2427
f 2400/2400 2427/2427 2395/2395
f 2888/2888 2899/2899 2891/2891
f 2888/2888 2891/2891 2889/2889
f 1916/1916 1655/1655 1914/1914
f 1916/1916 1914/1914 1915/1915
f 521/521 5/5 7/7
f 521/521 7/7 9/9
f 2650/2650 2702/2702 2701/2701
f 2650/2650 2701/2701 2652/2652
f 2556/2556 2555/2555 2561/2561
f 2556/2556 2561/2561 351/351
f 1096/1096 1092/1092 1091/1091
f 1096/1096 1091/1091 1095/1095
f 1645/1645 1634/1634 1913/1913
f 1645/1645 1913/1913 1912/1912
f 2080/2080 2081/2081 2079/2079
f 2080/2080 2079/2079 2078/2078
f 3042/3042 3041/3041 3094/3094
f 3042/3042 3094/3094 3044/3044
f 1544/1544 1542/1542 1613/1613
f 1544/1544 1613/1613 1547/1547
f 1144/1144 1138/1138 1142/1142
f 1144/1144 1142/1142 1143/1143
f 2683/2683 2684/2684 2681/2681
f 2683/2683 2681/2681 2678/2678
f 1701/1701 1206/1206 1700/1700
f 1701/1701 1700/1700 1699/1699
f 1534/1534 1611/1611 1613/1613
f 1534/1534 1613/1613 1536/1536
f 1875/1875 1874/1874 2084/2084
f 1875/1875 2084/2084 1877/1877
f 600/600 604/604 1164/1164
f 600/600 1164/1164 601/601
f 2361/2361 2365/2365 2456/2456
f 2361/2361 2456/2456 2362/2362
f 1427/1427 1428/1428 1426/1426
f 1427/1427 1426/1426 1425/1425
f 2229/2229 2230/2230 2228/2228
f 2229/2229 2228/2228 2227/2227
f 1394/1394 1390/1390 1389/1389
f 1394/1394 1389/1389 1393/1393
f 1468/1468 1469/1469 1465/1465
f 1468/1468 1465/1465 1467/1467
f 2245/2245 2244/2244 2317/2317
f 2245/2245 2317/2317 2251/2251
f 2196/2196 2195/2195 2215/2215
f 2196/2196 2215/2215 2198/2198
f 1840/1840 1841/1841 1839/1839
f 1840/1840 1839/1839 1837/1837
f 1306/1306 1300/1300 1304/1304
f 1306/1306 1304/1304 1305/1305
f 2184/2184 2177/2177 2301/2301
f 2184/2184 2301/2301 2303/2303
f 2276/2276 2149/2149 2273/2273
f 2276/2276 2273/2273 2275/2275
f 1518/1518 513/513 1523/1523
f 1518/1518 1523/1523 1520/1520
f 317/317 316/316 1050/1050
f 317/317 1050/1050 1051/1051
f 2289/2289 2290/2290 2288/2288
f 2289/2289 2288/2288 2287/2287
f 810/810 809/809 942/942
f 810/810 942/942 943/943
f 2144/2144 2143/2143 2270/2270
f 2144/2144 2270/2270 2146/2146
f 1654/1654 639/639 1648/1648
f 1654/1654 1648/1648 1653/1653
f 1597/1597 1594/1594 1593/1593
f 1597/1597 1593/1593 1592/1592
f 993/993 994/994 991/991
f 993/993 991/991 992/992
f 2212/2212 2055/2055 2211/2211
f 2212/2212 2211/2211 2210/2210
f 443/443 444/444 439/439
f 443/443 439/439 442/442
f 1858/1858 1859/1859 1857/1857
f 1858/1858 1857/1857 1856/1856
f 1689/1689 1690/1690 1688/1688
f 1689/1689 1688/1688 1687/1687
f 2280/2280 2322/2322 2320/2320
f 2280/2280 2320/2320 2319/2319
f 365/365 364/364 845/845
f 365/365 845/845 837/837
f 1144/1144 1143/1143 1149/1149
f 1144/1144 1149/1149 1153/1153
f 2218/2218 2064/2064 2216/2216
f 2218/2218 2216/2216 2217/2217
f 2300/2300 2299/2299 2305/2305
f 2300/2300 2305/2305 2302/2302
f 1669/1669 1674/1674 1672/1672
f 1669/1669 1672/1672 1670/1670
f 1624/1624 1623/1623 1903/1903
f 1624/1624 1903/1903 1907/1907
f 2413/2413 1251/1251 1255/1255
f 2413/2413 1255/1255 1256/1256
f 2998/2998 2996/2996 3052/3052
f 2998/2998 3052/3052 288/288
f 661/661 660/660 1578/1578
f 661/661 1578/1578 1577/1577
f 301/301 300/300 858/858
f 301/301 858/858 356/356
f 450/450 449/449 725/725
f 450/450 725/725 723/723
f 1639/1639 1581/1581 1636/1636
f 1639/1639 1636/1636 1637/1637
f 2506/2506 2509/2509 2634/2634
f 2506/2506 2634/2634 2639/2639
f 761/761 996/996 995/995
f 761/761 995/995 762/762
f 2512/2512 2508/2508 2510/2510
f 2512/2512 2510/2510 2511/2511
f 1484/1484 1029/1029 1030/1030
f 1484/1484 1030/1030 1027/1027
f 1076/1076 1072/1072 1071/1071
f 1076/1076 1071/1071 1075/1075
f 979/979 922/922 977/977
f 979/979 977/977 975/975
f 2879/2879 2880/2880 2878/2878
f 2879/2879 2878/2878 2877/2877
f 2482/2482 2481/2481 2507/2507
f 2482/2482 2507/2507 2484/2484
f 201/201 384/384 382/382
f 201/201 382/382 383/383
f 2584/2584 2575/2575 2706/2706
f 2584/2584 2706/2706 2705/2705
f 767/767 768/768 766/766
f 767/767 766/766 765/765
f 3038/3038 3090/3090 3089/3089
f 3038/3038 3089/3089 3093/3093
f 322/322 342/342 379/379
f 322/322 379/379 456/456
f 2799/2799 2801/2801 2798/2798
f 2799/2799 2798/2798 2796/2796
f 100/100 1148/1148 1147/1147
f 100/100 1147/1147 101/101
f 1081/1081 1077/1077 1076/1076
f 1081/1081 1076/1076 1080/1080
f 1944/1944 232/232 1941/1941
f 1944/1944 1941/1941 1943/1943
f 39/39 38/38 1796/1796
f 39/39 1796/1796 1419/1419
f 557/557 546/546 552/552
f 557/557 552/552 556/556
f 2124/2124 2123/2123 2338/2338
f 2124/2124 2338/2338 2126/2126
f 3103/3103 123/123 256/256
f 3103/3103 256/256 24/24
f 1579/1579 654/654 651/651
f 1579/1579 651/651 653/653
f 2924/2924 557/557 621/621
f 2924/2924 621/621 620/620
f 1024/1024 1020/1020 1019/1019
f 1024/1024 1019/1019 1023/1023
f 648/648 645/645 644/644
f 648/648 644/644 647/647
f 1092/1092 1098/1098 2363/2363
f 1092/1092 2363/2363 1093/1093
f 902/902 903/903 900/900
f 902/902 900/900 901/901
f 2278/2278 2277/2277 2322/2322
f 2278/2278 2322/2322 2280/2280
f 1671/1671 241/241 1668/1668
f 1671/1671 1668/1668 1670/1670
f 2569/2569 2568/2568 2712/2712
f 2569/2569 2712/2712 2710/2710
f 2597/2597 2599/2599 2595/2595
f 2597/2597 2595/2595 2596/2596
f 1218/1218 1219/1219 1217/1217
f 1218/1218 1217/1217 1216/1216
f 2015/2015 2016/2016 2014/2014
f 2015/2015 2014/2014 2013/2013
f 609/609 603/603 607/607
f 609/609 607/607 608/608
f 1740/1740 1258/1258 1737/1737
f 1740/1740 1737/1737 1739/1739
f 2486/2486 1291/1291 2483/2483
f 2486/2486 2483/2483 2485/2485
f 1421/1421 1419/1419 1796/1796
f 1421/1421 1796/1796 1794/1794
f 2236/2236 2082/2082 2233/2233
f 2236/2236 2233/2233 2235/2235
f 1282/1282 1283/1283 1279/1279
f 1282/1282 1279/1279 1278/1278
f 2384/2384 2391/2391 2428/2428
f 2384/2384 2428/2428 2432/2432
f 2862/2862 2863/2863 2861/2861
f 2862/2862 2861/2861 2860/2860
f 1104/1104 1103/1103 2376/2376
f 1104/1104 2376/2376 2372/2372
f 1315/1315 1310/1310 1314/1314
f 1315/1315 1314/1314 416/416
f 3060/3060 3061/3061 3058/3058
f 3060/3060 3058/3058 3057/3057
f 1484/1484 1027/1027 1038/1038
f 1484/1484 1038/1038 1480/1480
f 1455/1455 1353/1353 1449/1449
f 1455/1455 1449/1449 1454/1454
f 548/548 547/547 2927/2927
f 548/548 2927/2927 2932/2932
f 774/774 780/780 1575/1575
f 774/774 1575/1575 775/775
f 867/867 868/868 866/866
f 867/867 866/866 865/865
f 875/875 876/876 872/872
f 875/875 872/872 874/874
f 1898/1898 1617/1617 1897/1897
f 1898/1898 1897/1897 1896/1896
f 97/97 685/685 682/682
f 97/97 682/682 681/681
f 2221/2221 2222/2222 2220/2220
f 2221/2221 2220/2220 2219/2219
f 80/80 79/79 2436/2436
f 80/80 2436/2436 2435/2435
f 255/255 2327/2327 2326/2326
f 255/255 2326/2326 2328/2328
f 1419/1419 1420/1420 1413/1413
f 1419/1419 1413/1413 39/39
f 1656/1656 1655/1655 1916/1916
f 1656/1656 1916/1916 1658/1658
f 238/238 1059/1059 2348/2348
f 238/238 2348/2348 2345/2345
f 1983/1983 1717/1717 1980/1980
f 1983/1983 1980/1980 1982/1982
f 1373/1373 1372/1372 1443/1443
f 1373/1373 1443/1443 1446/1446
f 538/538 534/534 491/491
f 538/538 491/491 536/536
f 212/212 211/211 2704/2704
f 212/212 2704/2704 2707/2707
f 3043/3043 2991/2991 3040/3040
f 3043/3043 3040/3040 3042/3042
f 296/296 36/36 355/355
f 296/296 355/355 366/366
f 3101/3101 841/841 528/528
f 3101/3101 528/528 529/529
f 1562/1562 801/801 1561/1561
f 1562/1562 1561/1561 1560/1560
f 2351/2351 412/412 405/405
f 2351/2351 405/405 411/411
f 1927/1927 1928/1928 1924/1924
f 1927/1927 1924/1924 1926/1926
f 760/760 511/511 757/757
f 760/760 757/757 759/759
f 408/408 407/407 1322/1322
f 408/408 1322/1322 1323/1323
f 2502/2502 485/485 2501/2501
f 2502/2502 2501/2501 2505/2505
f 710/710 709/709 2738/2738
f 710/710 2738/2738 2740/2740
f 2839/2839 2838/2838 2868/2868
f 2839/2839 2868/2868 2870/2870
f 1655/1655 1656/1656 1654/1654
f 1655/1655 1654/1654 1653/1653
f 2963/2963 2964/2964 2962/2962
f 2963/2963 2962/2962 2961/2961
f 250/250 4/4 3/3
f 250/250 3/3 249/249
f 970/970 884/884 969/969
f 970/970 969/969 968/968
f 1506/1506 999/999 1503/1503
f 1506/1506 1503/1503 1505/1505
f 1957/1957 1956/1956 2145/2145
f 1957/1957 2145/2145 1959/1959
f 1971/1971 1705/1705 1968/1968
f 1971/1971 1968/1968 1970/1970
f 1274/1274 1281/1281 2492/2492
f 1274/1274 2492/2492 1275/1275
f 3033/3033 3026/3026 3098/3098
f 3033/3033 3098/3098 3034/3034
f 598/598 599/599 597/597
f 598/598 597/597 596/596
f 2274/2274 2328/2328 2326/2326
f 2274/2274 2326/2326 2325/2325
f 1177/1177 1174/1174 1173/1173
f 1177/1177 1173/1173 1176/1176
f 1499/1499 1498/1498 1851/1851
f 1499/1499 1851/1851 1501/1501
f 58/58 59/59 54/54
f 58/58 54/54 57/57
f 1761/1761 2032/2032 2036/2036
f 1761/1761 2036/2036 1763/1763
f 112/112 109/109 110/110
f 112/112 110/110 111/111
f 2988/2988 2986/2986 3035/3035
f 2988/2988 3035/3035 3037/3037
f 351/351 350/350 2617/2617
f 351/351 2617/2617 2556/2556
f 736/736 735/735 1035/1035
f 736/736 1035/1035 1034/1034
f 1105/1105 1097/1097 1101/1101
f 1105/1105 1101/1101 1104/1104
f 2914/2914 477/477 2908/2908
f 2914/2914 2908/2908 2912/2912
f 2341/2341 2342/2342 2340/2340
f 2341/2341 2340/2340 2117/2117
f 2858/2858 2831/2831 2857/2857
f 2858/2858 2857/2857 2856/2856
f 60/60 61/61 54/54
f 60/60 54/54 59/59
f 1726/1726 1727/1727 1725/1725
f 1726/1726 1725/1725 1724/1724
f 479/479 476/476 154/154
f 479/479 154/154 153/153
f 2559/2559 2555/2555 2554/2554
f 2559/2559 2554/2554 2558/2558
f 1770/1770 1769/1769 1813/1813
f 1770/1770 1813/1813 1772/1772
f 1998/1998 1732/1732 1995/1995
f 1998/1998 1995/1995 1997/1997
f 1182/1182 1181/1181 1677/1677
f 1182/1182 1677/1677 1184/1184
f 1696/1696 1695/1695 1961/1961
f 1696/1696 1961/1961 1965/1965
f 1375/1375 1377/1377 1370/1370
f 1375/1375 1370/1370 1368/1368
f 587/587 586/586 2969/2969
f 587/587 2969/2969 590/590
f 1137/1137 1133/1133 1132/1132
f 1137/1137 1132/1132 1136/1136
f 1425/1425 1424/1424 1790/1790
f 1425/1425 1790/1790 1427/1427
f 65/65 64/64 2552/2552
f 65/65 2552/2552 2548/2548
f 2195/2195 2193/2193 2219/2219
f 2195/2195 2219/2219 2217/2217
f 2436/2436 2437/2437 2431/2431
f 2436/2436 2431/2431 2435/2435
f 443/443 442/442 1748/1748
f 443/443 1748/1748 1747/1747
f 416/416 414/414 2466/2466
f 416/416 2466/2466 1315/1315
f 2723/2723 2665/2665 2660/2660
f 2723/2723 2660/2660 2658/2658
f 1953/1953 1954/1954 1952/1952
f 1953/1953 1952/1952 1951/1951
f 1280/1280 1286/1286 2489/2489
f 1280/1280 2489/2489 1281/1281
f 1142/1142 1138/1138 1137/1137
f 1142/1142 1137/1137 1141/1141
f 2252/2252 2251/2251 2321/2321
f 2252/2252 2321/2321 2256/2256
f 2601/2601 2600/2600 2636/2636
f 2601/2601 2636/2636 2604/2604
f 1501/1501 1502/1502 1500/1500
f 1501/1501 1500/1500 1499/1499
f 1191/1191 1190/1190 1685/1685
f 1191/1191 1685/1685 1193/1193
f 1542/1542 1543/1543 1540/1540
f 1542/1542 1540/1540 1538/1538
f 2647/2647 483/483 2645/2645
f 2647/2647 2645/2645 2646/2646
f 2418/2418 372/372 375/375
f 2418/2418 375/375 2416/2416
f 3259/3259 3192/3192 202/202
f 3259/3259 202/202 3191/3191
f 2418/2418 438/438 373/373
f 2418/2418 373/373 372/372
f 1476/1476 1481/1481 1477/1477
f 1476/1476 1477/1477 1474/1474
f 447/447 2778/2778 2775/2775
f 447/447 2775/2775 453/453
f 1103/1103 1104/1104 1101/1101
f 1103/1103 1101/1101 1102/1102
f 892/892 517/517 1561/1561
f 892/892 1561/1561 1563/1563
f 2757/2757 419/419 2754/2754
f 2757/2757 2754/2754 2756/2756
f 1462/1462 1338/1338 1459/1459
f 1462/1462 1459/1459 1460/1460
f 641/641 638/638 637/637
f 641/641 637/637 640/640
f 2354/2354 2353/2353 2352/2352
f 2354/2354 2352/2352 1078/1078
f 1599/1599 1594/1594 1597/1597
f 1599/1599 1597/1597 1598/1598
f 2250/2250 2247/2247 2248/2248
f 2250/2250 2248/2248 2249/2249
f 96/96 101/101 1150/1150
f 96/96 1150/1150 689/689
f 2366/2366 2364/2364 2363/2363
f 2366/2366 2363/2363 1098/1098
f 949/949 950/950 947/947
f 949/949 947/947 946/946
f 421/421 420/420 719/719
f 421/421 719/719 718/718
f 2593/2593 2592/2592 2641/2641
f 2593/2593 2641/2641 2600/2600
f 1854/1854 1501/1501 1851/1851
f 1854/1854 1851/1851 1853/1853
f 1942/1942 1940/1940 2134/2134
f 1942/1942 2134/2134 2136/2136
f 2184/2184 2185/2185 2183/2183
f 2184/2184 2183/2183 2180/2180
f 1082/1082 1088/1088 2357/2357
f 1082/1082 2357/2357 1083/1083
f 1313/1313 1312/1312 1758/1758
f 1313/1313 1758/1758 1316/1316
f 833/833 827/827 831/831
f 833/833 831/831 832/832
f 242/242 625/625 628/628
f 242/242 628/628 245/245
f 62/62 71/71 2446/2446
f 62/62 2446/2446 2442/2442
f 1206/1206 1207/1207 1205/1205
f 1206/1206 1205/1205 1203/1203
f 1155/1155 1159/1159 1192/1192
f 1155/1155 1192/1192 1156/1156
f 351/351 2561/2561 2567/2567
f 351/351 2567/2567 346/346
f 2849/2849 2850/2850 2848/2848
f 2849/2849 2848/2848 2847/2847
f 1625/1625 1624/1624 1907/1907
f 1625/1625 1907/1907 1909/1909
f 2561/2561 2555/2555 2559/2559
f 2561/2561 2559/2559 2560/2560
f 1312/1312 1313/1313 1309/1309
f 1312/1312 1309/1309 1308/1308
f 1464/1464 1453/1453 1825/1825
f 1464/1464 1825/1825 1466/1466
f 1728/1728 1238/1238 1725/1725
f 1728/1728 1725/1725 1727/1727
f 2371/2371 2367/2367 2369/2369
f 2371/2371 2369/2369 2370/2370
f 2876/2876 542/542 2917/2917
f 2876/2876 2917/2917 2877/2877
f 941/941 940/940 959/959
f 941/941 959/959 945/945
f 1699/1699 1700/1700 1698/1698
f 1699/1699 1698/1698 1697/1697
f 2958/2958 2959/2959 2957/2957
f 2958/2958 2957/2957 2956/2956
f 861/861 956/956 955/955
f 861/861 955/955 862/862
f 1304/1304 1300/1300 1299/1299
f 1304/1304 1299/1299 1303/1303
f 1307/1307 1308/1308 1304/1304
f 1307/1307 1304/1304 1303/1303
f 2396/2396 2397/2397 2393/2393
f 2396/2396 2393/2393 2392/2392
f 1189/1189 1163/1163 1186/1186
f 1189/1189 1186/1186 1188/1188
f 1389/1389 1385/1385 1384/1384
f 1389/1389 1384/1384 1388/1388
f 1848/1848 1495/1495 1845/1845
f 1848/1848 1845/1845 1847/1847
f 2161/2161 1972/1972 2158/2158
f 2161/2161 2158/2158 2160/2160
f 222/222 1114/1114 1217/1217
f 222/222 1217/1217 1219/1219
f 2295/2295 2168/2168 2292/2292
f 2295/2295 2292/2292 2294/2294
f 1378/1378 1371/1371 1369/1369
f 1378/1378 1369/1369 1376/1376
f 928/928 791/791 927/927
f 928/928 927/927 930/930
f 892/892 518/518 514/514
f 892/892 514/514 517/517
f 2616/2616 2613/2613 2612/2612
f 2616/2616 2612/2612 2615/2615
f 1467/1467 1466/1466 1823/1823
f 1467/1467 1823/1823 1827/1827
f 228/228 224/224 218/218
f 228/228 218/218 223/223
f 1555/1555 1556/1556 1554/1554
f 1555/1555 1554/1554 1552/1552
f 1383/1383 1381/1381 1798/1798
f 1383/1383 1798/1798 1387/1387
f 1479/1479 1475/1475 1836/1836
f 1479/1479 1836/1836 1838/1838
f 555/555 629/629 628/628
f 555/555 628/628 623/623
f 1409/1409 1408/1408 1413/1413
f 1409/1409 1413/1413 1420/1420
f 1693/1693 1692/1692 1958/1958
f 1693/1693 1958/1958 1695/1695
f 2544/2544 2543/2543 2608/2608
f 2544/2544 2608/2608 2607/2607
f 2226/2226 2227/2227 2225/2225
f 2226/2226 2225/2225 2224/2224
f 2291/2291 2312/2312 2311/2311
f 2291/2291 2311/2311 2293/2293
f 2432/2432 2385/2385 2383/2383
f 2432/2432 2383/2383 2384/2384
f 3017/3017 3018/3018 3014/3014
f 3017/3017 3014/3014 3013/3013
f 667/667 669/669 665/665
f 667/667 665/665 401/401
f 482/482 483/483 484/484
f 3158/3158 3122/3122 3185/3185
f 482/482 484/484 3158/3158
f 3185/3185 432/432 482/482
f 3158/3158 3185/3185 482/482
f 849/849 850/850 847/847
f 849/849 847/847 848/848
f 1423/1423 1409/1409 1420/1420
f 1423/1423 1420/1420 1422/1422
f 779/779 785/785 1572/1572
f 779/779 1572/1572 780/780
f 1300/1300 1306/1306 2477/2477
f 1300/1300 2477/2477 1301/1301
f 614/614 1176/1176 1173/1173
f 614/614 1173/1173 1172/1172
f 2457/2457 2527/2527 2524/2524
f 2457/2457 2524/2524 2523/2523
f 2016/2016 2015/2015 2197/2197
f 2016/2016 2197/2197 2019/2019
f 1367/1367 1368/1368 1366/1366
f 1367/1367 1366/1366 1365/1365
f 2243/2243 2244/2244 2242/2242
f 2243/2243 2242/2242 2241/2241
f 2954/2954 2952/2952 3014/3014
f 2954/2954 3014/3014 3016/3016
f 1954/1954 1953/1953 2142/2142
f 1954/1954 2142/2142 1956/1956
f 338/338 527/527 535/535
f 338/338 535/535 339/339
f 1232/1232 1227/1227 1230/1230
f 1232/1232 1230/1230 1231/1231
f 1333/1333 1327/1327 1331/1331
f 1333/1333 1331/1331 1332/1332
f 793/793 789/789 788/788
f 793/793 788/788 792/792
f 893/893 814/814 889/889
f 893/893 889/889 519/519
f 1106/1106 1102/1102 1101/1101
f 1106/1106 1101/1101 1100/1100
f 1768/1768 1324/1324 1765/1765
f 1768/1768 1765/1765 1767/1767
f 827/827 833/833 882/882
f 827/827 882/882 828/828
f 2969/2969 586/586 2966/2966
f 2969/2969 2966/2966 2968/2968
f 358/358 1174/1174 1177/1177
f 358/358 1177/1177 359/359
f 445/445 444/444 2005/2005
f 445/445 2005/2005 2007/2007
f 547/547 548/548 544/544
f 547/547 544/544 546/546
f 2449/2449 68/68 2535/2535
f 2449/2449 2535/2535 2451/2451
f 353/353 12/12 11/11
f 353/353 11/11 352/352
f 735/735 734/734 1036/1036
f 735/735 1036/1036 1035/1035
f 770/770 775/775 1578/1578
f 770/770 1578/1578 510/510
f 1575/1575 780/780 1572/1572
f 1575/1575 1572/1572 1574/1574
f 717/717 718/718 716/716
f 717/717 716/716 715/715
f 1480/1480 1038/1038 1481/1481
f 1480/1480 1481/1481 1476/1476
f 1631/1631 1629/1629 1913/1913
f 1631/1631 1913/1913 1634/1634
f 857/857 856/856 860/860
f 857/857 860/860 863/863
f 2905/2905 2906/2906 2904/2904
f 2905/2905 2904/2904 2903/2903
f 938/938 937/937 960/960
f 938/938 960/960 940/940
f 1456/1456 1457/1457 1455/1455
f 1456/1456 1455/1455 1454/1454
f 3097/3097 3095/3095 3091/3091
f 3097/3097 3091/3091 3090/3090
f 1534/1534 1535/1535 1533/1533
f 1534/1534 1533/1533 1532/1532
f 1635/1635 1634/1634 1645/1645
f 1635/1635 1645/1645 1641/1641
f 1183/1183 1171/1171 1180/1180
f 1183/1183 1180/1180 1182/1182
f 1876/1876 521/521 1873/1873
f 1876/1876 1873/1873 1875/1875
f 1433/1433 1434/1434 1432/1432
f 1433/1433 1432/1432 1431/1431
f 2277/2277 2325/2325 2323/2323
f 2277/2277 2323/2323 2322/2322
f 879/879 880/880 878/878
f 879/879 878/878 877/877
f 1370/1370 1374/1374 1366/1366
f 1370/1370 1366/1366 1368/1368
f 1996/1996 1997/1997 1995/1995
f 1996/1996 1995/1995 1994/1994
f 734/734 735/735 733/733
f 734/734 733/733 731/731
f 2841/2841 2839/2839 2870/2870
f 2841/2841 2870/2870 2872/2872
f 107/107 307/307 3065/3065
f 107/107 3065/3065 108/108
f 3020/3020 3016/3016 3014/3014
f 3020/3020 3014/3014 3018/3018
f 574/574 643/643 641/641
f 574/574 641/641 640/640
f 2956/2956 3015/3015 3019/3019
f 2956/2956 3019/3019 2958/2958
f 1086/1086 1082/1082 1081/1081
f 1086/1086 1081/1081 1085/1085
f 1022/1022 1023/1023 1019/1019
f 1022/1022 1019/1019 1018/1018
f 1049/1049 318/318 1046/1046
f 1049/1049 1046/1046 1045/1045
f 65/65 2538/2538 2537/2537
f 65/65 2537/2537 67/67
f 2952/2952 2954/2954 2951/2951
f 2952/2952 2951/2951 2949/2949
f 2450/2450 2371/2371 2448/2448
f 2450/2450 2448/2448 2449/2449
f 1329/1329 1330/1330 1326/1326
f 1329/1329 1326/1326 1325/1325
f 2228/2228 2074/2074 2225/2225
f 2228/2228 2225/2225 2227/2227
f 1125/1125 1126/1126 1122/1122
f 1125/1125 1122/1122 1121/1121
f 1107/1107 1099/1099 2820/2820
f 1107/1107 2820/2820 1110/1110
f 855/855 852/852 851/851
f 855/855 851/851 854/854
f 688/688 699/699 737/737
f 688/688 737/737 739/739
f 2143/2143 2144/2144 2142/2142
f 2143/2143 2142/2142 2141/2141
f 1339/1339 1340/1340 1336/1336
f 1339/1339 1336/1336 1335/1335
f 1895/1895 1899/1899 1898/1898
f 1895/1895 1898/1898 1896/1896
f 2197/2197 2015/2015 2194/2194
f 2197/2197 2194/2194 2196/2196
f 1149/1149 1143/1143 1147/1147
f 1149/1149 1147/1147 1148/1148
f 1741/1741 1277/1277 1740/1740
f 1741/1741 1740/1740 1739/1739
f 1680/1680 1681/1681 1679/1679
f 1680/1680 1679/1679 1678/1678
f 782/782 781/781 924/924
f 782/782 924/924 786/786
f 616/616 615/615 2925/2925
f 616/616 2925/2925 620/620
f 1145/1145 692/692 1150/1150
f 1145/1145 1150/1150 1146/1146
f 2238/2238 2237/2237 2311/2311
f 2238/2238 2311/2311 2240/2240
f 1175/1175 1170/1170 1173/1173
f 1175/1175 1173/1173 1174/1174
f 266/266 265/265 3048/3048
f 266/266 3048/3048 3047/3047
f 213/213 216/216 2713/2713
f 213/213 2713/2713 2696/2696
f 1135/1135 1136/1136 1132/1132
f 1135/1135 1132/1132 1131/1131
f 291/291 290/290 333/333
f 291/291 333/333 332/332
f 1586/1586 1590/1590 1632/1632
f 1586/1586 1632/1632 1587/1587
f 393/393 394/394 391/391
f 393/393 391/391 392/392
f 563/563 569/569 636/636
f 563/563 636/636 564/564
f 1570/1570 1571/1571 1569/1569
f 1570/1570 1569/1569 1568/1568
f 2751/2751 2752/2752 2750/2750
f 2751/2751 2750/2750 2749/2749
f 2771/2771 2772/2772 2766/2766
f 2771/2771 2766/2766 2770/2770
f 1938/1938 1939/1939 1937/1937
f 1938/1938 1937/1937 1936/1936
f 424/424 455/455 378/378
f 424/424 378/378 435/435
f 1093/1093 1087/1087 1091/1091
f 1093/1093 1091/1091 1092/1092
f 1590/1590 1586/1586 1588/1588
f 1590/1590 1588/1588 1589/1589
f 1691/1691 1196/1196 1688/1688
f 1691/1691 1688/1688 1690/1690
f 390/390 387/387 2661/2661
f 390/390 2661/2661 2667/2667
f 2086/2086 2085/2085 2239/2239
f 2086/2086 2239/2239 2088/2088
f 2902/2902 2903/2903 2901/2901
f 2902/2902 2901/2901 2900/2900
f 1502/1502 1501/1501 1854/1854
f 1502/1502 1854/1854 1504/1504
f 2859/2859 2853/2853 2884/2884
f 2859/2859 2884/2884 2886/2886
f 2291/2291 2292/2292 2290/2290
f 2291/2291 2290/2290 2289/2289
f 1210/1210 1209/1209 1704/1704
f 1210/1210 1704/1704 1212/1212
f 2280/2280 2281/2281 2279/2279
f 2280/2280 2279/2279 2278/2278
f 2293/2293 2294/2294 2292/2292
f 2293/2293 2292/2292 2291/2291
f 1872/1872 1873/1873 1870/1870
f 1872/1872 1870/1870 1869/1869
f 1220/1220 1218/1218 1710/1710
f 1220/1220 1710/1710 1712/1712
f 2741/2741 2742/2742 2740/2740
f 2741/2741 2740/2740 2739/2739
f 1889/1889 1890/1890 1888/1888
f 1889/1889 1888/1888 1887/1887
f 725/725 726/726 724/724
f 725/725 724/724 723/723
f 2101/2101 2102/2102 2100/2100
f 2101/2101 2100/2100 2099/2099
f 1947/1947 1945/1945 2139/2139
f 1947/1947 2139/2139 1950/1950
f 1669/1669 1667/1667 1932/1932
f 1669/1669 1932/1932 229/229
f 887/887 895/895 891/891
f 887/887 891/891 888/888
f 1538/1538 1539/1539 1537/1537
f 1538/1538 1537/1537 1536/1536
f 130/130 126/126 125/125
f 130/130 125/125 129/129
f 823/823 817/817 821/821
f 823/823 821/821 822/822
f 2481/2481 2482/2482 2480/2480
f 2481/2481 2480/2480 2479/2479
f 2737/2737 2738/2738 2735/2735
f 2737/2737 2735/2735 2736/2736
f 859/859 856/856 855/855
f 859/859 855/855 858/858
f 145/145 144/144 376/376
f 145/145 376/376 327/327
f 707/707 58/58 704/704
f 707/707 704/704 706/706
f 1473/1473 1472/1472 1836/1836
f 1473/1473 1836/1836 1475/1475
f 2628/2628 2632/2632 2627/2627
f 2628/2628 2627/2627 2625/2625
f 1511/1511 1512/1512 1510/1510
f 1511/1511 1510/1510 1509/1509
f 1121/1121 1120/1120 2826/2826
f 1121/1121 2826/2826 1125/1125
f 940/940 941/941 939/939
f 940/940 939/939 938/938
f 2826/2826 1120/1120 2823/2823
f 2826/2826 2823/2823 2825/2825
f 2890/2890 2865/2865 2887/2887
f 2890/2890 2887/2887 2889/2889
f 1705/1705 1706/1706 1704/1704
f 1705/1705 1704/1704 1703/1703
f 877/877 875/875 965/965
f 877/877 965/965 967/967
f 968/968 969/969 967/967
f 968/968 967/967 966/966
f 87/87 86/86 2698/2698
f 87/87 2698/2698 2696/2696
f 2029/2029 2030/2030 2026/2026
f 2029/2029 2026/2026 2025/2025
f 2178/2178 2177/2177 2184/2184
f 2178/2178 2184/2184 2180/2180
f 8/8 513/513 1518/1518
f 8/8 1518/1518 1516/1516
f 2698/2698 86/86 2691/2691
f 2698/2698 2691/2691 2694/2694
f 2249/2249 2255/2255 2335/2335
f 2249/2249 2335/2335 2250/2250
f 675/675 676/676 672/672
f 675/675 672/672 671/671
f 1135/1135 2734/2734 2733/2733
f 1135/1135 2733/2733 2731/2731
f 2451/2451 2452/2452 2450/2450
f 2451/2451 2450/2450 2449/2449
f 272/272 273/273 270/270
f 272/272 270/270 271/271
f 415/415 413/413 2465/2465
f 415/415 2465/2465 2467/2467
f 2058/2058 2059/2059 2057/2057
f 2058/2058 2057/2057 2056/2056
f 721/721 722/722 720/720
f 721/721 720/720 719/719
f 2919/2919 1032/1032 1024/1024
f 2919/2919 1024/1024 1023/1023
f 1759/1759 1760/1760 1758/1758
f 1759/1759 1758/1758 1757/1757
f 3083/3083 3078/3078 3081/3081
f 3083/3083 3081/3081 3082/3082
f 1551/1551 1550/1550 1607/1607
f 1551/1551 1607/1607 1606/1606
f 857/857 852/852 855/855
f 857/857 855/855 856/856
f 2636/2636 2637/2637 2635/2635
f 2636/2636 2635/2635 2633/2633
f 1962/1962 1963/1963 1961/1961
f 1962/1962 1961/1961 1960/1960
f 2463/2463 2464/2464 2462/2462
f 2463/2463 2462/2462 2461/2461
f 1094/1094 1095/1095 1091/1091
f 1094/1094 1091/1091 1090/1090
f 1900/1900 1620/1620 1898/1898
f 1900/1900 1898/1898 1899/1899
f 2139/2139 1942/1942 2136/2136
f 2139/2139 2136/2136 2138/2138
f 1791/1791 1364/1364 1789/1789
f 1791/1791 1789/1789 1790/1790
f 783/783 779/779 778/778
f 783/783 778/778 782/782
f 112/112 26/26 124/124
f 112/112 124/124 122/122
f 1621/1621 1620/1620 1900/1900
f 1621/1621 1900/1900 1623/1623
f 2600/2600 2601/2601 2594/2594
f 2600/2600 2594/2594 2593/2593
f 2653/2653 486/486 3147/3147
f 3147/3147 3111/3111 3174/3174
f 3174/3174 484/484 2651/2651
f 2651/2651 2653/2653 3147/3147
f 3147/3147 3174/3174 2651/2651
f 2448/2448 2375/2375 2447/2447
f 2448/2448 2447/2447 69/69
f 2291/2291 2289/2289 2314/2314
f 2291/2291 2314/2314 2312/2312
f 214/214 2697/2697 2699/2699
f 214/214 2699/2699 215/215
f 2542/2542 2547/2547 2611/2611
f 2542/2542 2611/2611 2543/2543
f 1427/1427 1790/1790 1789/1789
f 1427/1427 1789/1789 1788/1788
f 2871/2871 2872/2872 2870/2870
f 2871/2871 2870/2870 2869/2869
f 91/91 61/61 720/720
f 91/91 720/720 722/722
f 2885/2885 2886/2886 2884/2884
f 2885/2885 2884/2884 2883/2883
f 393/393 594/594 2923/2923
f 393/393 2923/2923 675/675
f 1386/1386 1379/1379 1384/1384
f 1386/1386 1384/1384 1385/1385
f 2865/2865 2866/2866 2864/2864
f 2865/2865 2864/2864 2863/2863
f 2853/2853 2851/2851 2882/2882
f 2853/2853 2882/2882 2884/2884
f 2719/2719 2714/2714 2692/2692
f 2719/2719 2692/2692 2690/2690
f 57/57 56/56 702/702
f 57/57 702/702 701/701
f 2381/2381 2392/2392 2389/2389
f 2381/2381 2389/2389 2382/2382
f 2465/2465 2356/2356 2462/2462
f 2465/2465 2462/2462 2464/2464
f 3009/3009 3010/3010 3006/3006
f 3009/3009 3006/3006 3005/3005
f 401/401 665/665 663/663
f 401/401 663/663 395/395
f 954/954 864/864 953/953
f 954/954 953/953 949/949
f 2348/2348 1059/1059 1062/1062
f 2348/2348 1062/1062 1063/1063
f 1289/1289 1285/1285 1284/1284
f 1289/1289 1284/1284 1288/1288
f 2747/2747 714/714 2744/2744
f 2747/2747 2744/2744 2746/2746
f 2305/2305 2306/2306 2304/2304
f 2305/2305 2304/2304 2302/2302
f 2477/2477 1306/1306 2474/2474
f 2477/2477 2474/2474 2476/2476
f 1247/1247 1241/1241 1245/1245
f 1247/1247 1245/1245 1246/1246
f 1014/1014 1010/1010 1009/1009
f 1014/1014 1009/1009 1013/1013
f 935/935 796/796 793/793
f 935/935 793/793 792/792
f 246/246 108/108 3065/3065
f 246/246 3065/3065 3067/3067
f 313/313 312/312 1465/1465
f 313/313 1465/1465 1469/1469
f 2431/2431 2433/2433 2429/2429
f 2431/2431 2429/2429 2430/2430
f 1695/1695 1696/1696 1694/1694
f 1695/1695 1694/1694 1693/1693
f 2370/2370 2375/2375 2448/2448
f 2370/2370 2448/2448 2371/2371
f 2784/2784 2783/2783 2846/2846
f 2784/2784 2846/2846 2848/2848
f 2015/2015 2013/2013 2192/2192
f 2015/2015 2192/2192 2194/2194
f 604/604 1168/1168 1165/1165
f 604/604 1165/1165 1164/1164
f 1529/1529 467/467 466/466
f 1529/1529 466/466 471/471
f 1068/1068 1063/1063 1066/1066
f 1068/1068 1066/1066 1067/1067
f 1401/1401 1398/1398 1396/1396
f 1401/1401 1396/1396 1395/1395
f 1849/1849 1850/1850 1848/1848
f 1849/1849 1848/1848 1847/1847
f 1591/1591 1589/1589 1588/1588
f 1591/1591 1588/1588 1567/1567
f 1514/1514 1515/1515 1513/1513
f 1514/1514 1513/1513 1512/1512
f 3001/3001 3003/3003 2999/2999
f 3001/3001 2999/2999 2998/2998
f 458/458 457/457 1815/1815
f 458/458 1815/1815 1817/1817
f 1483/1483 1484/1484 1480/1480
f 1483/1483 1480/1480 1479/1479
f 3010/3010 3009/3009 3099/3099
f 3010/3010 3099/3099 3012/3012
f 2666/2666 2668/2668 3168/3168
f 2666/2666 3168/3168 3105/3105
f 2669/2669 2667/2667 2666/2666
f 2666/2666 3105/3105 3141/3141
f 3141/3141 2669/2669 2666/2666
f 1440/1440 1380/1380 1437/1437
f 1440/1440 1437/1437 1439/1439
f 222/222 223/223 218/218
f 222/222 218/218 221/221
f 204/204 2497/2497 2496/2496
f 204/204 2496/2496 205/205
f 1834/1834 1835/1835 1833/1833
f 1834/1834 1833/1833 1832/1832
f 1421/1421 1794/1794 1793/1793
f 1421/1421 1793/1793 1792/1792
f 234/234 2343/2343 1333/1333
f 234/234 1333/1333 1462/1462
f 1672/1672 361/361 1671/1671
f 1672/1672 1671/1671 1670/1670
f 2594/2594 2598/2598 2591/2591
f 2594/2594 2591/2591 2593/2593
f 2731/2731 2732/2732 2730/2730
f 2731/2731 2730/2730 1140/1140
f 445/445 446/446 439/439
f 445/445 439/439 444/444
f 1162/1162 1167/1167 1186/1186
f 1162/1162 1186/1186 1163/1163
f 1405/1405 1406/1406 1403/1403
f 1405/1405 1403/1403 1404/1404
f 1990/1990 1991/1991 1989/1989
f 1990/1990 1989/1989 1988/1988
f 1431/1431 1429/1429 1800/1800
f 1431/1431 1800/1800 1802/1802
f 828/828 822/822 826/826
f 828/828 826/826 827/827
f 2967/2967 2968/2968 2966/2966
f 2967/2967 2966/2966 2965/2965
f 1228/1228 1229/1229 1226/1226
f 1228/1228 1226/1226 1225/1225
f 478/478 477/477 2914/2914
f 478/478 2914/2914 2916/2916
f 1602/1602 1601/1601 1622/1622
f 1602/1602 1622/1622 1626/1626
f 2395/2395 2394/2394 2399/2399
f 2395/2395 2399/2399 2400/2400
f 1645/1645 1646/1646 1643/1643
f 1645/1645 1643/1643 1641/1641
f 1888/1888 512/512 1885/1885
f 1888/1888 1885/1885 1887/1887
f 2076/2076 1865/1865 2073/2073
f 2076/2076 2073/2073 2075/2075
f 1320/1320 1318/1318 1760/1760
f 1320/1320 1760/1760 1762/1762
f 292/292 293/293 290/290
f 292/292 290/290 291/291
f 1385/1385 1391/1391 1436/1436
f 1385/1385 1436/1436 1386/1386
f 1914/1914 1651/1651 1912/1912
f 1914/1914 1912/1912 1910/1910
f 2356/2356 2353/2353 2354/2354
f 2356/2356 2354/2354 2355/2355
f 1285/1285 1291/1291 2486/2486
f 1285/1285 2486/2486 1286/1286
f 2188/2188 2187/2187 2304/2304
f 2188/2188 2304/2304 2307/2307
f 1404/1404 1409/1409 1423/1423
f 1404/1404 1423/1423 1405/1405
f 2619/2619 2621/2621 2607/2607
f 2619/2619 2607/2607 2606/2606
f 2311/2311 2237/2237 2310/2310
f 2311/2311 2310/2310 2293/2293
f 1391/1391 1385/1385 1389/1389
f 1391/1391 1389/1389 1390/1390
f 1708/1708 1709/1709 1707/1707
f 1708/1708 1707/1707 1706/1706
f 2062/2062 2061/2061 2216/2216
f 2062/2062 2216/2216 2064/2064
f 3074/3074 27/27 3073/3073
f 3074/3074 3073/3073 302/302
f 2883/2883 2881/2881 2902/2902
f 2883/2883 2902/2902 2900/2900
f 2304/2304 2187/2187 2303/2303
f 2304/2304 2303/2303 2302/2302
f 688/688 687/687 696/696
f 688/688 696/696 699/699
f 2119/2119 2118/2118 2339/2339
f 2119/2119 2339/2339 2123/2123
f 1685/1685 1190/1190 1682/1682
f 1685/1685 1682/1682 1684/1684
f 1130/1130 1131/1131 1127/1127
f 1130/1130 1127/1127 1126/1126
f 1775/1775 1812/1812 1810/1810
f 1775/1775 1810/1810 1806/1806
f 2847/2847 2848/2848 2846/2846
f 2847/2847 2846/2846 2844/2844
f 3044/3044 3045/3045 3043/3043
f 3044/3044 3043/3043 3042/3042
f 1246/1246 1252/1252 2404/2404
f 1246/1246 2404/2404 1247/1247
f 3024/3024 2958/2958 3019/3019
f 3024/3024 3019/3019 3022/3022
f 1104/1104 2372/2372 2369/2369
f 1104/1104 2369/2369 1105/1105
f 187/187 183/183 180/180
f 187/187 180/180 182/182
f 161/161 159/159 2583/2583
f 161/161 2583/2583 2586/2586
f 2575/2575 2576/2576 2571/2571
f 2575/2575 2571/2571 2573/2573
f 673/673 679/679 743/743
f 673/673 743/743 674/674
f 196/196 194/194 190/190
f 196/196 190/190 193/193
f 86/86 85/85 2689/2689
f 86/86 2689/2689 2691/2691
f 2263/2263 2259/2259 2258/2258
f 2263/2263 2258/2258 2262/2262
f 2727/2727 186/186 185/185
f 2727/2727 185/185 184/184
f 1574/1574 1573/1573 1582/1582
f 1574/1574 1582/1582 1576/1576
f 420/420 2773/2773 2775/2775
f 420/420 2775/2775 2778/2778
f 2525/2525 2530/2530 2622/2622
f 2525/2525 2622/2622 2526/2526
f 158/158 167/167 2614/2614
f 158/158 2614/2614 2581/2581
f 2098/2098 2096/2096 2334/2334
f 2098/2098 2334/2334 2333/2333
f 3092/3092 3093/3093 3089/3089
f 3092/3092 3089/3089 3088/3088
f 652/652 656/656 648/648
f 652/652 648/648 650/650
f 2789/2789 2790/2790 2786/2786
f 2789/2789 2786/2786 2785/2785
f 1633/1633 1587/1587 1632/1632
f 1633/1633 1632/1632 1631/1631
f 987/987 986/986 991/991
f 987/987 991/991 994/994
f 1262/1262 464/464 431/431
f 1262/1262 431/431 438/438
f 826/826 822/822 821/821
f 826/826 821/821 825/825
f 2975/2975 610/610 2974/2974
f 2975/2975 2974/2974 2973/2973
f 2173/2173 1984/1984 2170/2170
f 2173/2173 2170/2170 2172/2172
f 606/606 605/605 2974/2974
f 606/606 2974/2974 610/610
f 904/904 901/901 900/900
f 904/904 900/900 899/899
f 797/797 936/936 934/934
f 797/797 934/934 804/804
f 1778/1778 1782/1782 1777/1777
f 1778/1778 1777/1777 1776/1776
f 2279/2279 2152/2152 2276/2276
f 2279/2279 2276/2276 2278/2278
f 839/839 502/502 836/836
f 839/839 836/836 835/835
f 358/358 1178/1178 1175/1175
f 358/358 1175/1175 1174/1174
f 88/88 2565/2565 2564/2564
f 88/88 2564/2564 89/89
f 786/786 787/787 783/783
f 786/786 783/783 782/782
f 439/439 2018/2018 2023/2023
f 439/439 2023/2023 440/440
f 2338/2338 2336/2336 2333/2333
f 2338/2338 2333/2333 2331/2331
f 2135/2135 2136/2136 2134/2134
f 2135/2135 2134/2134 2133/2133
f 1154/1154 1151/1151 1149/1149
f 1154/1154 1149/1149 1148/1148
f 2994/2994 2995/2995 2993/2993
f 2994/2994 2993/2993 2992/2992
f 240/240 239/239 243/243
f 240/240 243/243 244/244
f 2452/2452 2451/2451 2531/2531
f 2452/2452 2531/2531 2454/2454
f 1684/1684 1683/1683 1949/1949
f 1684/1684 1949/1949 1686/1686
f 1775/1775 1776/1776 1774/1774
f 1775/1775 1774/1774 1773/1773
f 1994/1994 1993/1993 2182/2182
f 1994/1994 2182/2182 1996/1996
f 1209/1209 1210/1210 1208/1208
f 1209/1209 1208/1208 1207/1207
f 1544/1544 1545/1545 1543/1543
f 1544/1544 1543/1543 1542/1542
f 2028/2028 2027/2027 2033/2033
f 2028/2028 2033/2033 1756/1756
f 1958/1958 1692/1692 1955/1955
f 1958/1958 1955/1955 1957/1957
f 706/706 705/705 2733/2733
f 706/706 2733/2733 708/708
f 225/225 226/226 218/218
f 225/225 218/218 224/224
f 2140/2140 1950/1950 2139/2139
f 2140/2140 2139/2139 2138/2138
f 477/477 478/478 154/154
f 477/477 154/154 476/476
f 306/306 3059/3059 3062/3062
f 306/306 3062/3062 307/307
f 394/394 393/393 675/675
f 394/394 675/675 671/671
f 1600/1600 1605/1605 1619/1619
f 1600/1600 1619/1619 1601/1601
f 331/331 141/141 2913/2913
f 331/331 2913/2913 2911/2911
f 2010/2010 445/445 2007/2007
f 2010/2010 2007/2007 2009/2009
f 896/896 894/894 971/971
f 896/896 971/971 976/976
f 2946/2946 3007/3007 3006/3006
f 2946/2946 3006/3006 2948/2948
f 3025/3025 3027/3027 3024/3024
f 3025/3025 3024/3024 3022/3022
f 121/121 122/122 113/113
f 121/121 113/113 116/116
f 2456/2456 2365/2365 2453/2453
f 2456/2456 2453/2453 2455/2455
f 2746/2746 2745/2745 2812/2812
f 2746/2746 2812/2812 2748/2748
f 495/495 499/499 1506/1506
f 495/495 1506/1506 1508/1508
f 158/158 2581/2581 2578/2578
f 158/158 2578/2578 160/160
f 193/193 374/374 371/371
f 193/193 371/371 196/196
f 898/898 896/896 976/976
f 898/898 976/976 978/978
f 2772/2772 2779/2779 2776/2776
f 2772/2772 2776/2776 2774/2774
f 465/465 464/464 1266/1266
f 465/465 1266/1266 1269/1269
f 1475/1475 1476/1476 1474/1474
f 1475/1475 1474/1474 1473/1473
f 767/767 765/765 989/989
f 767/767 989/989 914/914
f 2255/2255 2249/2249 2253/2253
f 2255/2255 2253/2253 2254/2254
f 2532/2532 2529/2529 2528/2528
f 2532/2532 2528/2528 2531/2531
f 3087/3087 3086/3086 3091/3091
f 3087/3087 3091/3091 3096/3096
f 2753/2753 2807/2807 2806/2806
f 2753/2753 2806/2806 2755/2755
f 2582/2582 2580/2580 2578/2578
f 2582/2582 2578/2578 2581/2581
f 1661/1661 1660/1660 1921/1921
f 1661/1661 1921/1921 1663/1663
f 424/424 425/425 422/422
f 424/424 422/422 423/423
f 1478/1478 1043/1043 1046/1046
f 1478/1478 1046/1046 1048/1048
f 3170/3170 2668/2668 2666/2666
f 2666/2666 2721/2721 2724/2724
f 3143/3143 3107/3107 3170/3170
f 2666/2666 2724/2724 3143/3143
f 2666/2666 3143/3143 3170/3170
f 542/542 2910/2910 2907/2907
f 542/542 2907/2907 2917/2917
f 1680/1680 251/251 1946/1946
f 1680/1680 1946/1946 1948/1948
f 2403/2403 2400/2400 2401/2401
f 2403/2403 2401/2401 2402/2402
f 3013/3013 3012/3012 3096/3096
f 3013/3013 3096/3096 3017/3017
f 2710/2710 2574/2574 2570/2570
f 2710/2710 2570/2570 2569/2569
f 1006/1006 1011/1011 1497/1497
f 1006/1006 1497/1497 1007/1007
f 753/753 754/754 750/750
f 753/753 750/750 749/749
f 2459/2459 2362/2362 2456/2456
f 2459/2459 2456/2456 2458/2458
f 3023/3023 3021/3021 3098/3098
f 3023/3023 3098/3098 3026/3026
f 1198/1198 1152/1152 1195/1195
f 1198/1198 1195/1195 1197/1197
f 758/758 756/756 1012/1012
f 758/758 1012/1012 1008/1008
f 1683/1683 1684/1684 1682/1682
f 1683/1683 1682/1682 1681/1681
f 114/114 118/118 273/273
f 114/114 273/273 267/267
f 1784/1784 1785/1785 1781/1781
f 1784/1784 1781/1781 1783/1783
f 51/51 2915/2915 2913/2913
f 51/51 2913/2913 141/141
f 3008/3008 2947/2947 2940/2940
f 3008/3008 2940/2940 2939/2939
f 375/375 523/523 2417/2417
f 375/375 2417/2417 2416/2416
f 7/7 6/6 1885/1885
f 7/7 1885/1885 512/512
f 1555/1555 1606/1606 1603/1603
f 1555/1555 1603/1603 1598/1598
f 2643/2643 2502/2502 2638/2638
f 2643/2643 2638/2638 2642/2642
f 974/974 972/972 970/970
f 974/974 970/970 968/968
f 1801/1801 1802/1802 1800/1800
f 1801/1801 1800/1800 1784/1784
f 1908/1908 1906/1906 1917/1917
f 1908/1908 1917/1917 1915/1915
f 1727/1727 1726/1726 1992/1992
f 1727/1727 1992/1992 1729/1729
f 1877/1877 1878/1878 1876/1876
f 1877/1877 1876/1876 1875/1875
f 1862/1862 1863/1863 1861/1861
f 1862/1862 1861/1861 1860/1860
f 1719/1719 1224/1224 1716/1716
f 1719/1719 1716/1716 1718/1718
f 1711/1711 1712/1712 1710/1710
f 1711/1711 1710/1710 1709/1709
f 1099/1099 1100/1100 1096/1096
f 1099/1099 1096/1096 1095/1095
f 603/603 609/609 1168/1168
f 603/603 1168/1168 604/604
f 646/646 642/642 644/644
f 646/646 644/644 645/645
f 1138/1138 1144/1144 1204/1204
f 1138/1138 1204/1204 1139/1139
f 1973/1973 1972/1972 2161/2161
f 1973/1973 2161/2161 1975/1975
f 1099/1099 1107/1107 1106/1106
f 1099/1099 1106/1106 1100/1100
f 1144/1144 1153/1153 1202/1202
f 1144/1144 1202/1202 1204/1204
f 2762/2762 2759/2759 2803/2803
f 2762/2762 2803/2803 2828/2828
f 1380/1380 1371/1371 1378/1378
f 1380/1380 1378/1378 1379/1379
f 2069/2069 2070/2070 2068/2068
f 2069/2069 2068/2068 2067/2067
f 2982/2982 2980/2980 3029/3029
f 2982/2982 3029/3029 3030/3030
f 1309/1309 1305/1305 1304/1304
f 1309/1309 1304/1304 1308/1308
f 2203/2203 2024/2024 2200/2200
f 2203/2203 2200/2200 2202/2202
f 1860/1860 1861/1861 1859/1859
f 1860/1860 1859/1859 1858/1858
f 2158/2158 1969/1969 2157/2157
f 2158/2158 2157/2157 2156/2156
f 2654/2654 2655/2655 2653/2653
f 2654/2654 2653/2653 2652/2652
f 2225/2225 2071/2071 2222/2222
f 2225/2225 2222/2222 2224/2224
f 1520/1520 1521/1521 1519/1519
f 1520/1520 1519/1519 1518/1518
f 817/817 823/823 886/886
f 817/817 886/886 818/818
f 920/920 919/919 977/977
f 920/920 977/977 922/922
f 282/282 285/285 3072/3072
f 282/282 3072/3072 3071/3071
f 2297/2297 2296/2296 2309/2309
f 2297/2297 2309/2309 2299/2299
f 376/376 381/381 378/378
f 376/376 378/378 377/377
f 1899/1899 1895/1895 2109/2109
f 1899/1899 2109/2109 1901/1901
f 2799/2799 2830/2830 2829/2829
f 2799/2799 2829/2829 2801/2801
f 2928/2928 2929/2929 2927/2927
f 2928/2928 2927/2927 2926/2926
f 2001/2001 1735/1735 1998/1998
f 2001/2001 1998/1998 2000/2000
f 2422/2422 2430/2430 2429/2429
f 2422/2422 2429/2429 2424/2424
f 1738/1738 1742/1742 1741/1741
f 1738/1738 1741/1741 1739/1739
f 1453/1453 1464/1464 1456/1456
f 1453/1453 1456/1456 1454/1454
f 300/300 299/299 859/859
f 300/300 859/859 858/858
f 458/458 459/459 1444/1444
f 458/458 1444/1444 457/457
f 1449/1449 1362/1362 1450/1450
f 1449/1449 1450/1450 1448/1448
f 1078/1078 1072/1072 1076/1076
f 1078/1078 1076/1076 1077/1077
f 927/927 786/786 924/924
f 927/927 924/924 926/926
f 496/496 495/495 1508/1508
f 496/496 1508/1508 1510/1510
f 1773/1773 1772/1772 1812/1812
f 1773/1773 1812/1812 1775/1775
f 2344/2344 2346/2346 2343/2343
f 2344/2344 2343/2343 234/234
f 601/601 98/98 599/599
f 601/601 599/599 600/600
f 749/749 748/748 1017/1017
f 749/749 1017/1017 753/753
f 1746/1746 1287/1287 1743/1743
f 1746/1746 1743/1743 1745/1745
f 460/460 459/459 1824/1824
f 460/460 1824/1824 1825/1825
f 1850/1850 1849/1849 2060/2060
f 1850/1850 2060/2060 1852/1852
f 924/924 781/781 921/921
f 924/924 921/921 923/923
f 468/468 467/467 1533/1533
f 468/468 1533/1533 1535/1535
f 1264/1264 1265/1265 1260/1260
f 1264/1264 1260/1260 1259/1259
f 1607/1607 1604/1604 1603/1603
f 1607/1607 1603/1603 1606/1606
f 2013/2013 2012/2012 2190/2190
f 2013/2013 2190/2190 2192/2192
f 39/39 40/40 37/37
f 39/39 37/37 38/38
f 2592/2592 2593/2593 2591/2591
f 2592/2592 2591/2591 2590/2590
f 2033/2033 2027/2027 2031/2031
f 2033/2033 2031/2031 2032/2032
f 1234/1234 1233/1233 1725/1725
f 1234/1234 1725/1725 1238/1238
f 1017/1017 1018/1018 1014/1014
f 1017/1017 1014/1014 1013/1013
f 346/346 2567/2567 2570/2570
f 346/346 2570/2570 347/347
f 1311/1311 1305/1305 1309/1309
f 1311/1311 1309/1309 1310/1310
f 1959/1959 1960/1960 1958/1958
f 1959/1959 1958/1958 1957/1957
f 1296/1296 1290/1290 1294/1294
f 1296/1296 1294/1294 1295/1295
f 81/81 390/390 2670/2670
f 81/81 2670/2670 82/82
f 1496/1496 1495/1495 1848/1848
f 1496/1496 1848/1848 1498/1498
f 819/819 820/820 816/816
f 819/819 816/816 815/815
f 513/513 8/8 7/7
f 513/513 7/7 512/512
f 3258/3258 3143/3143 2724/2724
f 3258/3258 2724/2724 3140/3140
f 163/163 162/162 2591/2591
f 163/163 2591/2591 2598/2598
f 1181/1181 1182/1182 1180/1180
f 1181/1181 1180/1180 1179/1179
f 3039/3039 3038/3038 3093/3093
f 3039/3039 3093/3093 3041/3041
f 642/642 646/646 1644/1644
f 642/642 1644/1644 1650/1650
f 2812/2812 2813/2813 2811/2811
f 2812/2812 2811/2811 2810/2810
f 1235/1235 1231/1231 1230/1230
f 1235/1235 1230/1230 1234/1234
f 1758/1758 1312/1312 1755/1755
f 1758/1758 1755/1755 1757/1757
f 881/881 879/879 969/969
f 881/881 969/969 884/884
f 1151/1151 1156/1156 1195/1195
f 1151/1151 1195/1195 1152/1152
f 1847/1847 1846/1846 2057/2057
f 1847/1847 2057/2057 1849/1849
f 2561/2561 2560/2560 2566/2566
f 2561/2561 2566/2566 2567/2567
f 2834/2834 2835/2835 2833/2833
f 2834/2834 2833/2833 2832/2832
f 1118/1118 1124/1124 1214/1214
f 1118/1118 1214/1214 1119/1119
f 1613/1613 1611/1611 1610/1610
f 1613/1613 1610/1610 1547/1547
f 2031/2031 2027/2027 2026/2026
f 2031/2031 2026/2026 2030/2030
f 1703/1703 1702/1702 1968/1968
f 1703/1703 1968/1968 1705/1705
f 607/607 603/603 602/602
f 607/607 602/602 606/606
f 727/727 1041/1041 1040/1040
f 727/727 1040/1040 729/729
f 2587/2587 2588/2588 2586/2586
f 2587/2587 2586/2586 2585/2585
f 1124/1124 1118/1118 1122/1122
f 1124/1124 1122/1122 1123/1123
f 750/750 751/751 746/746
f 750/750 746/746 749/749
f 3055/3055 3056/3056 3054/3054
f 3055/3055 3054/3054 3053/3053
f 584/584 582/582 2962/2962
f 584/584 2962/2962 2964/2964
f 1807/1807 1811/1811 1805/1805
f 1807/1807 1805/1805 1803/1803
f 1531/1531 1614/1614 1612/1612
f 1531/1531 1612/1612 1532/1532
f 253/253 2267/2267 2266/2266
f 253/253 2266/2266 254/254
f 1886/1886 1887/1887 1885/1885
f 1886/1886 1885/1885 1884/1884
f 626/626 627/627 624/624
f 626/626 624/624 625/625
f 200/200 199/199 2419/2419
f 200/200 2419/2419 522/522
f 2585/2585 2586/2586 2583/2583
f 2585/2585 2583/2583 2584/2584
f 1337/1337 1343/1343 1459/1459
f 1337/1337 1459/1459 1338/1338
f 60/60 59/59 711/711
f 60/60 711/711 713/713
f 1603/1603 1600/1600 1599/1599
f 1603/1603 1599/1599 1598/1598
f 2179/2179 1990/1990 2176/2176
f 2179/2179 2176/2176 2178/2178
f 1657/1657 635/635 1654/1654
f 1657/1657 1654/1654 1656/1656
f 2318/2318 2319/2319 2316/2316
f 2318/2318 2316/2316 2315/2315
f 2407/2407 2402/2402 2404/2404
f 2407/2407 2404/2404 2405/2405
f 778/778 774/774 773/773
f 778/778 773/773 777/777
f 1787/1787 1788/1788 1786/1786
f 1787/1787 1786/1786 1785/1785
f 1688/1688 1193/1193 1685/1685
f 1688/1688 1685/1685 1687/1687
f 73/73 78/78 2727/2727
f 73/73 2727/2727 184/184
f 913/913 909/909 908/908
f 913/913 908/908 912/912
f 719/719 420/420 2778/2778
f 719/719 2778/2778 721/721
f 2869/2869 2867/2867 2896/2896
f 2869/2869 2896/2896 2898/2898
f 1067/1067 1073/1073 2351/2351
f 1067/1067 2351/2351 1068/1068
f 348/348 347/347 2572/2572
f 348/348 2572/2572 2580/2580
f 2971/2971 2970/2970 2976/2976
f 2971/2971 2976/2976 2973/2973
f 1267/1267 1268/1268 1265/1265
f 1267/1267 1265/1265 1264/1264
f 352/352 176/176 2892/2892
f 352/352 2892/2892 2891/2891
f 582/582 583/583 581/581
f 582/582 581/581 580/580
f 1277/1277 1278/1278 1273/1273
f 1277/1277 1273/1273 1267/1267
f 2069/2069 2067/2067 2218/2218
f 2069/2069 2218/2218 2220/2220
f 1157/1157 1155/1155 1154/1154
f 1157/1157 1154/1154 102/102
f 1724/1724 1723/1723 1989/1989
f 1724/1724 1989/1989 1726/1726
f 862/862 955/955 953/953
f 862/862 953/953 864/864
f 2054/2054 1843/1843 2053/2053
f 2054/2054 2053/2053 2052/2052
f 2454/2454 2455/2455 2453/2453
f 2454/2454 2453/2453 2452/2452
f 344/344 370/370 1414/1414
f 344/344 1414/1414 434/434
f 2778/2778 447/447 450/450
f 2778/2778 450/450 721/721
f 2418/2418 2416/2416 2415/2415
f 2418/2418 2415/2415 1263/1263
f 2930/2930 2929/2929 2981/2981
f 2930/2930 2981/2981 2984/2984
f 889/889 818/818 886/886
f 889/889 886/886 888/888
f 2204/2204 2209/2209 2207/2207
f 2204/2204 2207/2207 2205/2205
f 207/207 203/203 202/202
f 207/207 202/202 3192/3192
f 3165/3165 206/206 207/207
f 207/207 3192/3192 3129/3129
f 3129/3129 3165/3165 207/207
f 883/883 828/828 882/882
f 883/883 882/882 881/881
f 2402/2402 2407/2407 2425/2425
f 2402/2402 2425/2425 2403/2403
f 2877/2877 2917/2917 2918/2918
f 2877/2877 2918/2918 2879/2879
f 501/501 469/469 466/466
f 501/501 466/466 468/468
f 1883/1883 1884/1884 1882/1882
f 1883/1883 1882/1882 1881/1881
f 425/425 436/436 1397/1397
f 425/425 1397/1397 426/426
f 1239/1239 1238/1238 1728/1728
f 1239/1239 1728/1728 1243/1243
f 489/489 490/490 487/487
f 489/489 487/487 488/488
f 1856/1856 1855/1855 2066/2066
f 1856/1856 2066/2066 1858/1858
f 843/843 842/842 847/847
f 843/843 847/847 850/850
f 958/958 535/535 491/491
f 958/958 491/491 534/534
f 2875/2875 2873/2873 2872/2872
f 2875/2875 2872/2872 2871/2871
f 1328/1328 1323/1323 1326/1326
f 1328/1328 1326/1326 1327/1327
f 761/761 762/762 760/760
f 761/761 760/760 759/759
f 997/997 992/992 995/995
f 997/997 995/995 996/996
f 1595/1595 1602/1602 1626/1626
f 1595/1595 1626/1626 1628/1628
f 2164/2164 2162/2162 2286/2286
f 2164/2164 2286/2286 2288/2288
f 1415/1415 1412/1412 1411/1411
f 1415/1415 1411/1411 1414/1414
f 1025/1025 1029/1029 1485/1485
f 1025/1025 1485/1485 1026/1026
f 2583/2583 159/159 2577/2577
f 2583/2583 2577/2577 2576/2576
f 919/919 920/920 918/918
f 919/919 918/918 916/916
f 704/704 701/701 700/700
f 704/704 700/700 703/703
f 1214/1214 1124/1124 1211/1211
f 1214/1214 1211/1211 1213/1213
f 1623/1623 1624/1624 1622/1622
f 1623/1623 1622/1622 1621/1621
f 2658/2658 2659/2659 2656/2656
f 2658/2658 2656/2656 2657/2657
f 2004/2004 2005/2005 2003/2003
f 2004/2004 2003/2003 1999/1999
f 1853/1853 1852/1852 2063/2063
f 1853/1853 2063/2063 1855/1855
f 1744/1744 1745/1745 1743/1743
f 1744/1744 1743/1743 1742/1742
f 748/748 749/749 746/746
f 748/748 746/746 744/744
f 738/738 736/736 1034/1034
f 738/738 1034/1034 741/741
f 593/593 94/94 2923/2923
f 593/593 2923/2923 594/594
f 2814/2814 1084/1084 2811/2811
f 2814/2814 2811/2811 2813/2813
f 649/649 578/578 398/398
f 1091/1091 1087/1087 1086/1086
f 1091/1091 1086/1086 1090/1090
f 154/154 155/155 150/150
f 154/154 150/150 153/153
f 919/919 911/911 978/978
f 919/919 978/978 977/977
f 363/363 854/854 851/851
f 363/363 851/851 846/846
f 2487/2487 2500/2500 2498/2498
f 2487/2487 2498/2498 2488/2488
f 2980/2980 2981/2981 2978/2978
f 2980/2980 2978/2978 2979/2979
f 2534/2534 2541/2541 2539/2539
f 2534/2534 2539/2539 2544/2544
f 2296/2296 2297/2297 2295/2295
f 2296/2296 2295/2295 2294/2294
f 2066/2066 1855/1855 2063/2063
f 2066/2066 2063/2063 2065/2065
f 690/690 689/689 1150/1150
f 690/690 1150/1150 692/692
f 2508/2508 2512/2512 2627/2627
f 2508/2508 2627/2627 2509/2509
f 2474/2474 1311/1311 2470/2470
f 2474/2474 2470/2470 2473/2473
f 2063/2063 1852/1852 2060/2060
f 2063/2063 2060/2060 2062/2062
f 389/389 430/430 2497/2497
f 389/389 2497/2497 385/385
f 1590/1590 1596/1596 1630/1630
f 1590/1590 1630/1630 1632/1632
f 798/798 1563/1563 1561/1561
f 798/798 1561/1561 801/801
f 76/76 77/77 72/72
f 76/76 72/72 75/75
f 361/361 362/362 357/357
f 361/361 357/357 360/360
f 452/452 1051/1051 1050/1050
f 452/452 1050/1050 448/448
f 1587/1587 1583/1583 1585/1585
f 1587/1587 1585/1585 1586/1586
f 1555/1555 1598/1598 1597/1597
f 1555/1555 1597/1597 1556/1556
f 1039/1039 1028/1028 1036/1036
f 1039/1039 1036/1036 1037/1037
f 1522/1522 470/470 1521/1521
f 1522/1522 1521/1521 1520/1520
f 2090/2090 2091/2091 2087/2087
f 2090/2090 2087/2087 2089/2089
f 97/97 93/93 92/92
f 97/97 92/92 96/96
f 1584/1584 1580/1580 1582/1582
f 1584/1584 1582/1582 1583/1583
f 805/805 804/804 939/939
f 805/805 939/939 809/809
f 298/298 473/473 859/859
f 298/298 859/859 299/299
f 2648/2648 2649/2649 2647/2647
f 2648/2648 2647/2647 2646/2646
f 619/619 618/618 624/624
f 619/619 624/624 627/627
f 1064/1064 1065/1065 1062/1062
f 1064/1064 1062/1062 1061/1061
f 1336/1336 1332/1332 1331/1331
f 1336/1336 1331/1331 1335/1335
f 635/635 631/631 633/633
f 635/635 633/633 634/634
f 2982/2982 2984/2984 2981/2981
f 2982/2982 2981/2981 2980/2980
f 2670/2670 390/390 2667/2667
f 2670/2670 2667/2667 2669/2669
f 945/945 946/946 942/942
f 945/945 942/942 941/941
f 580/580 581/581 577/577
f 580/580 577/577 576/576
f 147/147 434/434 1410/1410
f 147/147 1410/1410 148/148
f 2088/2088 2089/2089 2087/2087
f 2088/2088 2087/2087 2086/2086
f 788/788 784/784 783/783
f 788/788 783/783 787/787
f 1066/1066 1063/1063 1062/1062
f 1066/1066 1062/1062 1065/1065
f 2077/2077 2078/2078 2076/2076
f 2077/2077 2076/2076 2075/2075
f 2785/2785 2784/2784 2848/2848
f 2785/2785 2848/2848 2850/2850
f 2326/2326 2324/2324 2323/2323
f 2326/2326 2323/2323 2325/2325
f 1754/1754 1753/1753 2028/2028
f 1754/1754 2028/2028 1756/1756
f 1065/1065 1064/1064 2805/2805
f 1065/1065 2805/2805 1069/1069
f 1087/1087 1093/1093 2360/2360
f 1087/1087 2360/2360 1088/1088
f 2037/2037 2038/2038 2036/2036
f 2037/2037 2036/2036 2035/2035
f 733/733 698/698 732/732
f 733/733 732/732 731/731
f 853/853 848/848 851/851
f 853/853 851/851 852/852
f 1360/1360 1352/1352 1355/1355
f 1360/1360 1355/1355 1359/1359
f 1158/1158 1163/1163 1189/1189
f 1158/1158 1189/1189 1159/1159
f 1007/1007 1002/1002 1005/1005
f 1007/1007 1005/1005 1006/1006
f 279/279 3079/3079 3100/3100
f 279/279 3100/3100 3004/3004
f 2841/2841 2842/2842 2840/2840
f 2841/2841 2840/2840 2839/2839
f 932/932 933/933 929/929
f 932/932 929/929 931/931
f 3068/3068 3069/3069 3067/3067
f 3068/3068 3067/3067 3066/3066
f 865/865 864/864 954/954
f 865/865 954/954 867/867
f 1747/1747 1748/1748 1746/1746
f 1747/1747 1746/1746 1745/1745
f 1486/1486 1487/1487 1485/1485
f 1486/1486 1485/1485 1483/1483
f 1793/1793 1367/1367 1791/1791
f 1793/1793 1791/1791 1792/1792
f 2191/2191 2192/2192 2190/2190
f 2191/2191 2190/2190 2189/2189
f 1742/1742 1738/1738 2001/2001
f 1742/1742 2001/2001 1744/1744
f 356/356 858/858 855/855
f 356/356 855/855 854/854
f 984/984 930/930 927/927
f 984/984 927/927 926/926
f 490/490 489/489 829/829
f 490/490 829/829 539/539
f 279/279 280/280 276/276
f 279/279 276/276 278/278
f 989/989 986/986 915/915
f 989/989 915/915 914/914
f 2735/2735 708/708 2733/2733
f 2735/2735 2733/2733 2734/2734
f 94/94 593/593 597/597
f 94/94 597/597 95/95
f 915/915 909/909 913/913
f 915/915 913/913 914/914
f 46/46 47/47 44/44
f 46/46 44/44 45/45
f 2564/2564 2560/2560 2559/2559
f 2564/2564 2559/2559 2563/2563
f 586/586 584/584 2964/2964
f 586/586 2964/2964 2966/2966
f 2877/2877 2878/2878 2874/2874
f 2877/2877 2874/2874 2876/2876
f 923/923 922/922 979/979
f 923/923 979/979 925/925
f 1761/1761 1762/1762 1760/1760
f 1761/1761 1760/1760 1759/1759
f 1984/1984 1985/1985 1983/1983
f 1984/1984 1983/1983 1982/1982
f 1334/1334 1335/1335 1331/1331
f 1334/1334 1331/1331 1330/1330
f 1997/1997 1996/1996 2004/2004
f 1997/1997 2004/2004 1999/1999
f 1331/1331 1327/1327 1326/1326
f 1331/1331 1326/1326 1330/1330
f 1627/1627 1628/1628 1626/1626
f 1627/1627 1626/1626 1625/1625
f 686/686 683/683 682/682
f 686/686 682/682 685/685
f 2383/2383 2379/2379 2378/2378
f 2383/2383 2378/2378 2382/2382
f 2634/2634 2509/2509 2627/2627
f 2634/2634 2627/2627 2632/2632
f 2837/2837 2838/2838 2836/2836
f 2837/2837 2836/2836 2835/2835
f 1729/1729 1730/1730 1728/1728
f 1729/1729 1728/1728 1727/1727
f 619/619 627/627 1177/1177
f 619/619 1177/1177 1176/1176
f 1993/1993 1994/1994 1992/1992
f 1993/1993 1992/1992 1991/1991
f 829/829 830/830 826/826
f 829/829 826/826 825/825
f 736/736 737/737 733/733
f 736/736 733/733 735/735
f 2071/2071 2072/2072 2070/2070
f 2071/2071 2070/2070 2069/2069
f 2239/2239 2085/2085 2236/2236
f 2239/2239 2236/2236 2238/2238
f 3040/3040 2988/2988 3037/3037
f 3040/3040 3037/3037 3039/3039
f 1237/1237 1231/1231 1235/1235
f 1237/1237 1235/1235 1236/1236
f 1011/1011 1006/1006 1009/1009
f 1011/1011 1009/1009 1010/1010
f 1507/1507 1508/1508 1506/1506
f 1507/1507 1506/1506 1505/1505
f 2986/2986 2983/2983 3031/3031
f 2986/2986 3031/3031 3035/3035
f 2378/2378 2374/2374 2373/2373
f 2378/2378 2373/2373 2377/2377
f 2859/2859 2860/2860 2858/2858
f 2859/2859 2858/2858 2856/2856
f 1644/1644 646/646 1638/1638
f 1644/1644 1638/1638 1642/1642
f 2059/2059 2058/2058 2214/2214
f 2059/2059 2214/2214 2061/2061
f 2957/2957 570/570 2955/2955
f 2957/2957 2955/2955 2956/2956
f 1495/1495 1496/1496 1494/1494
f 1495/1495 1494/1494 1493/1493
f 2972/2972 590/590 2969/2969
f 2972/2972 2969/2969 2971/2971
f 2078/2078 2077/2077 2231/2231
f 2078/2078 2231/2231 2080/2080
f 588/588 400/400 585/585
f 588/588 585/585 587/587
f 2690/2690 2691/2691 2689/2689
f 2690/2690 2689/2689 2688/2688
f 1870/1870 1871/1871 1867/1867
f 1870/1870 1867/1867 1869/1869
f 2900/2900 2901/2901 2899/2899
f 2900/2900 2899/2899 2888/2888
f 2182/2182 1993/1993 2179/2179
f 2182/2182 2179/2179 2181/2181
f 429/429 1272/1272 2495/2495
f 429/429 2495/2495 2496/2496
f 1595/1595 1596/1596 1593/1593
f 1595/1595 1593/1593 1594/1594
f 227/227 219/219 218/218
f 227/227 218/218 226/226
f 1803/1803 1804/1804 1802/1802
f 1803/1803 1802/1802 1801/1801
f 1940/1940 1939/1939 2132/2132
f 1940/1940 2132/2132 2134/2134
f 3257/3257 3184/3184 432/432
f 3257/3257 432/432 3155/3155
f 698/698 699/699 696/696
f 698/698 696/696 697/697
f 87/87 2696/2696 2713/2713
f 87/87 2713/2713 88/88
f 1387/1387 530/530 1392/1392
f 1387/1387 1392/1392 1388/1388
f 43/43 532/532 1799/1799
f 43/43 1799/1799 1797/1797
f 2480/2480 1301/1301 2477/2477
f 2480/2480 2477/2477 2479/2479
f 2770/2770 2769/2769 2836/2836
f 2770/2770 2836/2836 2840/2840
f 1283/1283 1282/1282 1743/1743
f 1283/1283 1743/1743 1287/1287
f 2189/2189 2188/2188 2307/2307
f 2189/2189 2307/2307 2223/2223
f 873/873 874/874 872/872
f 873/873 872/872 871/871
f 2260/2260 2254/2254 2258/2258
f 2260/2260 2258/2258 2259/2259
f 2451/2451 2535/2535 2532/2532
f 2451/2451 2532/2532 2531/2531
f 1942/1942 1943/1943 1941/1941
f 1942/1942 1941/1941 1940/1940
f 1054/1054 1053/1053 2791/2791
f 1054/1054 2791/2791 2794/2794
f 2683/2683 2678/2678 2676/2676
f 3167/3167 3104/3104 3140/3140
f 2683/2683 2676/2676 3167/3167
f 3140/3140 2724/2724 2683/2683
f 3167/3167 3140/3140 2683/2683
f 1697/1697 1698/1698 1694/1694
f 1697/1697 1694/1694 1696/1696
f 1009/1009 1006/1006 1005/1005
f 1009/1009 1005/1005 1008/1008
f 864/864 865/865 863/863
f 864/864 863/863 862/862
f 2706/2706 2707/2707 2704/2704
f 2706/2706 2704/2704 2705/2705
f 834/834 840/840 839/839
f 834/834 839/839 835/835
f 2939/2939 2938/2938 2997/2997
f 2939/2939 2997/2997 2999/2999
f 3071/3071 3070/3070 282/282
f 2708/2708 2705/2705 2704/2704
f 2708/2708 2704/2704 2703/2703
f 1609/1609 1604/1604 1607/1607
f 1609/1609 1607/1607 1608/1608
f 419/419 418/418 2752/2752
f 419/419 2752/2752 2754/2754
f 1046/1046 1043/1043 1044/1044
f 1046/1046 1044/1044 1045/1045
f 53/53 52/52 19/19
f 53/53 19/19 18/18
f 3072/3072 285/285 304/304
f 311/311 310/310 1458/1458
f 311/311 1458/1458 1457/1457
f 2337/2337 2098/2098 2333/2333
f 2337/2337 2333/2333 2336/2336
f 229/229 4/4 1674/1674
f 229/229 1674/1674 1669/1669
f 925/925 926/926 924/924
f 925/925 924/924 923/923
f 1784/1784 1800/1800 1787/1787
f 1784/1784 1787/1787 1785/1785
f 812/812 808/808 807/807
f 812/812 807/807 811/811
f 1326/1326 1323/1323 1322/1322
f 1326/1326 1322/1322 1325/1325
f 2965/2965 2966/2966 2964/2964
f 2965/2965 2964/2964 2963/2963
f 2106/2106 2104/2104 2342/2342
f 2106/2106 2342/2342 2341/2341
f 988/988 987/987 1540/1540
f 988/988 1540/1540 1543/1543
f 312/312 311/311 1457/1457
f 312/312 1457/1457 1456/1456
f 679/679 673/673 677/677
f 679/679 677/677 678/678
f 891/891 519/519 889/889
f 891/891 889/889 888/888
f 2381/2381 2382/2382 2378/2378
f 2381/2381 2378/2378 2377/2377
f 2562/2562 2563/2563 2559/2559
f 2562/2562 2559/2559 2558/2558
f 2557/2557 2558/2558 2554/2554
f 2557/2557 2554/2554 2553/2553
f 1516/1516 1515/1515 1871/1871
f 1516/1516 1871/1871 8/8
f 2301/2301 2174/2174 2298/2298
f 2301/2301 2298/2298 2300/2300
f 2515/2515 2521/2521 2519/2519
f 2515/2515 2519/2519 2522/2522
f 1136/1136 1135/1135 2731/2731
f 1136/1136 2731/2731 1140/1140
f 2268/2268 2269/2269 2267/2267
f 2268/2268 2267/2267 253/253
f 1826/1826 1827/1827 1823/1823
f 1826/1826 1823/1823 1822/1822
f 225/225 1232/1232 2398/2398
f 225/225 2398/2398 2397/2397
f 725/725 1045/1045 1044/1044
f 725/725 1044/1044 726/726
f 2547/2547 2542/2542 2545/2545
f 2547/2547 2545/2545 2546/2546
f 2219/2219 2220/2220 2218/2218
f 2219/2219 2218/2218 2217/2217
f 2688/2688 2687/2687 2719/2719
f 2688/2688 2719/2719 2690/2690
f 1062/1062 1059/1059 1058/1058
f 1062/1062 1058/1058 1061/1061
f 2867/2867 2866/2866 2894/2894
f 2867/2867 2894/2894 2896/2896
f 1084/1084 1085/1085 1081/1081
f 1084/1084 1081/1081 1080/1080
f 2186/2186 2011/2011 2183/2183
f 2186/2186 2183/2183 2185/2185
f 80/80 78/78 77/77
f 80/80 77/77 79/79
f 2584/2584 2705/2705 2708/2708
f 2584/2584 2708/2708 2585/2585
f 101/101 96/96 92/92
f 101/101 92/92 100/100
f 2404/2404 2402/2402 2401/2401
f 2404/2404 2401/2401 1247/1247
f 2261/2261 2262/2262 2258/2258
f 2261/2261 2258/2258 2257/2257
f 1772/1772 1773/1773 1771/1771
f 1772/1772 1771/1771 1770/1770
f 2083/2083 2082/2082 2236/2236
f 2083/2083 2236/2236 2085/2085
f 777/777 776/776 921/921
f 777/777 921/921 781/781
f 427/427 426/426 1392/1392
f 427/427 1392/1392 530/530
f 2992/2992 2991/2991 3043/3043
f 2992/2992 3043/3043 2994/2994
f 1620/1620 1621/1621 1619/1619
f 1620/1620 1619/1619 1618/1618
f 2929/2929 2928/2928 2978/2978
f 2929/2929 2978/2978 2981/2981
f 2441/2441 2440/2440 2673/2673
f 2441/2441 2673/2673 2442/2442
f 1669/1669 1670/1670 1668/1668
f 1669/1669 1668/1668 1667/1667
f 3060/3060 3057/3057 3092/3092
f 3060/3060 3092/3092 3088/3088
f 1005/1005 1002/1002 1001/1001
f 1005/1005 1001/1001 1004/1004
f 535/535 527/527 492/492
f 535/535 492/492 491/491
f 731/731 729/729 1040/1040
f 731/731 1040/1040 734/734
f 1397/1397 475/475 1394/1394
f 1397/1397 1394/1394 1393/1393
f 422/422 427/427 324/324
f 422/422 324/324 423/423
f 524/524 523/523 375/375
f 524/524 375/375 374/374
f 524/524 374/374 193/193
f 524/524 193/193 192/192
f 2986/2986 2987/2987 2985/2985
f 2986/2986 2985/2985 2983/2983
f 1818/1818 1819/1819 1817/1817
f 1818/1818 1817/1817 1816/1816
f 409/409 410/410 404/404
f 409/409 404/404 408/408
f 506/506 507/507 504/504
f 506/506 504/504 505/505
f 2753/2753 2754/2754 2752/2752
f 2753/2753 2752/2752 2751/2751
f 2479/2479 2478/2478 2510/2510
f 2479/2479 2510/2510 2481/2481
f 503/503 3101/3101 337/337
f 503/503 337/337 366/366
f 306/306 109/109 112/112
f 306/306 112/112 122/122
f 237/237 236/236 1052/1052
f 237/237 1052/1052 1055/1055
f 305/305 286/286 284/284
f 86/86 87/87 84/84
f 86/86 84/84 85/85
f 289/289 272/272 271/271
f 284/284 283/283 268/268
f 284/284 268/268 272/272
f 1530/1530 1531/1531 1529/1529
f 1530/1530 1529/1529 1528/1528
f 3081/3081 3078/3078 3077/3077
f 3081/3081 3077/3077 3080/3080
f 102/102 100/100 92/92
f 102/102 92/92 99/99
f 74/74 73/73 184/184
f 74/74 184/184 183/183
f 348/348 2580/2580 2582/2582
f 348/348 2582/2582 349/349
f 172/172 156/156 155/155
f 172/172 155/155 154/154
f 2434/2434 2435/2435 2431/2431
f 2434/2434 2431/2431 2430/2430
f 373/373 196/196 371/371
f 373/373 371/371 372/372
f 112/112 111/111 27/27
f 112/112 27/27 26/26
f 10/10 13/13 139/139
f 10/10 139/139 14/14
f 3102/3102 24/24 27/27
f 3102/3102 27/27 3074/3074
f 567/567 563/563 562/562
f 567/567 562/562 566/566
f 378/378 455/455 456/456
f 1569/1569 790/790 1566/1566
f 1569/1569 1566/1566 1568/1568
f 262/262 268/268 283/283
f 262/262 283/283 263/263
f 366/366 337/337 336/336
f 503/503 841/841 3101/3101
f 1145/1145 1146/1146 1142/1142
f 1145/1145 1142/1142 1141/1141
f 3256/3256 3194/3194 3119/3119
f 3256/3256 3119/3119 3182/3182
f 3255/3255 3195/3195 3131/3131
f 3255/3255 3131/3131 3196/3196
f 3254/3254 3157/3157 3121/3121
f 3254/3254 3121/3121 3197/3197
f 3253/3253 3198/3198 3104/3104
f 3253/3253 3104/3104 3167/3167
f 3252/3252 3199/3199 3132/3132
f 3252/3252 3132/3132 3200/3200
f 3251/3251 3170/3170 3107/3107
f 3251/3251 3107/3107 3201/3201
f 3250/3250 3202/3202 3128/3128
f 3250/3250 3128/3128 3164/3164
f 3249/3249 3203/3203 3133/3133
f 3249/3249 3133/3133 3204/3204
f 3248/3248 3165/3165 3129/3129
f 3248/3248 3129/3129 3205/3205
f 3247/3247 3206/3206 3114/3114
f 3247/3247 3114/3114 3177/3177
f 3246/3246 3207/3207 3134/3134
f 3246/3246 3134/3134 3208/3208
f 3245/3245 3169/3169 3106/3106
f 3245/3245 3106/3106 3209/3209
f 3244/3244 3210/3210 3124/3124
f 3244/3244 3124/3124 3187/3187
f 3243/3243 3211/3211 3135/3135
f 3243/3243 3135/3135 3212/3212
f 3242/3242 3166/3166 3130/3130
f 3242/3242 3130/3130 3213/3213
f 3241/3241 3214/3214 3123/3123
f 3241/3241 3123/3123 3186/3186
f 3240/3240 3215/3215 3136/3136
f 3240/3240 3136/3136 3216/3216
f 3239/3239 3173/3173 3110/3110
f 3239/3239 3110/3110 3217/3217
f 3238/3238 3218/3218 3116/3116
f 3238/3238 3116/3116 3152/3152
f 3237/3237 3219/3219 3137/3137
f 3237/3237 3137/3137 3220/3220
f 3236/3236 3151/3151 3115/3115
f 3236/3236 3115/3115 3221/3221
f 3235/3235 3222/3222 3113/3113
f 3235/3235 3113/3113 3176/3176
f 3234/3234 3223/3223 3138/3138
f 3234/3234 3138/3138 3224/3224
f 3233/3233 3153/3153 3117/3117
f 3233/3233 3117/3117 3225/3225
f 3232/3232 3226/3226 3122/3122
f 3232/3232 3122/3122 3158/3158
f 3231/3231 3227/3227 3139/3139
f 3231/3231 3139/3139 3228/3228
f 3230/3230 3156/3156 3120/3120
f 3230/3230 3120/3120 3229/3229
f 3227/3227 3230/3230 3229/3229
f 3227/3227 3229/3229 3139/3139
f 3127/3127 3190/3190 3230/3230
f 3127/3127 3230/3230 3227/3227
f 3190/3190 433/433 3156/3156
f 3190/3190 3156/3156 3230/3230
f 3147/3147 3231/3231 3228/3228
f 3147/3147 3228/3228 3111/3111
f 486/486 3163/3163 3231/3231
f 486/486 3231/3231 3147/3147
f 3163/3163 3127/3127 3227/3227
f 3163/3163 3227/3227 3231/3231
f 3174/3174 3232/3232 3158/3158
f 3174/3174 3158/3158 484/484
f 3111/3111 3228/3228 3232/3232
f 3111/3111 3232/3232 3174/3174
f 3228/3228 3139/3139 3226/3226
f 3228/3228 3226/3226 3232/3232
f 3223/3223 3233/3233 3225/3225
f 3223/3223 3225/3225 3138/3138
f 3124/3124 3160/3160 3233/3233
f 3124/3124 3233/3233 3223/3223
f 3160/3160 2675/2675 3153/3153
f 3160/3160 3153/3153 3233/3233
f 3150/3150 3234/3234 3224/3224
f 3150/3150 3224/3224 3114/3114
f 2674/2674 3187/3187 3234/3234
f 2674/2674 3234/3234 3150/3150
f 3187/3187 3124/3124 3223/3223
f 3187/3187 3223/3223 3234/3234
f 3177/3177 3235/3235 3176/3176
f 3177/3177 3176/3176 2671/2671
f 3114/3114 3224/3224 3235/3235
f 3114/3114 3235/3235 3177/3177
f 3224/3224 3138/3138 3222/3222
f 3224/3224 3222/3222 3235/3235
f 3219/3219 3236/3236 3221/3221
f 3219/3219 3221/3221 3137/3137
f 3120/3120 3156/3156 3236/3236
f 3120/3120 3236/3236 3219/3219
f 3156/3156 433/433 3151/3151
f 3156/3156 3151/3151 3236/3236
f 3155/3155 3237/3237 3220/3220
f 3155/3155 3220/3220 3119/3119
f 432/432 3183/3183 3237/3237
f 432/432 3237/3237 3155/3155
f 3183/3183 3120/3120 3219/3219
f 3183/3183 3219/3219 3237/3237
f 3182/3182 3238/3238 3152/3152
f 3182/3182 3152/3152 208/208
f 3119/3119 3220/3220 3238/3238
f 3119/3119 3238/3238 3182/3182
f 3220/3220 3137/3137 3218/3218
f 3220/3220 3218/3218 3238/3238
f 3215/3215 3239/3239 3217/3217
f 3215/3215 3217/3217 3136/3136
f 3112/3112 3175/3175 3239/3239
f 3112/3112 3239/3239 3215/3215
f 3175/3175 205/205 3173/3173
f 3175/3175 3173/3173 3239/3239
f 3181/3181 3240/3240 3216/3216
f 3181/3181 3216/3216 3118/3118
f 208/208 3148/3148 3240/3240
f 208/208 3240/3240 3181/3181
f 3148/3148 3112/3112 3215/3215
f 3148/3148 3215/3215 3240/3240
f 3154/3154 3241/3241 3186/3186
f 3154/3154 3186/3186 480/480
f 3118/3118 3216/3216 3241/3241
f 3118/3118 3241/3241 3154/3154
f 3216/3216 3136/3136 3214/3214
f 3216/3216 3214/3214 3241/3241
f 3211/3211 3242/3242 3213/3213
f 3211/3211 3213/3213 3135/3135
f 3108/3108 3144/3144 3242/3242
f 3108/3108 3242/3242 3211/3211
f 3144/3144 2677/2677 3166/3166
f 3144/3144 3166/3166 3242/3242
f 3161/3161 3243/3243 3212/3212
f 3161/3161 3212/3212 3125/3125
f 2676/2676 3171/3171 3243/3243
f 2676/2676 3243/3243 3161/3161
f 3171/3171 3108/3108 3211/3211
f 3171/3171 3211/3211 3243/3243
f 3188/3188 3244/3244 3187/3187
f 3188/3188 3187/3187 2674/2674
f 3125/3125 3212/3212 3244/3244
f 3125/3125 3244/3244 3188/3188
f 3212/3212 3135/3135 3210/3210
f 3212/3212 3210/3210 3244/3244
f 3207/3207 3245/3245 3209/3209
f 3207/3207 3209/3209 3134/3134
f 3105/3105 3168/3168 3245/3245
f 3105/3105 3245/3245 3207/3207
f 3168/3168 2668/2668 3169/3169
f 3168/3168 3169/3169 3245/3245
f 3172/3172 3246/3246 3208/3208
f 3172/3172 3208/3208 3109/3109
f 2669/2669 3141/3141 3246/3246
f 2669/2669 3246/3246 3172/3172
f 3141/3141 3105/3105 3207/3207
f 3141/3141 3207/3207 3246/3246
f 3145/3145 3247/3247 3177/3177
f 3145/3145 3177/3177 2671/2671
f 3109/3109 3208/3208 3247/3247
f 3109/3109 3247/3247 3145/3145
f 3208/3208 3134/3134 3206/3206
f 3208/3208 3206/3206 3247/3247
f 3203/3203 3248/3248 3205/3205
f 3203/3203 3205/3205 3133/3133
f 3116/3116 3179/3179 3248/3248
f 3116/3116 3248/3248 3203/3203
f 3179/3179 206/206 3165/3165
f 3179/3179 3165/3165 3248/3248
f 3148/3148 3249/3249 3204/3204
f 3148/3148 3204/3204 3112/3112
f 208/208 3152/3152 3249/3249
f 208/208 3249/3249 3148/3148
f 3152/3152 3116/3116 3203/3203
f 3152/3152 3203/3203 3249/3249
f 3175/3175 3250/3250 3164/3164
f 3175/3175 3164/3164 205/205
f 3112/3112 3204/3204 3250/3250
f 3112/3112 3250/3250 3175/3175
f 3204/3204 3133/3133 3202/3202
f 3204/3204 3202/3202 3250/3250
f 3199/3199 3251/3251 3201/3201
f 3199/3199 3201/3201 3132/3132
f 3106/3106 3169/3169 3251/3251
f 3106/3106 3251/3251 3199/3199
f 3169/3169 2668/2668 3170/3170
f 3169/3169 3170/3170 3251/3251
f 3188/3188 3252/3252 3200/3200
f 3188/3188 3200/3200 3125/3125
f 2674/2674 3142/3142 3252/3252
f 2674/2674 3252/3252 3188/3188
f 3142/3142 3106/3106 3199/3199
f 3142/3142 3199/3199 3252/3252
f 3161/3161 3253/3253 3167/3167
f 3161/3161 3167/3167 2676/2676
f 3125/3125 3200/3200 3253/3253
f 3125/3125 3253/3253 3161/3161
f 3200/3200 3132/3132 3198/3198
f 3200/3200 3198/3198 3253/3253
f 3195/3195 3254/3254 3197/3197
f 3195/3195 3197/3197 3131/3131
f 3126/3126 3162/3162 3254/3254
f 3126/3126 3254/3254 3195/3195
f 3162/3162 481/481 3157/3157
f 3162/3162 3157/3157 3254/3254
f 3154/3154 3255/3255 3196/3196
f 3154/3154 3196/3196 3118/3118
f 480/480 3189/3189 3255/3255
f 480/480 3255/3255 3154/3154
f 3189/3189 3126/3126 3195/3195
f 3189/3189 3195/3195 3255/3255
f 3181/3181 3256/3256 3182/3182
f 3181/3181 3182/3182 208/208
f 3118/3118 3196/3196 3256/3256
f 3118/3118 3256/3256 3181/3181
f 3196/3196 3131/3131 3194/3194
f 3196/3196 3194/3194 3256/3256
f 3194/3194 3257/3257 3155/3155
f 3194/3194 3155/3155 3119/3119
f 3131/3131 3197/3197 3257/3257
f 3131/3131 3257/3257 3194/3194
f 3197/3197 3121/3121 3184/3184
f 3197/3197 3184/3184 3257/3257
f 3198/3198 3258/3258 3140/3140
f 3198/3198 3140/3140 3104/3104
f 3132/3132 3201/3201 3258/3258
f 3132/3132 3258/3258 3198/3198
f 3201/3201 3107/3107 3143/3143
f 3201/3201 3143/3143 3258/3258
f 3202/3202 3259/3259 3191/3191
f 3202/3202 3191/3191 3128/3128
f 3133/3133 3205/3205 3259/3259
f 3133/3133 3259/3259 3202/3202
f 3205/3205 3129/3129 3192/3192
f 3205/3205 3192/3192 3259/3259
f 3206/3206 3260/3260 3150/3150
f 3206/3206 3150/3150 3114/3114
f 3134/3134 3209/3209 3260/3260
f 3134/3134 3260/3260 3206/3206
f 3209/3209 3106/3106 3142/3142
f 3209/3209 3142/3142 3260/3260
f 3210/3210 3261/3261 3160/3160
f 3210/3210 3160/3160 3124/3124
f 3135/3135 3213/3213 3261/3261
f 3135/3135 3261/3261 3210/3210
f 3213/3213 3130/3130 3193/3193
f 3213/3213 3193/3193 3261/3261
f 3214/3214 3262/3262 3159/3159
f 3214/3214 3159/3159 3123/3123
f 3136/3136 3217/3217 3262/3262
f 3136/3136 3262/3262 3214/3214
f 3217/3217 3110/3110 3146/3146
f 3217/3217 3146/3146 3262/3262
f 3218/3218 3263/3263 3179/3179
f 3218/3218 3179/3179 3116/3116
f 3137/3137 3221/3221 3263/3263
f 3137/3137 3263/3263 3218/3218
f 3221/3221 3115/3115 3178/3178
f 3221/3221 3178/3178 3263/3263
f 3222/3222 3264/3264 3149/3149
f 3222/3222 3149/3149 3113/3113
f 3138/3138 3225/3225 3264/3264
f 3138/3138 3264/3264 3222/3222
f 3225/3225 3117/3117 3180/3180
f 3225/3225 3180/3180 3264/3264
f 3226/3226 3265/3265 3185/3185
f 3226/3226 3185/3185 3122/3122
f 3139/3139 3229/3229 3265/3265
f 3139/3139 3265/3265 3226/3226
f 3229/3229 3120/3120 3183/3183
f 3229/3229 3183/3183 3265/3265

