# https://github.com/mikedh/trimesh
mtllib material.mtl

o Object_1
usemtl Black
v 0.24138727 -0.14528399 0.39585369
v 0.34440957 -0.12081314 0.35553659
v 0.34440957 -0.12030288 0.35590459
v 0.24138727 -0.14477372 0.39622169
v 0.34440957 -0.12081314 0.35553659
v 0.41444775 -0.07198175 0.31351793
v 0.41444780 -0.07147149 0.31388601
v 0.34440957 -0.12030288 0.35590459
v 0.34440957 -0.12030288 0.35590459
v 0.41444780 -0.07147149 0.31388601
v 0.41444780 -0.06789953 0.32740477
v 0.34440957 -0.11673094 0.36942337
v 0.24138727 -0.14477372 0.39622169
v 0.34440957 -0.12030288 0.35590459
v 0.34440957 -0.11673094 0.36942337
v 0.24138727 -0.14120178 0.40974051
v 0.00000000 0.34523217 0.28179658
v -0.10813912 0.34262043 0.27609429
v -0.10813912 0.34313066 0.27542937
v 0.00000000 0.34574251 0.28110975
v -0.10813912 0.34262043 0.27609429
v -0.21120706 0.33362332 0.25869862
v -0.21120706 0.33413358 0.25818757
v -0.10813912 0.34313066 0.27542937
v -0.10813912 0.34313066 0.27542937
v -0.21120706 0.33413358 0.25818757
v -0.21120708 0.33770556 0.26555274
v -0.10813912 0.34670264 0.28171767
v 0.00000000 0.34574251 0.28110975
v -0.10813912 0.34313066 0.27542937
v -0.10813912 0.34670264 0.28171767
v 0.00000000 0.34931447 0.28724412
v 0.37534607 0.26534744 0.21755371
v 0.30497245 0.30993330 0.23298396
v 0.30497245 0.31044362 0.23231904
v 0.37534607 0.26585773 0.21704268
v 0.30497245 0.30993330 0.23298396
v 0.21190267 0.33213036 0.25869862
v 0.21190270 0.33264065 0.25801176
v 0.30497245 0.31044362 0.23231904
v 0.30497245 0.31044362 0.23231904
v 0.21190270 0.33264065 0.25801176
v 0.21190267 0.33621255 0.26414617
v 0.30497245 0.31401552 0.23860734
v 0.37534607 0.26585773 0.21704268
v 0.30497245 0.31044362 0.23231904
v 0.30497245 0.31401552 0.23860734
v 0.37534605 0.26942971 0.22440781
v -0.37256355 0.27131925 0.21755371
v -0.41204060 0.19498909 0.22813782
v -0.41204055 0.19549939 0.22848389
v -0.37256362 0.27182951 0.21774596
v -0.42983465 0.09718223 0.25374273
v -0.42983465 0.09769252 0.25411077
v -0.41204055 0.19549939 0.22848389
v -0.42983465 0.09769252 0.25411077
v -0.42983460 0.10126446 0.26762953
v -0.41204060 0.19907132 0.24184885
v -0.37256362 0.27182951 0.21774596
v -0.37256360 0.27540144 0.23003397
v -0.23964820 -0.14856846 0.39585373
v -0.12351974 -0.15438926 0.42188030
v -0.12351974 -0.15387897 0.42224842
v -0.23964822 -0.14805817 0.39622173
v 0.00000001 -0.15508067 0.43067392
v 0.00000000 -0.15457038 0.43104191
v -0.12351974 -0.15387897 0.42224842
v 0.00000000 -0.15457038 0.43104191
v 0.00000000 -0.15099844 0.44456066
v -0.12351974 -0.15030704 0.43576716
v -0.23964822 -0.14805817 0.39622173
v -0.12351974 -0.15030704 0.43576716
v -0.23964822 -0.14448623 0.40974051
v 0.00000001 -0.15508067 0.43067392
v 0.12373712 -0.15397869 0.42188030
v 0.12373712 -0.15346840 0.42224838
v 0.00000000 -0.15457038 0.43104191
v 0.24138727 -0.14477372 0.39622169
v 0.24138727 -0.14120178 0.40974051
v 0.12373713 -0.14989648 0.43576712
v 0.00000000 -0.15457038 0.43104191
v 0.12373712 -0.15346840 0.42224838
v 0.12373713 -0.14989648 0.43576712
v 0.00000000 -0.15099844 0.44456066
v 0.43818393 0.00557891 0.28096902
v 0.43818393 0.00608919 0.28131503
v 0.43226928 0.09897376 0.25374273
v 0.43226928 0.09948405 0.25393494
v 0.43818393 0.00608919 0.28131503
v 0.43226928 0.10305598 0.26622301
v 0.43818393 0.00966113 0.29467999
v 0.43818393 0.00608919 0.28131503
v 0.43818393 0.00966113 0.29467999
v -0.40749153 -0.08511963 0.31351793
v -0.33940975 -0.13025601 0.35553655
v -0.33940977 -0.12974570 0.35590459
v -0.40749153 -0.08460936 0.31388601
v -0.33940977 -0.12974570 0.35590459
v -0.23964822 -0.14805817 0.39622173
v -0.33940980 -0.12617378 0.36942341
v -0.40749153 -0.08460936 0.31388601
v -0.33940980 -0.12617378 0.36942341
v -0.40749153 -0.08103741 0.32740475
v -0.42983460 0.10126446 0.26762953
v -0.43309719 0.00040490 0.29485582
v -0.42919148 0.00874188 0.33060643
v -0.42580386 0.10947486 0.30358527
v -0.43309719 0.00040490 0.29485582
v -0.40749153 -0.08103741 0.32740475
v -0.40466605 -0.07039047 0.36122165
v -0.42919148 0.00874188 0.33060643
v -0.42919148 0.00874188 0.33060643
v -0.40466605 -0.07039047 0.36122165
v -0.39097003 -0.05055919 0.39180865
v -0.40197797 0.01594113 0.37719893
v -0.42580386 0.10947486 0.30358527
v -0.42919148 0.00874188 0.33060643
v -0.39758851 0.11796124 0.35033499
v 0.43226928 0.10305598 0.26622301
v 0.41425789 0.19518966 0.23780504
v 0.41053284 0.20325953 0.26541107
v 0.42818781 0.11122908 0.29954149
v 0.37534605 0.26942971 0.22440781
v 0.37316424 0.27505391 0.24667357
v 0.36255245 0.27027277 0.27618681
v 0.38415688 0.21302093 0.30357043
v 0.39961741 0.11945417 0.34470881
v 0.24138727 -0.14120178 0.40974051
v 0.34440957 -0.11673094 0.36942337
v 0.34361142 -0.10420828 0.40257255
v 0.24117301 -0.12785939 0.44276701
v 0.41444780 -0.06789953 0.32740477
v 0.41139282 -0.05768596 0.36122165
v 0.39662199 -0.03988467 0.39180857
v 0.34019545 -0.06485270 0.42937678
v 0.23967316 -0.08344927 0.46901256
v 0.00000000 0.34931447 0.28724412
v -0.10813912 0.34670264 0.28171767
v -0.10834483 0.34991249 0.30221948
v 0.00000000 0.35248449 0.30745613
v -0.21120708 0.33770556 0.26555274
v -0.21162155 0.34107068 0.28825039
v -0.21452298 0.31564018 0.32658589
v -0.10978486 0.32339488 0.33995286
v 0.00000000 0.32568826 0.34527051
v 0.30497245 0.31401552 0.23860734
v 0.30502419 0.31795915 0.25880757
v 0.21190267 0.33621255 0.26414617
v 0.21230268 0.33960886 0.28420660
v 0.21510269 0.31439605 0.32095972
v 0.30735628 0.29634576 0.29397413
v -0.37256360 0.27540144 0.23003397
v -0.41204060 0.19907132 0.24184885
v -0.40837021 0.20704215 0.27683191
v -0.37047349 0.28082870 0.26202829
v -0.40837021 0.20704215 0.27683191
v -0.38233571 0.21619858 0.31892516
v -0.37047349 0.28082870 0.26202829
v -0.40837021 0.20704215 0.27683191
v -0.38233571 0.21619858 0.31892516
v -0.36029166 0.27512482 0.29517511
v -0.23964822 -0.14448623 0.40974051
v -0.12351974 -0.15030704 0.43576716
v -0.12340504 -0.13674281 0.46872574
v -0.23947016 -0.13107543 0.44276705
v 0.00000000 -0.15099844 0.44456066
v 0.00000000 -0.13740520 0.47749463
v 0.00000000 -0.09123914 0.50309195
v -0.12260205 -0.09077983 0.49449497
v -0.23822395 -0.08618631 0.46901256
v 0.00000000 -0.15099844 0.44456066
v 0.12373713 -0.14989648 0.43576712
v 0.12361788 -0.13634082 0.46872566
v 0.00000000 -0.13740520 0.47749463
v 0.12278321 -0.09043771 0.49449493
v 0.00000000 -0.09123914 0.50309195
v 0.41425789 0.19110745 0.22813782
v 0.41425789 0.19161773 0.22797842
v 0.41425789 0.19110745 0.22813782
v 0.41425789 0.19161773 0.22797842
v 0.41425789 0.19518966 0.23780504
v -0.43309719 -0.00367732 0.28096900
v -0.43309719 -0.00316704 0.28133703
v -0.40749153 -0.08511963 0.31351793
v -0.40749153 -0.08460936 0.31388601
v -0.43309719 -0.00316704 0.28133703
v -0.40749153 -0.08460936 0.31388601
v -0.43309719 0.00040490 0.29485582
v -0.42983465 0.09769252 0.25411077
v -0.43309719 0.00040490 0.29485582
v 0.21190267 0.33213036 0.25869862
v 0.10822606 0.34243377 0.27609425
v 0.10822607 0.34294403 0.27540739
v 0.10822607 0.34294403 0.27540739
v 0.10822607 0.34294403 0.27540739
v 0.00000000 0.34574251 0.28110975
v 0.10822606 0.34651604 0.28154182
v 0.10822606 0.34651604 0.28154182
v -0.30297253 0.31422554 0.23298392
v -0.30297255 0.31473581 0.23282452
v -0.30297255 0.31473581 0.23282452
v -0.30297258 0.31830773 0.24265111
v -0.30297258 0.31830773 0.24265111
v 0.40615047 0.02352920 0.37649567
v 0.33712512 0.01668774 0.42301215
v 0.34019545 -0.06485270 0.42937678
v 0.32938944 0.12324720 0.38921962
v 0.22961678 0.12447294 0.42538868
v 0.23584498 0.00773813 0.46178044
v 0.23967316 -0.08344927 0.46901256
v 0.12067149 0.00434472 0.48606241
v 0.12278321 -0.09043771 0.49449493
v 0.11733630 0.12576962 0.44779975
v -0.00000000 0.12651991 0.45529166
v 0.00000000 0.00418807 0.49422644
v 0.00000000 -0.09123914 0.50309195
v 0.31790395 0.22613679 0.34080022
v 0.30735628 0.29634576 0.29397413
v 0.21510269 0.31439605 0.32095972
v 0.22171694 0.23649920 0.37285239
v 0.11323909 0.24220907 0.39299878
v 0.10985733 0.32323936 0.33924963
v 0.00000000 0.32568826 0.34527051
v 0.00000000 0.24392133 0.39968142
v -0.23822395 -0.08618631 0.46901256
v -0.12260205 -0.09077983 0.49449497
v -0.12056098 0.00414334 0.48608443
v -0.23496095 0.00612701 0.46195629
v 0.00000000 -0.09123914 0.50309195
v 0.00000000 0.00418807 0.49422644
v -0.00000000 0.12651991 0.45529166
v -0.11728558 0.12573231 0.44797555
v -0.22921100 0.12417436 0.42679528
v -0.39097003 -0.05055919 0.39180865
v -0.33609533 -0.07259629 0.42937686
v -0.33452590 0.01195414 0.42351766
v -0.40197797 0.01594113 0.37719893
v -0.32817210 0.12235144 0.39326342
v -0.39758851 0.11796124 0.35033499
v -0.31677295 0.22812558 0.35222108
v -0.38233571 0.21619858 0.31892516
v -0.22133291 0.23717724 0.37689620
v -0.21452298 0.31564018 0.32658589
v -0.30571625 0.29986562 0.30932889
v -0.36029166 0.27512482 0.29517511
v -0.11319108 0.24229381 0.39350426
v 0.00000000 0.24392133 0.39968142
v 0.00000000 0.32568826 0.34527051
v -0.10978486 0.32339488 0.33995286
v 0.10822606 0.34651604 0.28154182
v 0.10842998 0.34972978 0.30171402
v 0.00000000 0.34931447 0.28724412
v 0.00000000 0.35248449 0.30745613
v 0.00000000 0.32568826 0.34527051
v 0.10985733 0.32323936 0.33924963
v -0.30297258 0.31830773 0.24265111
v -0.30307441 0.32214378 0.27022841
v -0.37256360 0.27540144 0.23003397
v -0.37047349 0.28082870 0.26202829
v -0.30307441 0.32214378 0.27022841
v -0.37047349 0.28082870 0.26202829
v -0.36029166 0.27512482 0.29517511
v -0.30571625 0.29986562 0.30932889
v -0.21162155 0.34107068 0.28825039
v -0.30307441 0.32214378 0.27022841
v -0.30571625 0.29986562 0.30932889
v -0.21452298 0.31564018 0.32658589
v -0.40749153 -0.08103741 0.32740475
v -0.33940980 -0.12617378 0.36942341
v -0.33873687 -0.11341448 0.40257251
v -0.33609533 -0.07259629 0.42937686
v 0.43818393 0.00966113 0.29467999
v 0.43415107 0.01776536 0.33010098
vt 0.48438492 0.18612081
vt 0.48569381 0.21572024
vt 0.48569384 0.21572012
vt 0.48438486 0.18612075
vt 0.48569381 0.21572024
vt 0.49287978 0.23705041
vt 0.49287978 0.23705041
vt 0.48569384 0.21572012
vt 0.48569384 0.21572012
vt 0.49287978 0.23705041
vt 0.49287978 0.23705041
vt 0.48569381 0.21572024
vt 0.48438486 0.18612075
vt 0.48569384 0.21572012
vt 0.48569381 0.21572024
vt 0.48438492 0.18612081
vt 0.58042836 0.13951004
vt 0.58238572 0.15062016
vt 0.58238572 0.15062022
vt 0.58042836 0.13951010
vt 0.58238572 0.15062016
vt 0.58631200 0.17552841
vt 0.58631200 0.17552829
vt 0.58238572 0.15062022
vt 0.58238572 0.15062022
vt 0.58631200 0.17552829
vt 0.58631200 0.17552841
vt 0.58238572 0.15062016
vt 0.58042836 0.13951010
vt 0.58238572 0.15062022
vt 0.58238572 0.15062016
vt 0.58042836 0.13951004
vt 0.58192563 0.22457218
vt 0.58847976 0.20264709
vt 0.58847970 0.20264721
vt 0.58192569 0.22457224
vt 0.58847976 0.20264709
vt 0.58631200 0.17552841
vt 0.58631200 0.17552841
vt 0.58847970 0.20264721
vt 0.58847970 0.20264721
vt 0.58631200 0.17552841
vt 0.58631200 0.17552841
vt 0.58847976 0.20264709
vt 0.58192569 0.22457224
vt 0.58847970 0.20264721
vt 0.58847976 0.20264709
vt 0.58192563 0.22457218
vt 0.58192569 0.22457224
vt 0.56179899 0.23682714
vt 0.56179887 0.23682714
vt 0.58192575 0.22457230
vt 0.53493166 0.24246508
vt 0.53493166 0.24246514
vt 0.56179887 0.23682714
vt 0.53493166 0.24246514
vt 0.53493172 0.24246508
vt 0.56179899 0.23682714
vt 0.58192575 0.22457230
vt 0.58192569 0.22457224
vt 0.48438492 0.18612087
vt 0.48401761 0.15781784
vt 0.48401761 0.15781784
vt 0.48438495 0.18612081
vt 0.48383209 0.14497936
vt 0.48383206 0.14497930
vt 0.48401761 0.15781784
vt 0.48383206 0.14497930
vt 0.48383209 0.14497936
vt 0.48401761 0.15781784
vt 0.48438495 0.18612081
vt 0.48401761 0.15781784
vt 0.48438492 0.18612087
vt 0.48383209 0.14497936
vt 0.48401761 0.15781778
vt 0.48401761 0.15781778
vt 0.48383206 0.14497930
vt 0.48438486 0.18612075
vt 0.48438492 0.18612081
vt 0.48401761 0.15781778
vt 0.48383206 0.14497930
vt 0.48401761 0.15781778
vt 0.48401761 0.15781778
vt 0.48383209 0.14497936
vt 0.51018846 0.24434912
vt 0.51018846 0.24434912
vt 0.53493160 0.24246514
vt 0.53493166 0.24246508
vt 0.51018846 0.24434912
vt 0.53493160 0.24246508
vt 0.51018846 0.24434906
vt 0.51018846 0.24434912
vt 0.51018846 0.24434906
vt 0.49287978 0.23705041
vt 0.48569378 0.21572024
vt 0.48569381 0.21572018
vt 0.49287975 0.23705041
vt 0.48569381 0.21572018
vt 0.48438495 0.18612081
vt 0.48569378 0.21572024
vt 0.49287975 0.23705041
vt 0.48569378 0.21572024
vt 0.49287981 0.23705041
vt 0.53493166 0.24246514
vt 0.51018846 0.24434912
vt 0.51018858 0.24434912
vt 0.53493172 0.24246520
vt 0.51018846 0.24434912
vt 0.49287975 0.23705035
vt 0.49287978 0.23705047
vt 0.51018858 0.24434912
vt 0.51018858 0.24434912
vt 0.49287978 0.23705047
vt 0.49287981 0.23705029
vt 0.51018852 0.24434912
vt 0.53493172 0.24246520
vt 0.51018858 0.24434912
vt 0.53493178 0.24246502
vt 0.53493160 0.24246502
vt 0.56179887 0.23682708
vt 0.56156099 0.23566484
vt 0.53488207 0.24120116
vt 0.58192569 0.22457224
vt 0.58101040 0.22388923
vt 0.57659572 0.22057301
vt 0.56054002 0.22743416
vt 0.53453481 0.23235381
vt 0.48438489 0.18612081
vt 0.48569381 0.21572030
vt 0.48663783 0.21547288
vt 0.48534960 0.18605292
vt 0.49287975 0.23705041
vt 0.49354744 0.23610473
vt 0.49677253 0.23153341
vt 0.49323481 0.21441376
vt 0.49210244 0.18557709
vt 0.58042830 0.13951010
vt 0.58238578 0.15062022
vt 0.58217865 0.15044242
vt 0.57941645 0.13881528
vt 0.58631206 0.17552829
vt 0.58631206 0.17552835
vt 0.58631206 0.17552841
vt 0.58114338 0.14955354
vt 0.57048959 0.13097697
vt 0.58847970 0.20264721
vt 0.58730590 0.20267785
vt 0.58631200 0.17552835
vt 0.58515322 0.17568099
vt 0.57704169 0.17675000
vt 0.57917142 0.20351422
vt 0.58192569 0.22457224
vt 0.56179887 0.23682708
vt 0.56179893 0.23682714
vt 0.58192563 0.22457230
vt 0.56179893 0.23682714
vt 0.56179905 0.23682708
vt 0.58192563 0.22457230
vt 0.56179893 0.23682714
vt 0.56179905 0.23682708
vt 0.58192575 0.22457218
vt 0.48438489 0.18612087
vt 0.48401764 0.15781784
vt 0.48416650 0.15760106
vt 0.48438489 0.18612087
vt 0.48383209 0.14497936
vt 0.48458415 0.14410400
vt 0.49097535 0.13456762
vt 0.48491058 0.15651643
vt 0.48438495 0.18612081
vt 0.48383209 0.14497936
vt 0.48401761 0.15781784
vt 0.48495457 0.15755868
vt 0.48458415 0.14410400
vt 0.49151984 0.15617186
vt 0.49097535 0.13456762
vt 0.56179893 0.23682708
vt 0.56179887 0.23682714
vt 0.56179893 0.23682708
vt 0.56179887 0.23682714
vt 0.56179893 0.23682708
vt 0.51018846 0.24434912
vt 0.51018846 0.24434912
vt 0.49287978 0.23705041
vt 0.49287975 0.23705041
vt 0.51018846 0.24434912
vt 0.49287975 0.23705041
vt 0.51018846 0.24434912
vt 0.53493166 0.24246514
vt 0.51018846 0.24434912
vt 0.58631200 0.17552841
vt 0.58238566 0.15062022
vt 0.58238572 0.15062022
vt 0.58238572 0.15062022
vt 0.58238572 0.15062022
vt 0.58042836 0.13951010
vt 0.58238566 0.15062022
vt 0.58238566 0.15062022
vt 0.58847964 0.20264721
vt 0.58847970 0.20264727
vt 0.58847970 0.20264727
vt 0.58847964 0.20264721
vt 0.58847964 0.20264721
vt 0.51048821 0.23445153
vt 0.50961703 0.21344018
vt 0.49323481 0.21441370
vt 0.53365296 0.21091521
vt 0.53224283 0.18218023
vt 0.50869620 0.18433678
vt 0.49210241 0.18557703
vt 0.50764841 0.15427917
vt 0.49151981 0.15617180
vt 0.53039867 0.15265977
vt 0.52832377 0.12342632
vt 0.50647533 0.12525308
vt 0.49097535 0.13456762
vt 0.55964184 0.20707113
vt 0.57917136 0.20351422
vt 0.57704163 0.17675000
vt 0.55753630 0.17926121
vt 0.55463719 0.15097374
vt 0.57337052 0.15029466
vt 0.57048959 0.13097697
vt 0.55153275 0.12384117
vt 0.48438495 0.18612081
vt 0.48397884 0.15525258
vt 0.50670499 0.15411085
vt 0.50773156 0.18440473
vt 0.48352161 0.12445718
vt 0.50554359 0.12398928
vt 0.52832377 0.12342632
vt 0.53039861 0.15265971
vt 0.53224277 0.18218023
vt 0.48497561 0.24817318
vt 0.48470584 0.21711057
vt 0.50853342 0.21498597
vt 0.50920051 0.24573946
vt 0.53370261 0.21217912
vt 0.53493178 0.24246514
vt 0.56110764 0.20823562
vt 0.56317347 0.23778981
vt 0.55869508 0.17910856
vt 0.58631206 0.17552841
vt 0.58985418 0.20360994
vt 0.59292144 0.23227394
vt 0.55570477 0.15069336
vt 0.55236781 0.12270522
vt 0.57716995 0.12188917
vt 0.58197844 0.14841759
vt 0.58238578 0.15062022
vt 0.58125031 0.15053362
vt 0.58042830 0.13951010
vt 0.57941645 0.13881528
vt 0.57048959 0.13097697
vt 0.57337040 0.15029460
vt 0.58847964 0.20264727
vt 0.58847964 0.20264727
vt 0.58192569 0.22457224
vt 0.58192563 0.22457230
vt 0.58847964 0.20264727
vt 0.58192563 0.22457230
vt 0.58192575 0.22457218
vt 0.58847976 0.20264721
vt 0.58631206 0.17552835
vt 0.58847964 0.20264727
vt 0.58847976 0.20264721
vt 0.58631206 0.17552841
vt 0.49287975 0.23705035
vt 0.48569378 0.21572036
vt 0.48569378 0.21572030
vt 0.48569387 0.21572024
vt 0.51018846 0.24434912
vt 0.51029044 0.24310291
f 1/1 2/2 3/3
f 1/1 3/3 4/4
f 5/5 6/6 7/7
f 5/5 7/7 8/8
f 9/9 10/10 11/11
f 9/9 11/11 12/12
f 13/13 14/14 15/15
f 13/13 15/15 16/16
f 17/17 18/18 19/19
f 17/17 19/19 20/20
f 21/21 22/22 23/23
f 21/21 23/23 24/24
f 25/25 26/26 27/27
f 25/25 27/27 28/28
f 29/29 30/30 31/31
f 29/29 31/31 32/32
f 33/33 34/34 35/35
f 33/33 35/35 36/36
f 37/37 38/38 39/39
f 37/37 39/39 40/40
f 41/41 42/42 43/43
f 41/41 43/43 44/44
f 45/45 46/46 47/47
f 45/45 47/47 48/48
f 49/49 50/50 51/51
f 49/49 51/51 52/52
f 50/50 53/53 54/54
f 50/50 54/54 51/51
f 55/55 56/56 57/57
f 55/55 57/57 58/58
f 59/59 55/55 58/58
f 59/59 58/58 60/60
f 61/61 62/62 63/63
f 61/61 63/63 64/64
f 62/62 65/65 66/66
f 62/62 66/66 67/67
f 63/63 68/68 69/69
f 63/63 69/69 70/70
f 71/71 63/63 72/72
f 71/71 72/72 73/73
f 74/74 75/75 76/76
f 74/74 76/76 77/77
f 75/75 1/1 4/4
f 75/75 4/4 76/76
f 76/76 78/78 79/79
f 76/76 79/79 80/80
f 81/81 82/82 83/83
f 81/81 83/83 84/84
f 6/6 85/85 86/86
f 6/6 86/86 7/7
f 85/85 87/87 88/88
f 85/85 88/88 86/86
f 89/89 88/88 90/90
f 89/89 90/90 91/91
f 7/7 92/92 93/93
f 7/7 93/93 11/11
f 94/94 95/95 96/96
f 94/94 96/96 97/97
f 95/95 61/61 64/64
f 95/95 64/64 96/96
f 98/98 99/99 73/73
f 98/98 73/73 100/100
f 101/101 96/96 102/102
f 101/101 102/102 103/103
f 104/104 105/105 106/106
f 104/104 106/106 107/107
f 108/108 109/109 110/110
f 108/108 110/110 111/111
f 112/112 113/113 114/114
f 112/112 114/114 115/115
f 116/116 117/117 115/115
f 116/116 115/115 118/118
f 119/119 120/120 121/121
f 119/119 121/121 122/122
f 120/120 123/123 124/124
f 120/120 124/124 121/121
f 121/121 124/124 125/125
f 121/121 125/125 126/126
f 122/122 121/121 126/126
f 122/122 126/126 127/127
f 128/128 129/129 130/130
f 128/128 130/130 131/131
f 129/129 132/132 133/133
f 129/129 133/133 130/130
f 130/130 133/133 134/134
f 130/130 134/134 135/135
f 131/131 130/130 135/135
f 131/131 135/135 136/136
f 137/137 138/138 139/139
f 137/137 139/139 140/140
f 138/138 141/141 142/142
f 138/138 142/142 139/139
f 139/139 142/142 143/143
f 139/139 143/143 144/144
f 140/140 139/139 144/144
f 140/140 144/144 145/145
f 123/123 146/146 147/147
f 123/123 147/147 124/124
f 146/146 148/148 149/149
f 146/146 149/149 147/147
f 147/147 149/149 150/150
f 147/147 150/150 151/151
f 124/124 147/147 151/151
f 124/124 151/151 125/125
f 152/152 153/153 154/154
f 152/152 154/154 155/155
f 153/153 104/104 107/107
f 153/153 107/107 154/154
f 156/156 116/116 118/118
f 156/156 118/118 157/157
f 158/158 159/159 160/160
f 158/158 160/160 161/161
f 162/162 163/163 164/164
f 162/162 164/164 165/165
f 163/163 166/166 167/167
f 163/163 167/167 164/164
f 164/164 167/167 168/168
f 164/164 168/168 169/169
f 165/165 164/164 169/169
f 165/165 169/169 170/170
f 171/171 172/172 173/173
f 171/171 173/173 174/174
f 172/172 128/128 131/131
f 172/172 131/131 173/173
f 173/173 131/131 136/136
f 173/173 136/136 175/175
f 174/174 173/173 175/175
f 174/174 175/175 176/176
f 87/87 177/177 178/178
f 87/87 178/178 88/88
f 179/179 33/33 36/36
f 179/179 36/36 180/180
f 178/178 45/45 48/48
f 178/178 48/48 181/181
f 88/88 178/178 181/181
f 88/88 181/181 90/90
f 53/53 182/182 183/183
f 53/53 183/183 54/54
f 182/182 184/184 185/185
f 182/182 185/185 183/183
f 186/186 187/187 103/103
f 186/186 103/103 188/188
f 189/189 183/183 190/190
f 189/189 190/190 57/57
f 191/191 192/192 193/193
f 191/191 193/193 39/39
f 192/192 17/17 20/20
f 192/192 20/20 194/194
f 195/195 196/196 32/32
f 195/195 32/32 197/197
f 39/39 195/195 198/198
f 39/39 198/198 43/43
f 22/22 199/199 200/200
f 22/22 200/200 23/23
f 199/199 49/49 52/52
f 199/199 52/52 200/200
f 201/201 59/59 60/60
f 201/201 60/60 202/202
f 26/26 201/201 203/203
f 26/26 203/203 27/27
f 134/134 204/204 205/205
f 134/134 205/205 206/206
f 204/204 127/127 207/207
f 204/204 207/207 205/205
f 205/205 207/207 208/208
f 205/205 208/208 209/209
f 206/206 205/205 209/209
f 206/206 209/209 210/210
f 210/210 209/209 211/211
f 210/210 211/211 212/212
f 209/209 208/208 213/213
f 209/209 213/213 211/211
f 211/211 213/213 214/214
f 211/211 214/214 215/215
f 212/212 211/211 215/215
f 212/212 215/215 216/216
f 127/127 126/126 217/217
f 127/127 217/217 207/207
f 126/126 125/125 218/218
f 126/126 218/218 217/217
f 217/217 218/218 219/219
f 217/217 219/219 220/220
f 207/207 217/217 220/220
f 207/207 220/220 208/208
f 208/208 220/220 221/221
f 208/208 221/221 213/213
f 220/220 219/219 222/222
f 220/220 222/222 221/221
f 221/221 222/222 223/223
f 221/221 223/223 224/224
f 213/213 221/221 224/224
f 213/213 224/224 214/214
f 225/225 226/226 227/227
f 225/225 227/227 228/228
f 226/226 229/229 230/230
f 226/226 230/230 227/227
f 227/227 230/230 231/231
f 227/227 231/231 232/232
f 228/228 227/227 232/232
f 228/228 232/232 233/233
f 234/234 235/235 236/236
f 234/234 236/236 237/237
f 235/235 225/225 228/228
f 235/235 228/228 236/236
f 236/236 228/228 233/233
f 236/236 233/233 238/238
f 237/237 236/236 238/238
f 237/237 238/238 239/239
f 239/239 238/238 240/240
f 239/239 240/240 241/241
f 238/238 233/233 242/242
f 238/238 242/242 240/240
f 240/240 242/242 243/243
f 240/240 243/243 244/244
f 241/241 240/240 244/244
f 241/241 244/244 245/245
f 233/233 232/232 246/246
f 233/233 246/246 242/242
f 232/232 231/231 247/247
f 232/232 247/247 246/246
f 246/246 247/247 248/248
f 246/246 248/248 249/249
f 242/242 246/246 249/249
f 242/242 249/249 243/243
f 148/148 250/250 251/251
f 148/148 251/251 149/149
f 250/250 252/252 253/253
f 250/250 253/253 251/251
f 251/251 253/253 254/254
f 251/251 254/254 255/255
f 149/149 251/251 255/255
f 149/149 255/255 150/150
f 141/141 256/256 257/257
f 141/141 257/257 142/142
f 256/256 258/258 259/259
f 256/256 259/259 257/257
f 260/260 261/261 262/262
f 260/260 262/262 263/263
f 264/264 265/265 266/266
f 264/264 266/266 267/267
f 268/268 269/269 270/270
f 268/268 270/270 113/113
f 269/269 162/162 165/165
f 269/269 165/165 270/270
f 270/270 165/165 170/170
f 270/270 170/170 271/271
f 113/113 270/270 271/271
f 113/113 271/271 114/114
f 132/132 272/272 273/273
f 132/132 273/273 133/133
f 272/272 119/119 122/122
f 272/272 122/122 273/273
f 273/273 122/122 127/127
f 273/273 127/127 204/204
f 133/133 273/273 204/204
f 133/133 204/204 134/134

o Object_0
usemtl Main_Color
v 0.32997228 0.45797943 -0.31510090
v 0.27786782 0.47950286 -0.32980822
v 0.28338899 0.52689139 -0.28638866
v 0.35026329 0.47950286 -0.28046953
v 0.19760646 0.50054683 -0.34446322
v 0.19951558 0.55882575 -0.29536419
v 0.20484115 0.59924424 -0.23731379
v 0.29437238 0.55882575 -0.23142422
v 0.37046163 0.50054689 -0.22690625
v 0.19760646 0.50054683 -0.34446322
v 0.10240971 0.51455692 -0.35429849
v 0.10300167 0.57821853 -0.30209551
v 0.19951558 0.55882575 -0.29536419
v -0.00000000 0.51958506 -0.35783960
v 0.00000000 0.58485689 -0.30463211
v 0.00000000 0.63133003 -0.24360044
v 0.10508280 0.62330982 -0.24184635
v 0.20484115 0.59924424 -0.23731379
v 0.10708486 0.65014876 -0.17528273
v 0.20952077 0.62330976 -0.17211679
v 0.00000000 0.65903063 -0.17647318
v 0.00000000 0.66819888 -0.10550730
v 0.10795699 0.65903063 -0.10477951
v 0.21144177 0.63132998 -0.10258359
v 0.37046163 0.50054689 -0.22690625
v 0.29437238 0.55882575 -0.23142422
v 0.30293206 0.57821858 -0.16767594
v 0.38403687 0.51455687 -0.16303089
v 0.30621064 0.58485689 -0.09890636
v 0.38893369 0.51958500 -0.09375643
v 0.30293479 0.57820138 -0.02908314
v 0.38405860 0.51441997 -0.02368383
v 0.20952074 0.62330976 -0.03177732
v 0.20484112 0.59924418 0.03723428
v 0.29439415 0.55868886 0.03773873
v 0.37063559 0.49945198 0.04241220
v 0.10708486 0.65014865 -0.03286620
v 0.00000000 0.65903058 -0.03308583
v 0.00000000 0.63132992 0.03843329
v 0.10508280 0.62330982 0.03795226
v 0.10300440 0.57820143 0.10533643
v 0.19953733 0.55868891 0.10167871
v 0.00000000 0.58485695 0.10681943
v 0.00000000 0.51958506 0.17032679
v 0.10243145 0.51442003 0.16758381
v 0.19778037 0.49945198 0.15996922
v 0.37063559 0.49945198 0.04241220
v 0.29439415 0.55868886 0.03773873
v 0.28351036 0.52612727 0.09775364
v 0.35082483 0.47596749 0.09930354
v 0.20484112 0.59924418 0.03723428
v 0.19953733 0.55868891 0.10167871
v 0.19778037 0.49945198 0.15996922
v 0.27842937 0.47596754 0.14864225
v 0.33101571 0.45141049 0.13732638
v 0.45498652 -0.38312257 0.31816559
v 0.44870024 -0.25556848 0.30909189
v 0.35417645 -0.26496516 0.36940936
v 0.35922897 -0.38472472 0.37969231
v 0.44315714 -0.11822577 0.29639202
v 0.34931481 -0.16664593 0.35937694
v 0.24266602 -0.18732728 0.40249129
v 0.24530664 -0.27542139 0.41400976
v 0.24844548 -0.38756081 0.42592970
v 0.24266602 -0.18732728 0.40249129
v 0.34931481 -0.16664593 0.35937694
v 0.34523447 -0.12639328 0.35652370
v 0.24154713 -0.15053940 0.39736730
v 0.41743034 -0.07672962 0.31247096
v 0.41444775 -0.07198175 0.31351793
v 0.34440957 -0.12081314 0.35553659
v 0.24138727 -0.14528399 0.39585369
v -0.24121681 -0.19006434 0.40249133
v -0.12413186 -0.19489998 0.42898224
v -0.12359626 -0.15945309 0.42345204
v -0.23984428 -0.15375544 0.39736730
v 0.00000000 -0.19546933 0.43795745
v 0.00000000 -0.16012926 0.43226819
v 0.00000001 -0.15508067 0.43067392
v -0.12351974 -0.15438926 0.42188030
v -0.23964820 -0.14856846 0.39585373
v 0.12550728 -0.27970403 0.44148979
v 0.12695650 -0.38877726 0.45476294
v 0.12431303 -0.19455783 0.42898220
v 0.00000000 -0.19546933 0.43795745
v 0.00000000 -0.28022906 0.45085498
v 0.00000000 -0.38888293 0.46467717
v 0.45287298 0.09904310 0.23074753
v 0.43293561 0.19792101 0.20573680
v 0.41651155 0.19216253 0.22600450
v 0.43484478 0.09898243 0.25155222
v 0.38715056 0.29867015 0.19019961
v 0.37669693 0.26876982 0.21533759
v 0.37534607 0.26534744 0.21755371
v 0.41425789 0.19110745 0.22813782
v 0.43226928 0.09897376 0.25374273
v 0.35567735 0.39173667 0.15969535
v 0.28799096 0.40577474 0.18975375
v 0.30083593 0.34109169 0.21892971
v 0.27842937 0.47596754 0.14864225
v 0.19778037 0.49945198 0.15996922
v 0.20237629 0.42490059 0.20967845
v 0.20863485 0.36238513 0.24383076
v 0.10435849 0.43705007 0.22177815
v 0.10690259 0.37322034 0.25951131
v 0.10243145 0.51442003 0.16758381
v 0.00000000 0.51958506 0.17032679
v 0.00000000 0.44099453 0.22589252
v 0.00000000 0.37637673 0.26470081
v 0.20863485 0.36238513 0.24383076
v 0.10690259 0.37322034 0.25951131
v 0.10806063 0.34628206 0.27470528
v 0.21149419 0.33591220 0.25752402
v 0.00000000 0.37637673 0.26470081
v 0.00000000 0.34912523 0.28034352
v 0.00000000 0.34523217 0.28179658
v 0.10822606 0.34243377 0.27609425
v 0.21190267 0.33213036 0.25869862
v 0.00000000 -0.85528951 -0.32151320
v 0.07858864 -0.85717496 -0.31749691
v 0.06877606 -0.87218204 -0.25230107
v 0.00000000 -0.87051991 -0.25506435
v 0.15207190 -0.86571876 -0.30740771
v 0.13302695 -0.88003044 -0.24538700
v 0.11863710 -0.88941846 -0.17101843
v 0.06134078 -0.88211302 -0.17531620
v 0.00000000 -0.88063324 -0.17703532
v 0.15207190 -0.86571876 -0.30740771
v 0.21558703 -0.88511892 -0.29429527
v 0.18847383 -0.89822228 -0.23644617
v 0.13302695 -0.88003044 -0.24538700
v 0.26524218 -0.91903799 -0.28164946
v 0.23182293 -0.93037186 -0.22784632
v 0.20671619 -0.93765693 -0.16013070
v 0.16806923 -0.90671829 -0.16546712
v 0.11863710 -0.88941846 -0.17101843
v 0.16806923 -0.90671829 -0.16546712
v 0.15521566 -0.91144688 -0.08512835
v 0.10956401 -0.89469463 -0.08778294
v 0.20671619 -0.93765693 -0.16013070
v 0.19090697 -0.94167354 -0.08257653
v 0.18504921 -0.94291777 -0.00002752
v 0.15045306 -0.91292593 -0.00002604
v 0.10620215 -0.89635914 -0.00002450
v 0.05664957 -0.88773391 -0.08983810
v 0.00000000 -0.88637343 -0.09066016
v 0.05491135 -0.88951844 -0.00002330
v 0.00000000 -0.88820021 -0.00002283
v 0.05623906 -0.88773385 0.08974487
v -0.00000000 -0.88637337 0.09056885
v 0.10877007 -0.89469457 0.08768494
v 0.11704923 -0.88941852 0.17072443
v 0.06051977 -0.88211296 0.17503652
v -0.00000000 -0.88063330 0.17676135
v 0.15409094 -0.91144688 0.08502420
v 0.18952359 -0.94167342 0.08246646
v 0.20394941 -0.93765693 0.15980044
v 0.16581973 -0.90671829 0.16515465
v 0.11704923 -0.88941852 0.17072443
v 0.16581973 -0.90671829 0.16515465
v 0.18510481 -0.89822223 0.23568252
v 0.13064890 -0.88003044 0.24466573
v 0.20394941 -0.93765693 0.15980044
v 0.22767922 -0.93037181 0.22704299
v 0.25975979 -0.91903793 0.28001125
v 0.21112965 -0.88511892 0.29271701
v 0.14892630 -0.86571881 0.30590060
v 0.06754653 -0.87218198 0.25161321
v -0.00000000 -0.87051980 0.25438993
v 0.13064890 -0.88003044 0.24466573
v 0.14892630 -0.86571881 0.30590060
v 0.07696255 -0.85717496 0.31604914
v -0.00000000 -0.85528951 0.32009025
v 0.45756643 -0.39008964 -0.36988945
v 0.45186706 -0.27574777 -0.37580086
v 0.52828797 -0.27563811 -0.30255377
v 0.53421511 -0.39020824 -0.29548242
v 0.44450055 -0.15370252 -0.37721766
v 0.52000680 -0.15344256 -0.30605411
v 0.57516224 -0.15287070 -0.22430293
v 0.58395197 -0.27535761 -0.21888904
v 0.58967295 -0.39015526 -0.21118706
v 0.43441039 -0.02791277 -0.37432914
v 0.50806736 -0.02742963 -0.30614602
v 0.42048170 0.09652466 -0.36754557
v 0.49106364 0.09741289 -0.30324848
v 0.54233888 0.09933272 -0.22869154
v 0.56182956 -0.02637101 -0.22747997
v 0.59448937 -0.02531953 -0.14152948
v 0.60867781 -0.15229886 -0.13524673
v 0.57338191 0.10119547 -0.14691391
v 0.58378729 0.10202661 -0.06139259
v 0.60545825 -0.02484352 -0.05184789
v 0.61991203 -0.15203889 -0.04247717
v 0.61766406 -0.27507070 -0.12809049
v 0.62301464 -0.39005103 -0.12019369
v 0.62887991 -0.27493930 -0.03368796
v 0.63394796 -0.38999524 -0.02583897
v 0.40189676 0.21411492 -0.35734754
v 0.46774226 0.21576052 -0.29790593
v 0.37908541 0.31890856 -0.34427539
v 0.43756222 0.32212194 -0.29090884
v 0.47859780 0.32861900 -0.22707747
v 0.51507967 0.21922794 -0.22833328
v 0.37908541 0.31890856 -0.34427539
v 0.35317484 0.40427171 -0.32905969
v 0.39965475 0.41124802 -0.28364516
v 0.43756222 0.32212194 -0.29090884
v 0.43124790 0.42328007 -0.22592410
v 0.47859780 0.32861900 -0.22707747
v 0.43124790 0.42328007 -0.22592410
v 0.45057048 0.43249284 -0.15904440
v 0.50324436 0.33416222 -0.15537762
v 0.45721932 0.43600020 -0.08718771
v 0.51151487 0.33642172 -0.07941319
v 0.54358252 0.22244058 -0.15144971
v 0.55310546 0.22383138 -0.07070258
v 0.54364016 0.22207435 0.01026592
v 0.57336392 0.10127634 0.02426077
v 0.50333140 0.33361482 -0.00308957
v 0.47929344 0.32423974 0.06949074
v 0.51554815 0.21629803 0.08766046
v 0.54226086 0.09997965 0.10633430
v 0.45063299 0.43209937 -0.01477397
v 0.43174781 0.42013247 0.05356696
v 0.40124212 0.40202840 0.11324976
v 0.44077084 0.30907587 0.13429871
v 0.54226086 0.09997965 0.10633430
v 0.51554815 0.21629803 0.08766046
v 0.47255051 0.20686678 0.15640693
v 0.49495206 0.09926418 0.17933527
v 0.61726913 -0.27444475 0.06072521
v 0.62236827 -0.38983326 0.06850625
v 0.60843253 -0.15142795 0.05032940
v 0.57399418 -0.14590365 0.13946705
v 0.58270546 -0.27035007 0.15154741
v 0.58829088 -0.38841349 0.15948093
v 0.59436697 -0.02471069 0.03790817
v 0.56110697 -0.02150028 0.12402312
v 0.57399418 -0.14590365 0.13946705
v 0.56110697 -0.02150028 0.12402312
v 0.50963619 -0.01279124 0.20130488
v 0.51800228 -0.13237566 0.22137071
v 0.46167684 -0.00280757 0.25715622
v 0.58829088 -0.38841349 0.15948093
v 0.58270546 -0.27035007 0.15154741
v 0.52567908 -0.26100754 0.23533783
v 0.53203116 -0.38520067 0.24376165
v 0.00000000 0.10202662 -0.48678150
v 0.00000000 0.22383141 -0.46555568
v 0.11301614 0.22244060 -0.45871573
v 0.11735433 0.10119547 -0.47915759
v 0.00000000 0.33642174 -0.43764591
v 0.10844689 0.33416225 -0.43177858
v 0.21113924 0.32861905 -0.41432344
v 0.22084000 0.21922795 -0.43827272
v 0.22969480 0.09933272 -0.45645065
v 0.00000000 0.43600020 -0.40203272
v 0.10449990 0.43249286 -0.39732151
v -0.00000000 0.51958506 -0.35783960
v 0.10240971 0.51455692 -0.35429849
v 0.19760646 0.50054683 -0.34446322
v 0.20227633 0.42328009 -0.38364883
v 0.21113924 0.32861905 -0.41432344
v 0.20227633 0.42328009 -0.38364883
v 0.28686017 0.41124802 -0.36138583
v 0.30267786 0.32212199 -0.38534364
v 0.19760646 0.50054683 -0.34446322
v 0.27786782 0.47950286 -0.32980822
v 0.31849860 0.21576051 -0.40438076
v 0.33215796 0.09741289 -0.41900425
v 0.30267786 0.32212199 -0.38534364
v -0.00000001 -0.38888296 -0.51633379
v -0.00000000 -0.27480027 -0.51689156
v 0.12578244 -0.27493869 -0.50754033
v 0.12759909 -0.38899504 -0.50642991
v 0.00000000 -0.15203889 -0.51221769
v 0.12360435 -0.15229883 -0.50340202
v 0.24212001 -0.15287071 -0.47737394
v 0.24633812 -0.27525106 -0.48010513
v 0.24982205 -0.38930257 -0.47761906
v -0.00000000 -0.02484352 -0.50223077
v 0.12086582 -0.02531953 -0.49396966
v 0.23672742 -0.02637100 -0.46946518
v 0.34270420 -0.02742963 -0.42925168
v 0.35057955 -0.15344259 -0.43489000
v 0.35656589 -0.27557860 -0.43565206
v 0.36140921 -0.38973229 -0.43140360
v -0.00000000 -0.71699114 -0.46759016
v -0.00000000 -0.65485177 -0.48602972
v 0.12800327 -0.65611033 -0.47507017
v 0.12317392 -0.71891606 -0.45720120
v -0.00000000 -0.57953460 -0.50043435
v 0.12952634 -0.58011375 -0.48954579
v 0.25396076 -0.58245107 -0.45844291
v 0.25178078 -0.66151289 -0.44392326
v 0.24256085 -0.72731547 -0.42801830
v -0.00000001 -0.49079427 -0.51069095
v 0.12907429 -0.49101021 -0.50022371
v 0.25271045 -0.49176278 -0.47008096
v 0.36552565 -0.49305942 -0.42231837
v 0.36804682 -0.58681912 -0.40966842
v 0.46235787 -0.49430571 -0.35966273
v 0.46586982 -0.59098177 -0.34655463
v 0.24256085 -0.72731547 -0.42801830
v 0.25178078 -0.66151289 -0.44392326
v 0.36694285 -0.67251880 -0.39527640
v 0.35506778 -0.74666301 -0.38286855
v 0.25396076 -0.58245107 -0.45844291
v 0.36804682 -0.58681912 -0.40966842
v 0.46586982 -0.59098177 -0.34655463
v 0.46746250 -0.68455778 -0.33239738
v 0.46582060 -0.78879936 -0.31916653
v 0.00000000 -0.85528951 -0.32151320
v 0.00000000 -0.83397147 -0.37422273
v 0.09022798 -0.83608513 -0.36870479
v 0.07858864 -0.85717496 -0.31749691
v 0.00000000 -0.80496940 -0.41448341
v 0.10256618 -0.80723639 -0.40725415
v 0.19961406 -0.81707461 -0.38835721
v 0.17484356 -0.84538262 -0.35469196
v 0.15207190 -0.86571876 -0.30740771
v 0.00000000 -0.76654162 -0.44461319
v 0.11419646 -0.76878851 -0.43560366
v 0.22384563 -0.77856173 -0.41104891
v 0.19961406 -0.81707461 -0.38835721
v 0.22384563 -0.77856173 -0.41104891
v 0.32370836 -0.80098539 -0.37558069
v 0.28527190 -0.83916109 -0.36261290
v 0.40360198 -0.84437125 -0.33884771
v 0.35225405 -0.87865886 -0.33737834
v 0.15207190 -0.86571876 -0.30740771
v 0.17484356 -0.84538262 -0.35469196
v 0.24836643 -0.86620693 -0.33623372
v 0.21558703 -0.88511892 -0.29429527
v 0.30584444 -0.90253415 -0.31833184
v 0.26524218 -0.91903799 -0.28164946
v 0.53761264 -1.12441504 -0.25892320
v 0.57997359 -1.12226397 -0.21131860
v 0.57790092 -1.16648389 -0.20963629
v 0.53674838 -1.16751674 -0.25640747
v 0.61197450 -1.12105337 -0.14990714
v 0.60883827 -1.16588214 -0.14902203
v 0.59936550 -1.19232146 -0.14779154
v 0.57093361 -1.19257004 -0.20686131
v 0.53257433 -1.19299149 -0.25168214
v 0.63147406 -1.12051268 -0.07898612
v 0.62768634 -1.16560592 -0.07859842
v 0.63714666 -1.12038767 -0.00330720
v 0.63315195 -1.16553986 -0.00322116
v 0.62768634 -1.16560592 -0.07859842
v 0.63315195 -1.16553986 -0.00322116
v 0.62174117 -1.19217835 -0.00312137
v 0.61672230 -1.19220622 -0.07816170
v 0.61672230 -1.19220622 -0.07816170
v 0.59385588 -1.20494548 -0.07755330
v 0.57947232 -1.20498256 -0.14599185
v 0.59798808 -1.20493649 -0.00293068
v 0.59385588 -1.20494548 -0.07755330
v 0.59798808 -1.20493649 -0.00293068
v 0.55829276 -1.20945081 -0.00261459
v 0.55549458 -1.20945314 -0.07714621
v 0.54531842 -1.20946280 -0.14496612
v 0.53257433 -1.19299149 -0.25168214
v 0.57093361 -1.19257004 -0.20686131
v 0.55624160 -1.20503863 -0.20236053
v 0.52430687 -1.20510136 -0.24277617
v 0.59936550 -1.19232146 -0.14779154
v 0.57947232 -1.20498256 -0.14599185
v 0.55624160 -1.20503863 -0.20236053
v 0.57947232 -1.20498256 -0.14599185
v 0.54531842 -1.20946280 -0.14496612
v 0.52972767 -1.20935566 -0.19920073
v 0.52430687 -1.20510136 -0.24277617
v 0.51407543 -1.20876735 -0.23135070
v 0.54510672 -0.68810309 -0.25938916
v 0.55052090 -0.78464997 -0.24559090
v 0.54233841 -0.59280633 -0.27252245
v 0.59631311 -0.59308400 -0.19055485
v 0.59843327 -0.68797652 -0.17974751
v 0.60128965 -0.78304502 -0.16963376
v 0.53884388 -0.49493827 -0.28502780
v 0.54233841 -0.59280633 -0.27252245
v 0.59359519 -0.49511707 -0.20140336
v 0.59631311 -0.59308400 -0.19055485
v 0.62612006 -0.49513961 -0.11179792
v 0.62781800 -0.59308605 -0.10347232
v 0.63654032 -0.49512945 -0.01921859
v 0.63758128 -0.59308239 -0.01388290
v 0.62879095 -0.68773055 -0.09583587
v 0.62965451 -0.78242812 -0.08937977
v 0.62781800 -0.59308605 -0.10347232
v 0.63758128 -0.59308239 -0.01388290
v 0.63782318 -0.68768459 -0.00981166
v 0.63783239 -0.78230866 -0.00691184
v 0.63783239 -0.78230866 -0.00691184
v 0.63782318 -0.68768459 -0.00981166
v 0.62667765 -0.68773066 0.07618593
v 0.62708272 -0.78242812 0.07553184
v 0.62623824 -0.59308605 0.07567470
v 0.59335047 -0.59308400 0.16272605
v 0.59444555 -0.68797663 0.16013394
v 0.59641494 -0.78304507 0.15586977
v 0.62505908 -0.49511246 0.07333544
v 0.59159227 -0.49489930 0.16289520
v 0.53614861 -0.49431232 0.24649227
v 0.53839240 -0.59280644 0.24473248
v 0.53203116 -0.38520067 0.24376165
v 0.45498652 -0.38312257 0.31816559
v 0.45939561 -0.49343479 0.32112987
v 0.46156289 -0.59098177 0.31883388
v 0.59641494 -0.78304507 0.15586977
v 0.59444555 -0.68797663 0.16013394
v 0.53973680 -0.68810314 0.24001152
v 0.54387210 -0.78465003 0.23229222
v 0.59335047 -0.59308400 0.16272605
v 0.53839240 -0.59280644 0.24473248
v 0.46156289 -0.59098177 0.31883388
v 0.46156251 -0.68455784 0.31333110
v 0.45820641 -0.78879930 0.30736182
v 0.63714666 -1.12038767 -0.00330720
v 0.62829861 -1.12051257 0.07229657
v 0.62452484 -1.16560581 0.07207996
v 0.63315195 -1.16553986 -0.00322116
v 0.60594783 -1.12105337 0.14312121
v 0.60284349 -1.16588203 0.14240095
v 0.62452484 -1.16560581 0.07207996
v 0.60284349 -1.16588203 0.14240095
v 0.59348674 -1.19232146 0.14136874
v 0.61361674 -1.19220644 0.07184427
v 0.62452484 -1.16560581 0.07207996
v 0.62174117 -1.19217835 -0.00312137
v 0.57172559 -1.12226386 0.20460702
v 0.56970768 -1.16648389 0.20307359
v 0.52800431 -1.12441504 0.25264241
v 0.52721225 -1.16751663 0.25024624
v 0.56970768 -1.16648389 0.20307359
v 0.52721225 -1.16751663 0.25024624
v 0.52327047 -1.19299149 0.24567053
v 0.56292069 -1.19257004 0.20048065
v 0.59348674 -1.19232146 0.14136874
v 0.56292069 -1.19257004 0.20048065
v 0.54856184 -1.20503829 0.19631825
v 0.57381245 -1.20498278 0.13994531
v 0.52327047 -1.19299149 0.24567053
v 0.51545022 -1.20510136 0.23702876
v 0.54856184 -1.20503829 0.19631825
v 0.50578182 -1.20876735 0.22592295
v 0.52245501 -1.20935555 0.19371261
v 0.57381245 -1.20498278 0.13994531
v 0.53995300 -1.20946291 0.13954107
v 0.61361674 -1.19220644 0.07184427
v 0.59085905 -1.20494548 0.07161972
v 0.59348674 -1.19232146 0.14136874
v 0.57381245 -1.20498278 0.13994531
v 0.59085905 -1.20494548 0.07161972
v 0.55265445 -1.20945336 0.07184726
v 0.25975979 -0.91903793 0.28001125
v 0.29913082 -0.90253415 0.31537955
v 0.24290811 -0.86620687 0.33333192
v 0.21112965 -0.88511892 0.29271701
v 0.34460933 -0.87865881 0.33250213
v 0.27905669 -0.83916115 0.35766713
v 0.19523066 -0.81707456 0.38346640
v 0.17099305 -0.84538267 0.35187931
v 0.14892630 -0.86571881 0.30590060
v 0.39554693 -0.84437125 0.33126434
v 0.31716137 -0.80098555 0.36759556
v 0.34881054 -0.74666301 0.37035362
v 0.23811789 -0.72731542 0.41537192
v 0.21922609 -0.77856173 0.40300907
v 0.19523066 -0.81707456 0.38346640
v 0.21922609 -0.77856173 0.40300907
v 0.11180847 -0.76878851 0.42762535
v 0.10030127 -0.80723645 0.40245305
v 0.23811789 -0.72731542 0.41537192
v 0.12086969 -0.71891606 0.44459295
v -0.00000000 -0.71699114 0.45502468
v -0.00000000 -0.76654162 0.43668087
v -0.00000000 -0.80496940 0.40972888
v 0.14892630 -0.86571881 0.30590060
v 0.17099305 -0.84538267 0.35187931
v 0.08823804 -0.83608519 0.36597721
v 0.07696255 -0.85717496 0.31604914
v -0.00000000 -0.83397147 0.37153308
v -0.00000000 -0.85528951 0.32009025
v 0.36171029 -0.67251885 0.37621294
v 0.36414950 -0.58681912 0.38199778
v 0.25106901 -0.58245107 0.43082397
v 0.24797918 -0.66151283 0.42483500
v 0.36284519 -0.49243347 0.38382015
v 0.36414950 -0.58681912 0.38199778
v 0.35922897 -0.38472472 0.37969231
v 0.24844548 -0.38756081 0.42592970
v 0.25072913 -0.49154512 0.43163880
v 0.25106901 -0.58245107 0.43082397
v 0.12802811 -0.49098295 0.46184111
v 0.12799522 -0.58011381 0.46199954
v 0.12695650 -0.38877726 0.45476294
v 0.00000000 -0.38888293 0.46467717
v -0.00000000 -0.49079427 0.47233668
v 0.00000000 -0.57953454 0.47292829
v 0.24797918 -0.66151283 0.42483500
v 0.12601435 -0.65611027 0.45603480
v 0.00000000 -0.65485177 0.46703704
v 0.35742123 -1.20911174 -0.23370970
v 0.38950525 -1.20958448 -0.24324258
v 0.38439502 -1.21070726 -0.20290856
v 0.34230444 -1.20968051 -0.20139201
v 0.43558950 -1.20963011 -0.24694101
v 0.43596851 -1.21084737 -0.20418764
v 0.43619486 -1.21102112 -0.14680591
v 0.37714770 -1.21087068 -0.14650607
v 0.32710220 -1.20981896 -0.14633110
v 0.48178049 -1.20943981 -0.24177464
v 0.48758992 -1.21065441 -0.20171051
v 0.51407543 -1.20876735 -0.23135070
v 0.52972767 -1.20935566 -0.19920073
v 0.54531842 -1.20946280 -0.14496612
v 0.49525977 -1.21082616 -0.14577800
v 0.50044862 -1.21082516 -0.07724710
v 0.43600514 -1.21102112 -0.07740203
v 0.55549458 -1.20945314 -0.07714621
v 0.55829276 -1.20945081 -0.00261459
v 0.50153313 -1.21082494 -0.00216567
v 0.43517263 -1.21102101 -0.00164179
v 0.37156728 -1.21087268 -0.07718444
v 0.31652496 -1.20983461 -0.07703803
v 0.36881743 -1.21087313 -0.00111745
v 0.31206098 -1.20983939 -0.00066825
v 0.36938594 -1.21087268 0.07488807
v 0.31454766 -1.20983461 0.07564292
v 0.43358653 -1.21102090 0.07405335
v 0.43156228 -1.21102101 0.14329872
v 0.37294949 -1.21087068 0.14404046
v 0.32327599 -1.20981907 0.14475352
v 0.49780459 -1.21082505 0.07284809
v 0.55265445 -1.20945336 0.07184726
v 0.53995300 -1.20946291 0.13954107
v 0.49023494 -1.21082638 0.14123598
v 0.48067574 -1.21065441 0.19702595
v 0.42950642 -1.21084704 0.20048329
v 0.52245501 -1.20935555 0.19371261
v 0.50578182 -1.20876735 0.22592295
v 0.47352844 -1.20943970 0.23694651
v 0.42776484 -1.20963000 0.24305346
v 0.37850462 -1.21070703 0.20020303
v 0.33690081 -1.20968040 0.19950935
v 0.38239041 -1.20958426 0.24033845
v 0.35098382 -1.20911174 0.23149661
v 0.32436008 -1.13847903 0.26051293
v 0.28498496 -1.14094320 0.21378583
v 0.28846297 -1.17549743 0.21228147
v 0.32706028 -1.17426685 0.25821964
v 0.25567636 -1.14258012 0.15163442
v 0.25983780 -1.17632089 0.15084650
v 0.26945193 -1.19659619 0.14931964
v 0.29569789 -1.19625491 0.20916872
v 0.33167933 -1.19574598 0.25321006
v 0.25567636 -1.14258012 0.15163442
v 0.23783731 -1.14347719 0.07858310
v 0.24242926 -1.17677253 0.07825478
v 0.25983780 -1.17632089 0.15084650
v 0.23231126 -1.14374931 -0.00004091
v 0.23705142 -1.17690920 -0.00007315
v 0.24858099 -1.19684011 -0.00016418
v 0.25349035 -1.19678360 0.07765015
v 0.26945193 -1.19659619 0.14931964
v 0.27630550 -1.20642342 0.07666358
v 0.28930253 -1.20636302 0.14686000
v 0.27235306 -1.20644185 -0.00035324
v 0.31206098 -1.20983939 -0.00066825
v 0.31454766 -1.20983461 0.07564292
v 0.32327599 -1.20981907 0.14475352
v 0.33167933 -1.19574598 0.25321006
v 0.29569789 -1.19625491 0.20916872
v 0.31048230 -1.20623224 0.20391201
v 0.34031316 -1.20600597 0.24368098
v 0.33690081 -1.20968040 0.19950935
v 0.35098382 -1.20911174 0.23149661
v 0.52800431 -1.12441504 0.25264241
v 0.47758314 -1.12762939 0.28366714
v 0.47787690 -1.16902521 0.28066998
v 0.52721225 -1.16751663 0.25024624
v 0.42422691 -1.13142228 0.29587867
v 0.42542711 -1.17081680 0.29268848
v 0.42590968 -1.19432876 0.28538068
v 0.47633410 -1.19360189 0.27425351
v 0.52327047 -1.19299149 0.24567053
v 0.42422691 -1.13142228 0.29587867
v 0.37189488 -1.13519208 0.28817691
v 0.37386065 -1.17264324 0.28526147
v 0.42542711 -1.17081680 0.29268848
v 0.32436008 -1.13847903 0.26051293
v 0.32706028 -1.17426685 0.25821964
v 0.37628168 -1.19507650 0.27860002
v 0.42590968 -1.19432876 0.28538068
v 0.38013145 -1.20585176 0.26497794
v 0.42658860 -1.20563083 0.27024344
v 0.38239041 -1.20958426 0.24033845
v 0.42776484 -1.20963000 0.24305346
v 0.52327047 -1.19299149 0.24567053
v 0.47633410 -1.19360189 0.27425351
v 0.47368368 -1.20537181 0.26110681
v 0.51545022 -1.20510136 0.23702876
v 0.47352844 -1.20943970 0.23694651
v 0.50578182 -1.20876735 0.22592295
v 0.33118398 -1.13847892 -0.26221154
v 0.38022814 -1.13519219 -0.29103267
v 0.38216084 -1.17264324 -0.28812600
v 0.33387888 -1.17426696 -0.25995540
v 0.43369348 -1.13142261 -0.30003909
v 0.43483468 -1.17081680 -0.29681860
v 0.43508940 -1.19432887 -0.28947174
v 0.38442765 -1.19507662 -0.28149338
v 0.33843374 -1.19574575 -0.25503842
v 0.48754957 -1.12762950 -0.28904503
v 0.48776977 -1.16902533 -0.28597120
v 0.53761264 -1.12441504 -0.25892320
v 0.53674838 -1.16751674 -0.25640747
v 0.53257433 -1.19299149 -0.25168214
v 0.48597427 -1.19360211 -0.27945410
v 0.48280891 -1.20537181 -0.26613457
v 0.43528367 -1.20563094 -0.27425900
v 0.52430687 -1.20510136 -0.24277617
v 0.38793518 -1.20585176 -0.26791097
v 0.34693300 -1.20600597 -0.24568315
v 0.23231126 -1.14374931 -0.00004091
v 0.23956666 -1.14347719 -0.07872436
v 0.24417359 -1.17677242 -0.07846058
v 0.23705142 -1.17690920 -0.00007315
v 0.25913228 -1.14258012 -0.15201271
v 0.26331570 -1.17632089 -0.15128709
v 0.24417359 -1.17677242 -0.07846058
v 0.26331570 -1.17632089 -0.15128709
v 0.27296940 -1.19659619 -0.14993194
v 0.25526638 -1.19678360 -0.07803764
v 0.24417359 -1.17677242 -0.07846058
v 0.24858099 -1.19684011 -0.00016418
v 0.29015375 -1.14094309 -0.21466191
v 0.29364643 -1.17549743 -0.21321176
v 0.33118398 -1.13847892 -0.26221154
v 0.33387888 -1.17426696 -0.25995540
v 0.33843374 -1.19574575 -0.25503842
v 0.30088722 -1.19625480 -0.21024084
v 0.29364643 -1.17549743 -0.21321176
v 0.30088722 -1.19625480 -0.21024084
v 0.27296940 -1.19659619 -0.14993194
v 0.30088722 -1.19625480 -0.21024084
v 0.31570321 -1.20623213 -0.20527501
v 0.29291465 -1.20636302 -0.14782886
v 0.33843374 -1.19574575 -0.25503842
v 0.34693300 -1.20600597 -0.24568315
v 0.35742123 -1.20911174 -0.23370970
v 0.34230444 -1.20968051 -0.20139201
v 0.32710220 -1.20981896 -0.14633110
v 0.24858099 -1.19684011 -0.00016418
v 0.25526638 -1.19678360 -0.07803764
v 0.27815142 -1.20642342 -0.07742834
v 0.27235306 -1.20644185 -0.00035324
v 0.27296940 -1.19659619 -0.14993194
v 0.29291465 -1.20636302 -0.14782886
v 0.27815142 -1.20642342 -0.07742834
v 0.29291465 -1.20636302 -0.14782886
v 0.32710220 -1.20981896 -0.14633110
v 0.31652496 -1.20983461 -0.07703803
v 0.27235306 -1.20644185 -0.00035324
v 0.31206098 -1.20983939 -0.00066825
v 0.18504921 -0.94291777 -0.00002752
v 0.19090697 -0.94167354 -0.08257653
v 0.21497785 -0.98698116 -0.08070976
v 0.20838149 -0.98796149 -0.00002860
v 0.20671619 -0.93765693 -0.16013070
v 0.23278038 -0.98379068 -0.15622689
v 0.24805943 -1.03884748 -0.15382729
v 0.22908839 -1.04118330 -0.07956229
v 0.22205906 -1.04189640 -0.00002927
v 0.20671619 -0.93765693 -0.16013070
v 0.23182293 -0.93037186 -0.22784632
v 0.26104164 -0.97797306 -0.22155368
v 0.23278038 -0.98379068 -0.15622689
v 0.26524218 -0.91903799 -0.28164946
v 0.29859643 -0.96893964 -0.27238662
v 0.31804249 -1.02802837 -0.26668883
v 0.27815652 -1.03458130 -0.21768520
v 0.24805943 -1.03884748 -0.15382729
v 0.28644821 -1.09174765 -0.21574836
v 0.25551021 -1.09456842 -0.15263345
v 0.32737754 -1.08746237 -0.26383311
v 0.28644821 -1.09174765 -0.21574836
v 0.32737754 -1.08746237 -0.26383311
v 0.33118398 -1.13847892 -0.26221154
v 0.29015375 -1.14094309 -0.21466191
v 0.29015375 -1.14094309 -0.21466191
v 0.25913228 -1.14258012 -0.15201271
v 0.22205906 -1.04189640 -0.00002927
v 0.22908839 -1.04118330 -0.07956229
v 0.23600085 -1.09611309 -0.07899514
v 0.22877138 -1.09658249 -0.00003099
v 0.23956666 -1.14347719 -0.07872436
v 0.30584444 -0.90253415 -0.31833184
v 0.34402995 -0.95595635 -0.30523077
v 0.35225405 -0.87865886 -0.33737834
v 0.39534617 -0.93787354 -0.31910297
v 0.41903270 -1.00719628 -0.30806919
v 0.36596487 -1.01889603 -0.29719293
v 0.40360198 -0.84437125 -0.33884771
v 0.45047278 -0.91451362 -0.31328006
v 0.46582060 -0.78879936 -0.31916653
v 0.50760057 -0.89227765 -0.28467557
v 0.52685607 -0.98208592 -0.26893121
v 0.47393939 -0.99372216 -0.29881724
v 0.48434777 -1.06745541 -0.29203330
v 0.42995616 -1.07474054 -0.30268649
v 0.53536636 -1.06122823 -0.26182715
v 0.31804249 -1.02802837 -0.26668883
v 0.36596487 -1.01889603 -0.29719293
v 0.37634951 -1.08165130 -0.29319249
v 0.41903270 -1.00719628 -0.30806919
v 0.42995616 -1.07474054 -0.30268649
v 0.43369348 -1.13142261 -0.30003909
v 0.38022814 -1.13519219 -0.29103267
v 0.45820641 -0.78879930 0.30736182
v 0.39554693 -0.84437125 0.33126434
v 0.44140753 -0.91451362 0.30659194
v 0.49885805 -0.89227770 0.27604614
v 0.34460933 -0.87865881 0.33250213
v 0.38674734 -0.93787343 0.31446667
v 0.40988295 -1.00719617 0.30370085
v 0.46429395 -0.99372227 0.29290475
v 0.51755089 -0.98208592 0.26175970
v 0.29913082 -0.90253415 0.31537955
v 0.33647605 -0.95595624 0.30229341
v 0.25975979 -0.91903793 0.28001125
v 0.29242488 -0.96893964 0.27071639
v 0.31146850 -1.02802826 0.26500705
v 0.35792327 -1.01889592 0.29429914
v 0.36807930 -1.08165119 0.29032782
v 0.42055164 -1.07474054 0.29846789
v 0.32061296 -1.08746248 0.26214664
v 0.51755089 -0.98208592 0.26175970
v 0.46429395 -0.99372227 0.29290475
v 0.47443841 -1.06745541 0.28651221
v 0.52580933 -1.06122834 0.25531125
v 0.46429395 -0.99372227 0.29290475
v 0.40988295 -1.00719617 0.30370085
v 0.42055164 -1.07474054 0.29846789
v 0.47443841 -1.06745541 0.28651221
v 0.42055164 -1.07474054 0.29846789
v 0.22767922 -0.93037181 0.22704299
v 0.25637571 -0.97797294 0.22072276
v 0.20394941 -0.93765693 0.15980044
v 0.22966479 -0.98379068 0.15588363
v 0.24473928 -1.03884748 0.15347604
v 0.27318462 -1.03458130 0.21683835
v 0.20394941 -0.93765693 0.15980044
v 0.18952359 -0.94167342 0.08246646
v 0.21342006 -0.98698104 0.08059534
v 0.22966479 -0.98379068 0.15588363
v 0.22742830 -1.04118330 0.07944522
v 0.24473928 -1.03884748 0.15347604
v 0.24473928 -1.03884748 0.15347604
v 0.22742830 -1.04118330 0.07944522
v 0.23429157 -1.09611298 0.07887396
v 0.25209189 -1.09456842 0.15227562
v 0.31146850 -1.02802826 0.26500705
v 0.27318462 -1.03458130 0.21683835
v 0.28133028 -1.09174765 0.21489173
v 0.32061296 -1.08746248 0.26214664
v 0.24473928 -1.03884748 0.15347604
v 0.25209189 -1.09456842 0.15227562
v 0.63783239 -0.78230866 -0.00691184
v 0.62708272 -0.78242812 0.07553184
v 0.62793087 -0.87874862 0.07435808
v 0.63800848 -0.87855306 -0.00504854
v 0.59641494 -0.78304507 0.15586977
v 0.60026381 -0.87970292 0.15076981
v 0.60421005 -0.97268779 0.14642139
v 0.62885507 -0.97160887 0.07324150
v 0.63826950 -0.97137794 -0.00399244
v 0.54387210 -0.78465003 0.23229222
v 0.55537100 -0.88257332 0.22059050
v 0.56573316 -0.97549135 0.21120949
v 0.60421005 -0.97268779 0.14642139
v 0.56573316 -0.97549135 0.21120949
v 0.57080735 -1.05727102 0.20651980
v 0.60620861 -1.05521032 0.14410476
v 0.57172559 -1.12226386 0.20460702
v 0.60594783 -1.12105337 0.14312121
v 0.62923717 -1.05433090 0.07260149
v 0.63827692 -1.05413628 -0.00349273
v 0.60620861 -1.05521032 0.14410476
v 0.60594783 -1.12105337 0.14312121
v 0.62829861 -1.12051257 0.07229657
v 0.46582060 -0.78879936 -0.31916653
v 0.55052090 -0.78464997 -0.24559090
v 0.56287466 -0.88257327 -0.23029276
v 0.50760057 -0.89227765 -0.28467557
v 0.55052090 -0.78464997 -0.24559090
v 0.60128965 -0.78304502 -0.16963376
v 0.60574346 -0.87970292 -0.16085868
v 0.56287466 -0.88257327 -0.23029276
v 0.61003827 -0.97268779 -0.15449161
v 0.57371771 -0.97549135 -0.21906183
v 0.57371771 -0.97549135 -0.21906183
v 0.52685607 -0.98208592 -0.26893121
v 0.60128965 -0.78304502 -0.16963376
v 0.62965451 -0.78242812 -0.08937977
v 0.63081680 -0.87874862 -0.08449308
v 0.60574346 -0.87970292 -0.16085868
v 0.63192376 -0.97160887 -0.08128376
v 0.61003827 -0.97268779 -0.15449161
v 0.63239079 -1.05433101 -0.07965678
v 0.61219677 -1.05521032 -0.15123597
v 0.57900863 -1.05727091 -0.21353472
v 0.53536636 -1.06122823 -0.26182715
v 0.61219677 -1.05521032 -0.15123597
v 0.57900863 -1.05727091 -0.21353472
v 0.61197450 -1.12105337 -0.14990714
v 0.57997359 -1.12226397 -0.21131860
v 0.57997359 -1.12226397 -0.21131860
v 0.53761264 -1.12441504 -0.25892320
v -0.32997228 0.45797946 -0.31510090
v -0.35026327 0.47950286 -0.28046953
v -0.28338899 0.52689139 -0.28638870
v -0.27786782 0.47950286 -0.32980822
v -0.37046163 0.50054683 -0.22690623
v -0.29437238 0.55882570 -0.23142422
v -0.20484112 0.59924424 -0.23731377
v -0.19951556 0.55882575 -0.29536421
v -0.19760644 0.50054689 -0.34446326
v -0.37046163 0.50054683 -0.22690623
v -0.38403685 0.51455692 -0.16303088
v -0.30293204 0.57821853 -0.16767594
v -0.29437238 0.55882570 -0.23142422
v -0.38893364 0.51958506 -0.09375642
v -0.30621062 0.58485689 -0.09890635
v -0.21144175 0.63132998 -0.10258360
v -0.20952074 0.62330982 -0.17211679
v -0.20484112 0.59924424 -0.23731377
v -0.10708485 0.65014876 -0.17528273
v -0.10508280 0.62330982 -0.24184635
v -0.10795699 0.65903063 -0.10477950
v 0.00000000 0.66819888 -0.10550730
v 0.00000000 0.65903063 -0.17647318
v 0.00000000 0.63133003 -0.24360044
v -0.19760644 0.50054689 -0.34446326
v -0.19951556 0.55882575 -0.29536421
v -0.10300167 0.57821864 -0.30209551
v -0.10240971 0.51455692 -0.35429845
v 0.00000000 0.58485689 -0.30463211
v -0.00000000 0.51958506 -0.35783960
v -0.38404406 0.51445112 -0.02368383
v -0.30293296 0.57820526 -0.02908314
v -0.37051964 0.49970083 0.04241220
v -0.29437964 0.55872006 0.03773873
v -0.20484112 0.59924418 0.03723428
v -0.20952074 0.62330976 -0.03177732
v -0.37051964 0.49970083 0.04241220
v -0.35045042 0.47677096 0.09930354
v -0.28342945 0.52630086 0.09775364
v -0.29437964 0.55872006 0.03773873
v -0.33032007 0.45290342 0.13732639
v -0.27805499 0.47677102 0.14864226
v -0.19766442 0.49970078 0.15996923
v -0.19952286 0.55872000 0.10167872
v -0.20484112 0.59924418 0.03723428
v -0.19952286 0.55872000 0.10167872
v -0.10300259 0.57820532 0.10533644
v -0.10508280 0.62330976 0.03795226
v -0.19766442 0.49970078 0.15996923
v -0.10241696 0.51445112 0.16758383
v 0.00000000 0.51958506 0.17032679
v 0.00000000 0.58485695 0.10681943
v 0.00000000 0.63132992 0.03843329
v -0.10708485 0.65014871 -0.03286621
v 0.00000000 0.65903058 -0.03308583
v -0.45382719 -0.38531217 0.31816559
v -0.35839564 -0.38629845 0.37969231
v -0.35166095 -0.26971601 0.36940940
v -0.44517796 -0.26222089 0.30909189
v -0.24815565 -0.38810818 0.42592966
v -0.24443710 -0.27706365 0.41400976
v -0.24121681 -0.19006434 0.40249133
v -0.34508599 -0.17463264 0.35937694
v -0.43710520 -0.12965573 0.29639202
v -0.12692026 -0.38884568 0.45476290
v -0.12539859 -0.27990932 0.44148975
v 0.00000000 -0.38888293 0.46467717
v 0.00000000 -0.28022906 0.45085498
v 0.00000000 -0.19546933 0.43795745
v -0.12413186 -0.19489998 0.42898224
v -0.20805519 0.36362926 0.24383078
v -0.29914444 0.34472204 0.21892976
v -0.30270510 0.31796284 0.23180414
v -0.21081307 0.33737405 0.25752404
v -0.29914444 0.34472204 0.21892976
v -0.38472983 0.30386557 0.19019961
v -0.37394750 0.27467071 0.21533759
v -0.30270510 0.31796284 0.23180414
v -0.30270510 0.31796284 0.23180414
v -0.37256355 0.27131925 0.21755371
v -0.30297253 0.31422554 0.23298392
v -0.21120706 0.33362332 0.25869862
v 0.00000000 -0.19546933 0.43795745
v 0.12431303 -0.19455783 0.42898220
v 0.12380911 -0.15905109 0.42345200
v 0.00000000 -0.16012926 0.43226819
v 0.12373712 -0.15397869 0.42188030
v 0.00000001 -0.15508067 0.43067392
v -0.43710520 -0.12965573 0.29639202
v -0.34508599 -0.17463264 0.35937694
v -0.34032323 -0.13566884 0.35652378
v -0.41055670 -0.08971149 0.31247100
v -0.24121681 -0.19006434 0.40249133
v -0.23984428 -0.15375544 0.39736730
v -0.23964820 -0.14856846 0.39585373
v -0.33940975 -0.13025601 0.35553655
v -0.40749153 -0.08511963 0.31351793
v -0.45084413 0.09755015 0.23074751
v -0.45737569 -0.01063879 0.25715624
v -0.43609584 -0.00484001 0.27880503
v -0.43246083 0.09722822 0.25155222
v -0.45737569 -0.01063879 0.25715624
v -0.43710520 -0.12965573 0.29639202
v -0.41055670 -0.08971149 0.31247100
v -0.43609584 -0.00484001 0.27880503
v -0.43609584 -0.00484001 0.27880503
v -0.43309719 -0.00367732 0.28096900
v -0.43246083 0.09722822 0.25155222
v -0.43609584 -0.00484001 0.27880503
v -0.43309719 -0.00367732 0.28096900
v -0.42983465 0.09718223 0.25374273
v -0.10683014 0.37337583 0.25951133
v -0.10431501 0.43714338 0.22177817
v -0.20202849 0.42564708 0.20967843
v 0.00000000 0.37637673 0.26470081
v 0.00000000 0.44099453 0.22589252
v 0.00000000 0.51958506 0.17032679
v -0.10241696 0.51445112 0.16758383
v -0.19766442 0.49970078 0.15996923
v -0.38472983 0.30386557 0.19019961
v -0.29914444 0.34472204 0.21892976
v -0.28697630 0.40795238 0.18975377
v -0.35423462 0.39483300 0.15969535
v -0.27805499 0.47677102 0.14864226
v 0.00000000 -0.85528951 -0.32151320
v 0.00000000 -0.87051991 -0.25506435
v -0.06877606 -0.87218198 -0.25230109
v -0.07858864 -0.85717490 -0.31749691
v 0.00000000 -0.88063324 -0.17703532
v -0.06134078 -0.88211296 -0.17531618
v -0.11863710 -0.88941846 -0.17101841
v -0.13302695 -0.88003039 -0.24538700
v -0.15207190 -0.86571870 -0.30740771
v 0.00000000 -0.88637343 -0.09066016
v -0.05664956 -0.88773385 -0.08983808
v 0.00000000 -0.88820021 -0.00002283
v -0.05491134 -0.88951839 -0.00002331
v -0.10620216 -0.89635925 -0.00002450
v -0.10956401 -0.89469463 -0.08778294
v -0.11863710 -0.88941846 -0.17101841
v -0.10956401 -0.89469463 -0.08778294
v -0.15521566 -0.91144688 -0.08512835
v -0.16806924 -0.90671834 -0.16546711
v -0.10620216 -0.89635925 -0.00002450
v -0.15045305 -0.91292593 -0.00002604
v -0.18504921 -0.94291766 -0.00002752
v -0.19090696 -0.94167354 -0.08257653
v -0.20671619 -0.93765693 -0.16013070
v -0.15207190 -0.86571870 -0.30740771
v -0.13302695 -0.88003039 -0.24538700
v -0.18847384 -0.89822223 -0.23644617
v -0.21558706 -0.88511886 -0.29429527
v -0.23182295 -0.93037181 -0.22784630
v -0.26524218 -0.91903788 -0.28164946
v -0.00000000 -0.88637337 0.09056885
v -0.05623906 -0.88773391 0.08974488
v -0.00000000 -0.88063330 0.17676135
v -0.06051977 -0.88211302 0.17503652
v -0.11704923 -0.88941852 0.17072441
v -0.10877006 -0.89469463 0.08768494
v -0.00000000 -0.87051980 0.25438993
v -0.06754654 -0.87218193 0.25161319
v -0.00000000 -0.85528951 0.32009025
v -0.07696256 -0.85717501 0.31604916
v -0.14892630 -0.86571881 0.30590062
v -0.13064891 -0.88003050 0.24466573
v -0.11704923 -0.88941852 0.17072441
v -0.13064891 -0.88003050 0.24466573
v -0.18510481 -0.89822234 0.23568250
v -0.16581974 -0.90671829 0.16515463
v -0.14892630 -0.86571881 0.30590062
v -0.21112965 -0.88511898 0.29271707
v -0.25975976 -0.91903793 0.28001123
v -0.22767922 -0.93037192 0.22704297
v -0.20394941 -0.93765693 0.15980045
v -0.10877006 -0.89469463 0.08768494
v -0.15409092 -0.91144688 0.08502419
v -0.18952361 -0.94167354 0.08246645
v -0.45756648 -0.39008961 -0.36988941
v -0.53421511 -0.39020824 -0.29548244
v -0.52828792 -0.27563808 -0.30255375
v -0.45186701 -0.27574777 -0.37580090
v -0.58967286 -0.39015523 -0.21118706
v -0.58395192 -0.27535761 -0.21888904
v -0.57516224 -0.15287068 -0.22430291
v -0.52000685 -0.15344256 -0.30605409
v -0.44450055 -0.15370251 -0.37721766
v -0.62301468 -0.39005103 -0.12019369
v -0.61766401 -0.27507073 -0.12809050
v -0.63394791 -0.38999524 -0.02583897
v -0.62887991 -0.27493933 -0.03368796
v -0.61991203 -0.15203888 -0.04247717
v -0.60867781 -0.15229884 -0.13524673
v -0.59448942 -0.02531952 -0.14152949
v -0.56182956 -0.02637101 -0.22747997
v -0.60545825 -0.02484353 -0.05184789
v -0.58378729 0.10202662 -0.06139259
v -0.57338196 0.10119547 -0.14691391
v -0.54233893 0.09933272 -0.22869154
v -0.50806736 -0.02742961 -0.30614602
v -0.43441039 -0.02791276 -0.37432911
v -0.49106364 0.09741289 -0.30324850
v -0.42048170 0.09652468 -0.36754553
v -0.46774226 0.21576051 -0.29790593
v -0.40189671 0.21411492 -0.35734754
v -0.51507967 0.21922792 -0.22833326
v -0.47859780 0.32861902 -0.22707751
v -0.43756222 0.32212194 -0.29090884
v -0.37908539 0.31890856 -0.34427543
v -0.54358262 0.22244058 -0.15144973
v -0.55310546 0.22383138 -0.07070258
v -0.51151492 0.33642172 -0.07941321
v -0.50324446 0.33416225 -0.15537762
v -0.45057052 0.43249286 -0.15904440
v -0.43124786 0.42328009 -0.22592410
v -0.45721927 0.43600023 -0.08718770
v -0.37908539 0.31890856 -0.34427543
v -0.43756222 0.32212194 -0.29090884
v -0.39965475 0.41124802 -0.28364516
v -0.35317484 0.40427168 -0.32905971
v -0.47859780 0.32861902 -0.22707751
v -0.43124786 0.42328009 -0.22592410
v -0.57331320 0.10123902 0.02426077
v -0.54359394 0.22215522 0.01026592
v -0.54185518 0.09968107 0.10633430
v -0.51517868 0.21694496 0.08766047
v -0.47882970 0.32523501 0.06949075
v -0.50327344 0.33373925 -0.00308957
v -0.54185518 0.09968107 0.10633430
v -0.49373472 0.09836842 0.17933525
v -0.47143562 0.20882097 0.15640693
v -0.51517868 0.21694496 0.08766047
v -0.45084413 0.09755015 0.23074751
v -0.43106303 0.20120922 0.20573678
v -0.43936186 0.31209970 0.13429874
v -0.47882970 0.32523501 0.06949075
v -0.40025832 0.40413989 0.11324975
v -0.43141446 0.42084782 0.05356696
v -0.45059133 0.43218880 -0.01477397
v -0.43141446 0.42084782 0.05356696
v -0.62233215 -0.38990173 0.06850624
v -0.61716500 -0.27464151 0.06072520
v -0.58800108 -0.38896092 0.15948093
v -0.58187220 -0.27192385 0.15154742
v -0.57283480 -0.14809328 0.13946704
v -0.60828758 -0.15170166 0.05032940
v -0.58800108 -0.38896092 0.15948093
v -0.53119785 -0.38677443 0.24376165
v -0.52324064 -0.26561293 0.23533785
v -0.58187220 -0.27192385 0.15154742
v -0.51447999 -0.13902810 0.22137071
v -0.57283480 -0.14809328 0.13946704
v -0.50707717 -0.01744877 0.20130488
v -0.56025910 -0.02304298 0.12402312
v -0.45737569 -0.01063879 0.25715624
v -0.59426105 -0.02490351 0.03790817
v -0.56025910 -0.02304298 0.12402312
v 0.00000000 0.10202662 -0.48678150
v -0.11735432 0.10119548 -0.47915755
v -0.11301614 0.22244058 -0.45871569
v 0.00000000 0.22383141 -0.46555568
v -0.22969480 0.09933272 -0.45645065
v -0.22084002 0.21922795 -0.43827272
v -0.21113921 0.32861902 -0.41432344
v -0.10844689 0.33416225 -0.43177858
v 0.00000000 0.33642174 -0.43764591
v -0.33215801 0.09741289 -0.41900429
v -0.31849863 0.21576052 -0.40438076
v -0.30267793 0.32212197 -0.38534364
v -0.21113921 0.32861902 -0.41432344
v -0.30267793 0.32212197 -0.38534364
v -0.28686019 0.41124805 -0.36138587
v -0.20227631 0.42328007 -0.38364879
v -0.27786782 0.47950286 -0.32980822
v -0.19760644 0.50054689 -0.34446326
v -0.10449988 0.43249284 -0.39732151
v 0.00000000 0.43600020 -0.40203272
v -0.20227631 0.42328007 -0.38364879
v -0.19760644 0.50054689 -0.34446326
v -0.10240971 0.51455692 -0.35429845
v -0.00000000 0.51958506 -0.35783960
v -0.00000001 -0.38888296 -0.51633379
v -0.12759910 -0.38899504 -0.50642995
v -0.12578246 -0.27493872 -0.50754026
v -0.00000000 -0.27480027 -0.51689156
v -0.24982208 -0.38930257 -0.47761902
v -0.24633812 -0.27525103 -0.48010509
v -0.24212006 -0.15287070 -0.47737390
v -0.12360435 -0.15229881 -0.50340202
v 0.00000000 -0.15203889 -0.51221769
v -0.36140921 -0.38973226 -0.43140364
v -0.35656589 -0.27557860 -0.43565202
v -0.35057957 -0.15344258 -0.43488996
v -0.34270418 -0.02742962 -0.42925160
v -0.23672740 -0.02637100 -0.46946518
v -0.12086584 -0.02531951 -0.49396966
v -0.00000000 -0.02484352 -0.50223077
v -0.00000000 -0.71699114 -0.46759016
v -0.12317392 -0.71891611 -0.45720124
v -0.12800327 -0.65611027 -0.47507017
v -0.00000000 -0.65485177 -0.48602972
v -0.24256083 -0.72731553 -0.42801830
v -0.25178076 -0.66151289 -0.44392330
v -0.25396076 -0.58245113 -0.45844291
v -0.12952634 -0.58011375 -0.48954579
v -0.00000000 -0.57953460 -0.50043435
v -0.24256083 -0.72731553 -0.42801830
v -0.35506783 -0.74666306 -0.38286859
v -0.36694285 -0.67251885 -0.39527644
v -0.25178076 -0.66151289 -0.44392330
v -0.46582060 -0.78879941 -0.31916653
v -0.46746250 -0.68455778 -0.33239740
v -0.46586982 -0.59098183 -0.34655463
v -0.36804682 -0.58681917 -0.40966838
v -0.25396076 -0.58245113 -0.45844291
v -0.36804682 -0.58681917 -0.40966838
v -0.36552569 -0.49305942 -0.42231841
v -0.25271047 -0.49176278 -0.47008100
v -0.46586982 -0.59098183 -0.34655463
v -0.46235787 -0.49430571 -0.35966273
v -0.12907429 -0.49101009 -0.50022375
v -0.00000001 -0.49079427 -0.51069095
v 0.00000000 -0.85528951 -0.32151320
v -0.07858864 -0.85717490 -0.31749691
v -0.09022797 -0.83608519 -0.36870475
v 0.00000000 -0.83397147 -0.37422273
v -0.15207190 -0.86571870 -0.30740771
v -0.17484354 -0.84538262 -0.35469192
v -0.19961406 -0.81707450 -0.38835721
v -0.10256617 -0.80723639 -0.40725419
v 0.00000000 -0.80496940 -0.41448341
v -0.15207190 -0.86571870 -0.30740771
v -0.21558706 -0.88511886 -0.29429527
v -0.24836643 -0.86620687 -0.33623368
v -0.17484354 -0.84538262 -0.35469192
v -0.26524218 -0.91903788 -0.28164946
v -0.30584444 -0.90253421 -0.31833184
v -0.35225405 -0.87865892 -0.33737830
v -0.28527190 -0.83916109 -0.36261294
v -0.19961406 -0.81707450 -0.38835721
v -0.32370838 -0.80098544 -0.37558073
v -0.22384563 -0.77856178 -0.41104891
v -0.40360207 -0.84437125 -0.33884771
v -0.11419645 -0.76878857 -0.43560366
v 0.00000000 -0.76654162 -0.44461319
v -0.22384563 -0.77856178 -0.41104891
v -0.53761255 -1.12441493 -0.25892320
v -0.53674829 -1.16751663 -0.25640747
v -0.57790096 -1.16648378 -0.20963629
v -0.57997364 -1.12226408 -0.21131854
v -0.53257438 -1.19299138 -0.25168214
v -0.57093361 -1.19256993 -0.20686127
v -0.59936554 -1.19232135 -0.14779153
v -0.60883831 -1.16588203 -0.14902203
v -0.61197445 -1.12105337 -0.14990714
v -0.52430687 -1.20510124 -0.24277619
v -0.55624155 -1.20503841 -0.20236051
v -0.52430687 -1.20510124 -0.24277619
v -0.51407534 -1.20876735 -0.23135070
v -0.52972767 -1.20935555 -0.19920073
v -0.55624155 -1.20503841 -0.20236051
v -0.54531833 -1.20946280 -0.14496612
v -0.57947242 -1.20498234 -0.14599184
v -0.57947242 -1.20498234 -0.14599184
v -0.59385583 -1.20494537 -0.07755330
v -0.61672235 -1.19220633 -0.07816170
v -0.55549453 -1.20945314 -0.07714621
v -0.59385583 -1.20494537 -0.07755330
v -0.59385583 -1.20494537 -0.07755330
v -0.55829272 -1.20945081 -0.00261459
v -0.59798822 -1.20493649 -0.00293067
v -0.62174126 -1.19217835 -0.00312137
v -0.62768639 -1.16560581 -0.07859840
v -0.63147411 -1.12051257 -0.07898612
v -0.61672235 -1.19220633 -0.07816170
v -0.62768639 -1.16560581 -0.07859840
v -0.61672235 -1.19220633 -0.07816170
v -0.62174126 -1.19217835 -0.00312137
v -0.63315195 -1.16553975 -0.00322116
v -0.63315195 -1.16553975 -0.00322116
v -0.63714666 -1.12038789 -0.00330720
v -0.55052099 -0.78464997 -0.24559090
v -0.54510672 -0.68810314 -0.25938918
v -0.60128965 -0.78304507 -0.16963376
v -0.59843327 -0.68797663 -0.17974751
v -0.59631311 -0.59308405 -0.19055481
v -0.54233841 -0.59280638 -0.27252245
v -0.62965446 -0.78242817 -0.08937977
v -0.62879095 -0.68773066 -0.09583586
v -0.63783244 -0.78230877 -0.00691184
v -0.63782323 -0.68768470 -0.00981166
v -0.63758128 -0.59308250 -0.01388290
v -0.62781805 -0.59308611 -0.10347233
v -0.59631311 -0.59308405 -0.19055481
v -0.62781805 -0.59308611 -0.10347233
v -0.62612001 -0.49513966 -0.11179792
v -0.59359519 -0.49511701 -0.20140338
v -0.63758128 -0.59308250 -0.01388290
v -0.63654032 -0.49512950 -0.01921859
v -0.54233841 -0.59280638 -0.27252245
v -0.53884388 -0.49493827 -0.28502780
v -0.62708277 -0.78242817 0.07553183
v -0.62667765 -0.68773060 0.07618593
v -0.59641503 -0.78304502 0.15586976
v -0.59444560 -0.68797658 0.16013393
v -0.59335052 -0.59308416 0.16272604
v -0.62623819 -0.59308611 0.07567471
v -0.54387210 -0.78464997 0.23229224
v -0.53973680 -0.68810314 0.24001152
v -0.45820641 -0.78879936 0.30736184
v -0.46156256 -0.68455784 0.31333114
v -0.46156294 -0.59098177 0.31883390
v -0.53839240 -0.59280644 0.24473248
v -0.59335052 -0.59308416 0.16272604
v -0.53839240 -0.59280644 0.24473248
v -0.53604438 -0.49450905 0.24649229
v -0.59155610 -0.49496774 0.16289521
v -0.46156294 -0.59098177 0.31883390
v -0.45925066 -0.49370852 0.32112989
v -0.45382719 -0.38531217 0.31816559
v -0.53119785 -0.38677443 0.24376165
v -0.62623819 -0.59308611 0.07567471
v -0.62505457 -0.49512101 0.07333544
v -0.62452488 -1.16560570 0.07207995
v -0.62829865 -1.12051257 0.07229656
v -0.62174126 -1.19217835 -0.00312137
v -0.61361678 -1.19220633 0.07184427
v -0.59348678 -1.19232135 0.14136872
v -0.60284349 -1.16588203 0.14240093
v -0.60594783 -1.12105337 0.14312120
v -0.62174126 -1.19217835 -0.00312137
v -0.59798822 -1.20493649 -0.00293067
v -0.59085905 -1.20494537 0.07161972
v -0.61361678 -1.19220633 0.07184427
v -0.59798822 -1.20493649 -0.00293067
v -0.55829272 -1.20945081 -0.00261459
v -0.55265445 -1.20945325 0.07184726
v -0.59085905 -1.20494537 0.07161972
v -0.53995305 -1.20946280 0.13954106
v -0.57381249 -1.20498256 0.13994530
v -0.54856179 -1.20503841 0.19631823
v -0.56292069 -1.19256982 0.20048063
v -0.52245501 -1.20935555 0.19371261
v -0.50578182 -1.20876735 0.22592293
v -0.51545017 -1.20510136 0.23702876
v -0.52327047 -1.19299149 0.24567053
v -0.56970768 -1.16648378 0.20307353
v -0.57172559 -1.12226397 0.20460702
v -0.52721225 -1.16751663 0.25024624
v -0.52800431 -1.12441493 0.25264241
v -0.25975976 -0.91903793 0.28001123
v -0.21112965 -0.88511898 0.29271707
v -0.24290811 -0.86620687 0.33333195
v -0.29913084 -0.90253415 0.31537957
v -0.14892630 -0.86571881 0.30590062
v -0.17099305 -0.84538262 0.35187931
v -0.19523067 -0.81707461 0.38346640
v -0.27905669 -0.83916120 0.35766713
v -0.34460933 -0.87865881 0.33250213
v -0.14892630 -0.86571881 0.30590062
v -0.07696256 -0.85717501 0.31604916
v -0.08823805 -0.83608519 0.36597721
v -0.17099305 -0.84538262 0.35187931
v -0.00000000 -0.85528951 0.32009025
v -0.00000000 -0.83397147 0.37153308
v -0.00000000 -0.80496940 0.40972888
v -0.10030127 -0.80723645 0.40245313
v -0.19523067 -0.81707461 0.38346640
v -0.11180847 -0.76878857 0.42762535
v -0.21922609 -0.77856184 0.40300911
v -0.00000000 -0.76654162 0.43668087
v -0.00000000 -0.71699114 0.45502468
v -0.12086969 -0.71891606 0.44459295
v -0.23811792 -0.72731547 0.41537196
v -0.31716137 -0.80098550 0.36759560
v -0.39554693 -0.84437119 0.33126436
v -0.21922609 -0.77856184 0.40300911
v -0.34881054 -0.74666301 0.37035366
v -0.36171026 -0.67251885 0.37621294
v -0.24797916 -0.66151283 0.42483500
v -0.25106901 -0.58245107 0.43082401
v -0.36414950 -0.58681912 0.38199786
v -0.12601433 -0.65611022 0.45603472
v 0.00000000 -0.65485177 0.46703704
v 0.00000000 -0.57953454 0.47292829
v -0.12799523 -0.58011375 0.46199950
v -0.12802359 -0.49099150 0.46184107
v -0.25069291 -0.49161351 0.43163876
v -0.00000000 -0.49079427 0.47233668
v -0.24815565 -0.38810818 0.42592966
v -0.36414950 -0.58681912 0.38199786
v -0.36274101 -0.49263020 0.38382015
v -0.35839564 -0.38629845 0.37969231
v -0.35742121 -1.20911174 -0.23370970
v -0.34230441 -1.20968051 -0.20139203
v -0.38439498 -1.21070715 -0.20290856
v -0.38950523 -1.20958437 -0.24324256
v -0.32710218 -1.20981907 -0.14633113
v -0.37714766 -1.21087091 -0.14650607
v -0.43619486 -1.21102112 -0.14680590
v -0.43596851 -1.21084715 -0.20418762
v -0.43558945 -1.20963011 -0.24694097
v -0.32710218 -1.20981907 -0.14633113
v -0.31652494 -1.20983461 -0.07703805
v -0.37156721 -1.21087268 -0.07718444
v -0.37714766 -1.21087091 -0.14650607
v -0.31206098 -1.20983928 -0.00066825
v -0.36881738 -1.21087335 -0.00111745
v -0.43517254 -1.21102112 -0.00164179
v -0.43600510 -1.21102101 -0.07740204
v -0.43619486 -1.21102112 -0.14680590
v -0.43600510 -1.21102101 -0.07740204
v -0.50044857 -1.21082505 -0.07724710
v -0.49525972 -1.21082627 -0.14577800
v -0.43517254 -1.21102112 -0.00164179
v -0.50153308 -1.21082472 -0.00216567
v -0.55829272 -1.20945081 -0.00261459
v -0.55549453 -1.20945314 -0.07714621
v -0.54531833 -1.20946280 -0.14496612
v -0.48758992 -1.21065441 -0.20171049
v -0.48178049 -1.20943993 -0.24177462
v -0.52972767 -1.20935555 -0.19920073
v -0.51407534 -1.20876735 -0.23135070
v -0.31454766 -1.20983461 0.07564293
v -0.36938594 -1.21087268 0.07488806
v -0.32327595 -1.20981907 0.14475353
v -0.37294951 -1.21087079 0.14404047
v -0.43156228 -1.21102123 0.14329874
v -0.43358653 -1.21102112 0.07405335
v -0.32327595 -1.20981907 0.14475353
v -0.33690083 -1.20968051 0.19950935
v -0.37850462 -1.21070715 0.20020305
v -0.37294951 -1.21087079 0.14404047
v -0.35098382 -1.20911174 0.23149661
v -0.38239041 -1.20958437 0.24033847
v -0.42776488 -1.20963011 0.24305348
v -0.42950642 -1.21084726 0.20048331
v -0.43156228 -1.21102123 0.14329874
v -0.48067574 -1.21065430 0.19702595
v -0.49023498 -1.21082627 0.14123599
v -0.47352844 -1.20943981 0.23694651
v -0.50578182 -1.20876735 0.22592293
v -0.52245501 -1.20935555 0.19371261
v -0.53995305 -1.20946280 0.13954106
v -0.43358653 -1.21102112 0.07405335
v -0.49780464 -1.21082505 0.07284809
v -0.55265445 -1.20945325 0.07184726
v -0.32436008 -1.13847914 0.26051295
v -0.32706023 -1.17426685 0.25821964
v -0.28846297 -1.17549754 0.21228145
v -0.28498498 -1.14094297 0.21378587
v -0.32706023 -1.17426685 0.25821964
v -0.33167933 -1.19574575 0.25321008
v -0.29569789 -1.19625480 0.20916872
v -0.28846297 -1.17549754 0.21228145
v -0.26945189 -1.19659608 0.14931964
v -0.25983778 -1.17632089 0.15084650
v -0.25983778 -1.17632089 0.15084650
v -0.25567634 -1.14258001 0.15163444
v -0.34031316 -1.20600597 0.24368100
v -0.31048228 -1.20623224 0.20391201
v -0.35098382 -1.20911174 0.23149661
v -0.33690083 -1.20968051 0.19950935
v -0.32327595 -1.20981907 0.14475353
v -0.28930253 -1.20636302 0.14686001
v -0.26945189 -1.19659608 0.14931964
v -0.28930253 -1.20636302 0.14686001
v -0.27630545 -1.20642353 0.07666358
v -0.25349032 -1.19678360 0.07765016
v -0.32327595 -1.20981907 0.14475353
v -0.31454766 -1.20983461 0.07564293
v -0.31206098 -1.20983928 -0.00066825
v -0.27235306 -1.20644185 -0.00035325
v -0.24858095 -1.19684022 -0.00016419
v -0.25567634 -1.14258001 0.15163444
v -0.24242924 -1.17677253 0.07825478
v -0.23783736 -1.14347719 0.07858310
v -0.25349032 -1.19678360 0.07765016
v -0.23705142 -1.17690920 -0.00007315
v -0.23231126 -1.14374920 -0.00004091
v -0.47787694 -1.16902521 0.28066996
v -0.47758324 -1.12762950 0.28366712
v -0.47633410 -1.19360189 0.27425351
v -0.42590973 -1.19432887 0.28538070
v -0.42542715 -1.17081691 0.29268848
v -0.47758324 -1.12762950 0.28366712
v -0.47787694 -1.16902521 0.28066996
v -0.42542715 -1.17081691 0.29268848
v -0.42422691 -1.13142261 0.29587869
v -0.47368373 -1.20537170 0.26110683
v -0.47352844 -1.20943981 0.23694651
v -0.42776488 -1.20963011 0.24305348
v -0.42658860 -1.20563094 0.27024344
v -0.42590973 -1.19432887 0.28538070
v -0.42658860 -1.20563094 0.27024344
v -0.38013145 -1.20585176 0.26497796
v -0.37628168 -1.19507650 0.27860002
v -0.42776488 -1.20963011 0.24305348
v -0.38239041 -1.20958437 0.24033847
v -0.42422691 -1.13142261 0.29587869
v -0.42542715 -1.17081691 0.29268848
v -0.37386065 -1.17264313 0.28526151
v -0.37189492 -1.13519208 0.28817691
v -0.32436008 -1.13847914 0.26051295
v -0.33118398 -1.13847903 -0.26221154
v -0.33387890 -1.17426696 -0.25995540
v -0.38216082 -1.17264324 -0.28812600
v -0.38022811 -1.13519219 -0.29103267
v -0.33843372 -1.19574575 -0.25503844
v -0.38442762 -1.19507650 -0.28149338
v -0.43508936 -1.19432898 -0.28947172
v -0.43483468 -1.17081669 -0.29681856
v -0.43369348 -1.13142250 -0.30003909
v -0.34693300 -1.20600609 -0.24568317
v -0.38793518 -1.20585176 -0.26791095
v -0.43528367 -1.20563072 -0.27425900
v -0.48280891 -1.20537170 -0.26613457
v -0.48597427 -1.19360189 -0.27945410
v -0.52430687 -1.20510124 -0.24277619
v -0.53257438 -1.19299138 -0.25168214
v -0.48776977 -1.16902521 -0.28597118
v -0.48754957 -1.12762950 -0.28904503
v -0.53674829 -1.16751663 -0.25640747
v -0.53761255 -1.12441493 -0.25892320
v -0.24417357 -1.17677253 -0.07846059
v -0.23956668 -1.14347730 -0.07872436
v -0.25526638 -1.19678349 -0.07803765
v -0.27296943 -1.19659608 -0.14993194
v -0.26331568 -1.17632089 -0.15128710
v -0.25913230 -1.14258012 -0.15201270
v -0.27815138 -1.20642342 -0.07742834
v -0.31652494 -1.20983461 -0.07703805
v -0.32710218 -1.20981907 -0.14633113
v -0.29291457 -1.20636302 -0.14782887
v -0.27296943 -1.19659608 -0.14993194
v -0.29291457 -1.20636302 -0.14782887
v -0.31570321 -1.20623213 -0.20527501
v -0.30088722 -1.19625468 -0.21024084
v -0.32710218 -1.20981907 -0.14633113
v -0.34230441 -1.20968051 -0.20139203
v -0.35742121 -1.20911174 -0.23370970
v -0.34693300 -1.20600609 -0.24568317
v -0.33843372 -1.19574575 -0.25503844
v -0.29364645 -1.17549743 -0.21321174
v -0.29015375 -1.14094309 -0.21466189
v -0.33387890 -1.17426696 -0.25995540
v -0.33118398 -1.13847903 -0.26221154
v -0.18504921 -0.94291766 -0.00002752
v -0.20838152 -0.98796138 -0.00002860
v -0.21497787 -0.98698116 -0.08070976
v -0.19090696 -0.94167354 -0.08257653
v -0.22205908 -1.04189640 -0.00002927
v -0.22908839 -1.04118330 -0.07956230
v -0.24805941 -1.03884737 -0.15382728
v -0.23278038 -0.98379079 -0.15622688
v -0.20671619 -0.93765693 -0.16013070
v -0.22877140 -1.09658249 -0.00003099
v -0.23600085 -1.09611320 -0.07899515
v -0.23231126 -1.14374920 -0.00004091
v -0.23956668 -1.14347730 -0.07872436
v -0.25913230 -1.14258012 -0.15201270
v -0.25551021 -1.09456853 -0.15263347
v -0.28644817 -1.09174765 -0.21574834
v -0.27815652 -1.03458119 -0.21768520
v -0.29015375 -1.14094309 -0.21466189
v -0.28644817 -1.09174765 -0.21574834
v -0.29015375 -1.14094309 -0.21466189
v -0.33118398 -1.13847903 -0.26221154
v -0.32737754 -1.08746237 -0.26383309
v -0.27815652 -1.03458119 -0.21768520
v -0.31804245 -1.02802826 -0.26668879
v -0.26104162 -0.97797306 -0.22155368
v -0.31804245 -1.02802826 -0.26668879
v -0.29859646 -0.96893975 -0.27238660
v -0.34402993 -0.95595624 -0.30523071
v -0.30584444 -0.90253421 -0.31833184
v -0.29859646 -0.96893975 -0.27238660
v -0.31804245 -1.02802826 -0.26668879
v -0.36596485 -1.01889592 -0.29719289
v -0.34402993 -0.95595624 -0.30523071
v -0.41903265 -1.00719628 -0.30806917
v -0.39534617 -0.93787354 -0.31910293
v -0.39534617 -0.93787354 -0.31910293
v -0.35225405 -0.87865892 -0.33737830
v -0.31804245 -1.02802826 -0.26668879
v -0.32737754 -1.08746237 -0.26383309
v -0.37634951 -1.08165130 -0.29319245
v -0.36596485 -1.01889592 -0.29719289
v -0.33118398 -1.13847903 -0.26221154
v -0.38022811 -1.13519219 -0.29103267
v -0.37634951 -1.08165130 -0.29319245
v -0.37634951 -1.08165130 -0.29319245
v -0.43369348 -1.13142250 -0.30003909
v -0.42995621 -1.07474054 -0.30268649
v -0.42995621 -1.07474054 -0.30268649
v -0.41903265 -1.00719628 -0.30806917
v -0.48434772 -1.06745541 -0.29203330
v -0.47393939 -0.99372216 -0.29881724
v -0.48754957 -1.12762950 -0.28904503
v -0.48434772 -1.06745541 -0.29203330
v -0.53761255 -1.12441493 -0.25892320
v -0.53536636 -1.06122823 -0.26182715
v -0.47393939 -0.99372216 -0.29881724
v -0.52685597 -0.98208592 -0.26893119
v -0.35225405 -0.87865892 -0.33737830
v -0.39534617 -0.93787354 -0.31910293
v -0.45047278 -0.91451373 -0.31328004
v -0.40360207 -0.84437125 -0.33884771
v -0.39534617 -0.93787354 -0.31910293
v -0.41903265 -1.00719628 -0.30806917
v -0.45047278 -0.91451373 -0.31328004
v -0.50760057 -0.89227770 -0.28467559
v -0.50760057 -0.89227770 -0.28467559
v -0.46582060 -0.78879941 -0.31916653
v -0.45820641 -0.78879936 0.30736184
v -0.49885810 -0.89227776 0.27604614
v -0.44140753 -0.91451362 0.30659196
v -0.39554693 -0.84437119 0.33126436
v -0.51755089 -0.98208603 0.26175972
v -0.46429395 -0.99372227 0.29290477
v -0.40988300 -1.00719628 0.30370089
v -0.38674736 -0.93787343 0.31446667
v -0.34460933 -0.87865881 0.33250213
v -0.52580928 -1.06122834 0.25531125
v -0.47443841 -1.06745530 0.28651223
v -0.42422691 -1.13142261 0.29587869
v -0.42055159 -1.07474054 0.29846789
v -0.36807933 -1.08165119 0.29032782
v -0.35792332 -1.01889570 0.29429916
v -0.42055159 -1.07474054 0.29846789
v -0.42422691 -1.13142261 0.29587869
v -0.37189492 -1.13519208 0.28817691
v -0.36807933 -1.08165119 0.29032782
v -0.32436008 -1.13847914 0.26051295
v -0.32061296 -1.08746237 0.26214666
v -0.32061296 -1.08746237 0.26214666
v -0.31146850 -1.02802826 0.26500707
v -0.33647605 -0.95595624 0.30229343
v -0.29913084 -0.90253415 0.31537957
v -0.29242486 -0.96893964 0.27071643
v -0.25975976 -0.91903793 0.28001123
v -0.25637571 -0.97797294 0.22072276
v -0.22767922 -0.93037192 0.22704297
v -0.27318460 -1.03458119 0.21683839
v -0.24473928 -1.03884748 0.15347606
v -0.22966476 -0.98379068 0.15588365
v -0.20394941 -0.93765693 0.15980045
v -0.28133028 -1.09174754 0.21489173
v -0.32436008 -1.13847914 0.26051295
v -0.28498498 -1.14094297 0.21378587
v -0.25567634 -1.14258001 0.15163444
v -0.25209189 -1.09456842 0.15227563
v -0.24473928 -1.03884748 0.15347606
v -0.25209189 -1.09456842 0.15227563
v -0.23429159 -1.09611309 0.07887397
v -0.22742832 -1.04118330 0.07944522
v -0.25209189 -1.09456842 0.15227563
v -0.25567634 -1.14258001 0.15163444
v -0.23783736 -1.14347719 0.07858310
v -0.23429159 -1.09611309 0.07887397
v -0.22877140 -1.09658249 -0.00003099
v -0.22205908 -1.04189640 -0.00002927
v -0.20394941 -0.93765693 0.15980045
v -0.22966476 -0.98379068 0.15588365
v -0.21342004 -0.98698104 0.08059534
v -0.18952361 -0.94167354 0.08246645
v -0.20838152 -0.98796138 -0.00002860
v -0.18504921 -0.94291766 -0.00002752
v -0.63783244 -0.78230877 -0.00691184
v -0.63800853 -0.87855306 -0.00504854
v -0.62793092 -0.87874868 0.07435809
v -0.62708277 -0.78242817 0.07553183
v -0.63826950 -0.97137805 -0.00399243
v -0.62885507 -0.97160887 0.07324150
v -0.60421001 -0.97268768 0.14642138
v -0.60026381 -0.87970304 0.15076983
v -0.59641503 -0.78304502 0.15586976
v -0.63827692 -1.05413617 -0.00349273
v -0.62923717 -1.05433101 0.07260148
v -0.62829865 -1.12051257 0.07229656
v -0.60594783 -1.12105337 0.14312120
v -0.60620861 -1.05521032 0.14410475
v -0.57080735 -1.05727091 0.20651980
v -0.56573316 -0.97549135 0.21120947
v -0.57172559 -1.12226397 0.20460702
v -0.57080735 -1.05727091 0.20651980
v -0.57172559 -1.12226397 0.20460702
v -0.52800431 -1.12441493 0.25264241
v -0.52580928 -1.06122834 0.25531125
v -0.56573316 -0.97549135 0.21120947
v -0.51755089 -0.98208603 0.26175972
v -0.59641503 -0.78304502 0.15586976
v -0.60026381 -0.87970304 0.15076983
v -0.55537104 -0.88257338 0.22059050
v -0.54387210 -0.78464997 0.23229224
v -0.55537104 -0.88257338 0.22059050
v -0.49885810 -0.89227776 0.27604614
v -0.54387210 -0.78464997 0.23229224
v -0.45820641 -0.78879936 0.30736184
v -0.46582060 -0.78879941 -0.31916653
v -0.50760057 -0.89227770 -0.28467559
v -0.56287471 -0.88257327 -0.23029274
v -0.55052099 -0.78464997 -0.24559090
v -0.52685597 -0.98208592 -0.26893119
v -0.57371761 -0.97549146 -0.21906183
v -0.56287471 -0.88257327 -0.23029274
v -0.57371761 -0.97549146 -0.21906183
v -0.61003823 -0.97268779 -0.15449161
v -0.60574341 -0.87970304 -0.16085869
v -0.55052099 -0.78464997 -0.24559090
v -0.60128965 -0.78304507 -0.16963376
v -0.53536636 -1.06122823 -0.26182715
v -0.57900863 -1.05727102 -0.21353466
v -0.53761255 -1.12441493 -0.25892320
v -0.57997364 -1.12226408 -0.21131854
v -0.57900863 -1.05727102 -0.21353466
v -0.57997364 -1.12226408 -0.21131854
v -0.61197445 -1.12105337 -0.14990714
v -0.61219677 -1.05521043 -0.15123597
v -0.61003823 -0.97268779 -0.15449161
v -0.61219677 -1.05521043 -0.15123597
v -0.63239074 -1.05433101 -0.07965676
v -0.63192385 -0.97160875 -0.08128376
v -0.60128965 -0.78304507 -0.16963376
v -0.60574341 -0.87970304 -0.16085869
v -0.63081685 -0.87874862 -0.08449309
v -0.62965446 -0.78242817 -0.08937977
v -0.43106303 0.20120922 0.20573678
v -0.41433422 0.19597668 0.22600454
v -0.43106303 0.20120922 0.20573678
v -0.41433422 0.19597668 0.22600454
v -0.43246083 0.09722822 0.25155222
v -0.41204060 0.19498909 0.22813782
v -0.41204060 0.19498909 0.22813782
v 0.00000000 0.37637673 0.26470081
v -0.10683014 0.37337583 0.25951133
v -0.10797549 0.34646480 0.27470528
v 0.00000000 0.34912523 0.28034352
v -0.10813912 0.34262043 0.27609429
v 0.00000000 0.34523217 0.28179658
v 0.30083593 0.34109169 0.21892971
v 0.30466956 0.31374664 0.23180411
v 0.30497245 0.30993330 0.23298396
v 0.44109216 0.00425280 0.27880507
v 0.43818393 0.00557891 0.28096902
v 0.00000000 -0.00231137 -0.44648801
v 0.13090336 -0.00323847 -0.43644789
v 0.12624582 0.12773136 -0.40741536
v 0.00000000 0.12921373 -0.41678428
v 0.25621401 -0.00531629 -0.40185917
v 0.24676825 0.12435555 -0.37654288
v 0.23896729 0.21791557 -0.39829826
v 0.12241956 0.22243700 -0.42316526
v 0.00000000 0.22440533 -0.43112714
v 0.36764245 -0.00755765 -0.35146100
v 0.35299741 0.11996387 -0.33436326
v 0.44611206 -0.00924752 -0.35576013
v 0.42593115 0.11518105 -0.34701944
v 0.40062794 0.18868256 -0.36979303
v 0.34009778 0.20934046 -0.36658786
v -0.00000001 -0.54989853 -0.48319985
v 0.14233090 -0.55002349 -0.47031719
v 0.14030454 -0.42279892 -0.47508839
v -0.00000000 -0.42264443 -0.48693497
v 0.27866503 -0.55036655 -0.42819931
v 0.27477886 -0.42314736 -0.43493376
v 0.27007375 -0.28663766 -0.43249153
v 0.13787498 -0.28599978 -0.47098173
v -0.00000000 -0.28570979 -0.48216624
v 0.13482028 -0.14436017 -0.45951040
v 0.00000000 -0.14382921 -0.47011318
v 0.26405857 -0.14553304 -0.42264844
v 0.25621401 -0.00531629 -0.40185917
v 0.13090336 -0.00323847 -0.43644789
v 0.00000000 -0.00231137 -0.44648801
v 0.38797407 -0.28730458 -0.37526666
v 0.37926749 -0.14676791 -0.36782906
v 0.47116906 -0.28779747 -0.37178193
v 0.46053888 -0.14768474 -0.36688552
v 0.44611206 -0.00924752 -0.35576013
v 0.36764245 -0.00755765 -0.35146100
v 0.40003183 -0.55084823 -0.36756791
v 0.39462128 -0.42352681 -0.37562973
v 0.48556605 -0.55126345 -0.36285214
v 0.47914468 -0.42381484 -0.37065889
v -0.00000000 -0.73709890 -0.49964047
v 0.14530817 -0.73738940 -0.48596060
v 0.14407985 -0.66058940 -0.46167153
v -0.00000001 -0.66039311 -0.47584057
v 0.28439360 -0.73836851 -0.44593330
v 0.28202590 -0.66122551 -0.41807666
v 0.27866503 -0.55036655 -0.42819931
v 0.14233090 -0.55002349 -0.47031719
v -0.00000001 -0.54989853 -0.48319985
v 0.40525070 -0.73683100 -0.39432865
v 0.40403655 -0.66165544 -0.35880096
v 0.47387875 -0.72289508 -0.38389486
v 0.48754784 -0.66076692 -0.35717169
v 0.48556605 -0.55126345 -0.36285214
v 0.40003183 -0.55084823 -0.36756791
v 0.00000000 -0.00231137 -0.44648801
v 0.00000000 0.12921373 -0.41678428
v -0.12624579 0.12773132 -0.40741532
v -0.13090336 -0.00323848 -0.43644793
v 0.00000000 0.22440533 -0.43112714
v -0.12241956 0.22243694 -0.42316526
v -0.23896724 0.21791549 -0.39829822
v -0.24676825 0.12435548 -0.37654288
v -0.25621399 -0.00531631 -0.40185917
v -0.35299741 0.11996383 -0.33436326
v -0.36764245 -0.00755766 -0.35146096
v -0.34009778 0.20934039 -0.36658786
v -0.40062789 0.18868253 -0.36979307
v -0.42593110 0.11518103 -0.34701948
v -0.44611206 -0.00924752 -0.35576017
v -0.00000001 -0.54989853 -0.48319985
v -0.00000000 -0.42264443 -0.48693497
v -0.14030456 -0.42279892 -0.47508839
v -0.14233092 -0.55002354 -0.47031723
v -0.00000000 -0.28570979 -0.48216624
v -0.13787500 -0.28599978 -0.47098177
v -0.27007375 -0.28663764 -0.43249149
v -0.27477890 -0.42314734 -0.43493372
v -0.27866503 -0.55036650 -0.42819927
v -0.39462128 -0.42352687 -0.37562969
v -0.40003188 -0.55084823 -0.36756795
v -0.38797407 -0.28730458 -0.37526666
v -0.47116906 -0.28779747 -0.37178189
v -0.47914473 -0.42381484 -0.37065885
v -0.48556605 -0.55126334 -0.36285210
v -0.26405857 -0.14553304 -0.42264844
v -0.37926751 -0.14676791 -0.36782906
v -0.25621399 -0.00531631 -0.40185917
v -0.36764245 -0.00755766 -0.35146096
v -0.44611206 -0.00924752 -0.35576017
v -0.46053883 -0.14768474 -0.36688548
v 0.00000000 -0.14382921 -0.47011318
v -0.13482030 -0.14436019 -0.45951040
v 0.00000000 -0.00231137 -0.44648801
v -0.13090336 -0.00323848 -0.43644793
v -0.28439360 -0.73836845 -0.44593326
v -0.28202592 -0.66122551 -0.41807670
v -0.40403651 -0.66165544 -0.35880096
v -0.40525065 -0.73683106 -0.39432861
v -0.27866503 -0.55036650 -0.42819927
v -0.40003188 -0.55084823 -0.36756795
v -0.48556605 -0.55126334 -0.36285210
v -0.48754779 -0.66076687 -0.35717169
v -0.47387870 -0.72289508 -0.38389490
v -0.00000000 -0.73709890 -0.49964047
v -0.00000001 -0.66039311 -0.47584057
v -0.14407989 -0.66058940 -0.46167153
v -0.14530817 -0.73738928 -0.48596064
v -0.00000001 -0.54989853 -0.48319985
v -0.14233092 -0.55002354 -0.47031723
v -0.00000000 -0.00231137 -0.69922806
v -0.00000000 0.12921373 -0.68620472
v 0.12624582 0.12773136 -0.68385192
v 0.13090336 -0.00323847 -0.69678813
v 0.00000000 0.22440534 -0.63365903
v 0.12241956 0.22243698 -0.63047088
v 0.23896726 0.21791557 -0.62088362
v 0.24676825 0.12435555 -0.67680945
v 0.25621399 -0.00531629 -0.68952134
v 0.35299743 0.11996388 -0.65791501
v 0.36764245 -0.00755765 -0.67011670
v 0.34009780 0.20934048 -0.60077259
v 0.40062789 0.18868256 -0.56251600
v 0.42593110 0.11518105 -0.59115644
v 0.44611206 -0.00924752 -0.60170268
v -0.00000001 -0.54989848 -0.70868554
v -0.00000000 -0.42264446 -0.70886408
v 0.14030454 -0.42279895 -0.70587130
v 0.14233090 -0.55002354 -0.70551612
v -0.00000000 -0.28570979 -0.70736821
v 0.13787498 -0.28599978 -0.70454699
v 0.27007373 -0.28663764 -0.69621727
v 0.27477888 -0.42314736 -0.69709142
v 0.27866503 -0.55036650 -0.69629575
v 0.00000000 -0.14382919 -0.70417220
v 0.13482028 -0.14436017 -0.70152834
v -0.00000000 -0.00231137 -0.69922806
v 0.13090336 -0.00323847 -0.69678813
v 0.25621399 -0.00531629 -0.68952134
v 0.26405857 -0.14553304 -0.69368632
v 0.37926751 -0.14676791 -0.67362257
v 0.38797407 -0.28730458 -0.67554180
v 0.36764245 -0.00755765 -0.67011670
v 0.44611206 -0.00924752 -0.60170268
v 0.46053883 -0.14768474 -0.60568582
v 0.47116906 -0.28779747 -0.60752886
v 0.39462128 -0.42352687 -0.67577565
v 0.40003188 -0.55084823 -0.67427382
v 0.47914473 -0.42381486 -0.60699419
v 0.48556605 -0.55126334 -0.60396446
v -0.00000000 -0.73709885 -0.66305618
v -0.00000001 -0.66039311 -0.70181210
v 0.14407987 -0.66058940 -0.69819132
v 0.14530817 -0.73738928 -0.65740438
v -0.00000001 -0.54989848 -0.70868554
v 0.14233090 -0.55002354 -0.70551612
v 0.27866503 -0.55036650 -0.69629575
v 0.28202590 -0.66122551 -0.68777352
v 0.28439360 -0.73836845 -0.64127934
v 0.40403655 -0.66165544 -0.66439050
v 0.40525070 -0.73683100 -0.61257017
v 0.40003188 -0.55084823 -0.67427382
v 0.48556605 -0.55126334 -0.60396446
v 0.48754784 -0.66076687 -0.59434519
v 0.47387880 -0.72289508 -0.56861654
v -0.00000000 -0.00231137 -0.69922806
v -0.13090336 -0.00323848 -0.69678813
v -0.12624581 0.12773132 -0.68385192
v -0.00000000 0.12921373 -0.68620472
v -0.25621401 -0.00531631 -0.68952134
v -0.24676825 0.12435548 -0.67680945
v -0.23896724 0.21791549 -0.62088370
v -0.12241955 0.22243691 -0.63047088
v 0.00000000 0.22440534 -0.63365903
v -0.36764245 -0.00755766 -0.67011670
v -0.35299741 0.11996384 -0.65791505
v -0.44611206 -0.00924752 -0.60170264
v -0.42593115 0.11518103 -0.59115640
v -0.40062794 0.18868253 -0.56251600
v -0.34009778 0.20934039 -0.60077259
v -0.00000001 -0.54989848 -0.70868554
v -0.14233091 -0.55002349 -0.70551604
v -0.14030455 -0.42279892 -0.70587138
v -0.00000000 -0.42264446 -0.70886408
v -0.27866505 -0.55036655 -0.69629575
v -0.27477890 -0.42314734 -0.69709142
v -0.27007375 -0.28663764 -0.69621735
v -0.13787498 -0.28599975 -0.70454699
v -0.00000000 -0.28570979 -0.70736821
v -0.40003188 -0.55084823 -0.67427374
v -0.39462128 -0.42352681 -0.67577557
v -0.48556605 -0.55126345 -0.60396446
v -0.47914468 -0.42381484 -0.60699411
v -0.47116906 -0.28779747 -0.60752882
v -0.38797407 -0.28730458 -0.67554180
v -0.37926749 -0.14676792 -0.67362257
v -0.26405857 -0.14553305 -0.69368624
v -0.46053883 -0.14768474 -0.60568578
v -0.44611206 -0.00924752 -0.60170264
v -0.36764245 -0.00755766 -0.67011670
v -0.25621401 -0.00531631 -0.68952134
v -0.13482030 -0.14436019 -0.70152834
v 0.00000000 -0.14382919 -0.70417220
v -0.13090336 -0.00323848 -0.69678813
v -0.00000000 -0.00231137 -0.69922806
v -0.28439360 -0.73836851 -0.64127938
v -0.40525065 -0.73683100 -0.61257013
v -0.40403651 -0.66165544 -0.66439058
v -0.28202592 -0.66122551 -0.68777360
v -0.47387875 -0.72289508 -0.56861654
v -0.48754779 -0.66076692 -0.59434519
v -0.48556605 -0.55126345 -0.60396446
v -0.40003188 -0.55084823 -0.67427374
v -0.27866505 -0.55036655 -0.69629575
v -0.00000000 -0.73709885 -0.66305618
v -0.14530817 -0.73738940 -0.65740434
v -0.14407988 -0.66058940 -0.69819140
v -0.00000001 -0.66039311 -0.70181210
v 0.40062794 0.18868256 -0.36979303
v 0.42593115 0.11518105 -0.34701944
v 0.45078720 0.11560465 -0.45893716
v 0.40946533 0.20216475 -0.46037035
v 0.44611206 -0.00924752 -0.35576013
v 0.47347823 -0.00984676 -0.46688761
v 0.44611206 -0.00924752 -0.60170268
v 0.42593110 0.11518105 -0.59115644
v 0.40062789 0.18868256 -0.56251600
v -0.34009778 0.20934039 -0.36658786
v -0.33711967 0.24034063 -0.47853316
v -0.40946533 0.20216471 -0.46037035
v -0.23896724 0.21791549 -0.39829822
v -0.23614463 0.25074352 -0.50330453
v -0.23896724 0.21791549 -0.62088370
v -0.34009778 0.20934039 -0.60077259
v -0.40062794 0.18868253 -0.56251600
v -0.14573624 -0.76407890 -0.56857266
v -0.00000000 -0.76375172 -0.57852153
v -0.28439360 -0.73836845 -0.44593326
v -0.28521936 -0.76518991 -0.54011195
v -0.28439360 -0.73836851 -0.64127938
v -0.14530817 -0.73738940 -0.65740434
v -0.00000000 -0.76375172 -0.57852153
v -0.14573624 -0.76407890 -0.56857266
v -0.14530817 -0.73738940 -0.65740434
v -0.00000000 -0.73709885 -0.66305618
v 0.44611206 -0.00924752 -0.35576013
v 0.46053888 -0.14768474 -0.36688552
v 0.48889444 -0.14800869 -0.47355811
v 0.47347823 -0.00984676 -0.46688761
v 0.47116906 -0.28779747 -0.37178193
v 0.50019817 -0.28797147 -0.47644964
v 0.47116906 -0.28779747 -0.60752886
v 0.46053883 -0.14768474 -0.60568582
v 0.44611206 -0.00924752 -0.60170268
v -0.12241956 0.22243694 -0.42316526
v -0.12103666 0.25568503 -0.51989783
v 0.00000000 0.22440533 -0.43112714
v 0.00000000 0.25783130 -0.52537153
v -0.12103666 0.25568503 -0.51989783
v 0.00000000 0.25783130 -0.52537153
v 0.00000000 0.22440534 -0.63365903
v -0.12241955 0.22243691 -0.63047088
v -0.12241955 0.22243691 -0.63047088
v 0.47914468 -0.42381484 -0.37065889
v 0.50863350 -0.42391712 -0.47521265
v 0.48556605 -0.55126345 -0.36285214
v 0.51540189 -0.55141500 -0.46957949
v 0.48556605 -0.55126334 -0.60396446
v 0.47914473 -0.42381486 -0.60699419
v -0.51652806 -0.66226685 -0.46245054
v -0.48774220 -0.73503676 -0.46887222
v -0.51540184 -0.55141494 -0.46957949
v -0.48556605 -0.55126345 -0.60396446
v -0.48754779 -0.66076692 -0.59434519
v -0.47387875 -0.72289508 -0.56861654
v 0.28439360 -0.73836851 -0.44593330
v 0.14530817 -0.73738940 -0.48596060
v 0.14573624 -0.76407896 -0.56857266
v 0.28521939 -0.76518986 -0.54011199
v 0.14530817 -0.73738940 -0.48596060
v -0.00000000 -0.73709890 -0.49964047
v -0.00000000 -0.76375172 -0.57852153
v 0.14573624 -0.76407896 -0.56857266
v -0.00000000 -0.76375172 -0.57852153
v -0.00000000 -0.73709885 -0.66305618
v 0.14530817 -0.73738928 -0.65740438
v 0.28439360 -0.73836845 -0.64127934
v 0.00000000 0.22440533 -0.43112714
v 0.12241956 0.22243700 -0.42316526
v 0.12103667 0.25568508 -0.51989779
v 0.00000000 0.25783130 -0.52537153
v 0.12241956 0.22243700 -0.42316526
v 0.23896729 0.21791557 -0.39829826
v 0.23614465 0.25074363 -0.50330449
v 0.12103667 0.25568508 -0.51989779
v 0.23896726 0.21791557 -0.62088362
v 0.12241956 0.22243698 -0.63047088
v 0.00000000 0.25783130 -0.52537153
v 0.00000000 0.22440534 -0.63365903
v -0.45078711 0.11560466 -0.45893716
v -0.47347818 -0.00984676 -0.46688761
v -0.42593115 0.11518103 -0.59115640
v -0.44611206 -0.00924752 -0.60170264
v 0.34009778 0.20934046 -0.36658786
v 0.33711974 0.24034074 -0.47853312
v 0.34009780 0.20934048 -0.60077259
v -0.48889444 -0.14800871 -0.47355811
v -0.50019813 -0.28797144 -0.47644960
v -0.47347818 -0.00984676 -0.46688761
v -0.44611206 -0.00924752 -0.60170264
v -0.46053883 -0.14768474 -0.60568578
v -0.47116906 -0.28779747 -0.60752882
v 0.47387875 -0.72289508 -0.38389486
v 0.40525070 -0.73683100 -0.39432865
v 0.40766401 -0.76280935 -0.49952818
v 0.48774225 -0.73503670 -0.46887226
v 0.40525070 -0.73683100 -0.61257017
v 0.47387880 -0.72289508 -0.56861654
v -0.40525065 -0.73683106 -0.39432861
v -0.40766396 -0.76280941 -0.49952822
v -0.40525065 -0.73683100 -0.61257013
v 0.48556605 -0.55126345 -0.36285214
v 0.48754784 -0.66076692 -0.35717169
v 0.51652810 -0.66226702 -0.46245054
v 0.48754784 -0.66076687 -0.59434519
v -0.50863350 -0.42391712 -0.47521261
v -0.51540184 -0.55141494 -0.46957949
v -0.47914468 -0.42381484 -0.60699411
v -0.48556605 -0.55126345 -0.60396446
vt 0.67715573 0.55215561
vt 0.69404680 0.53779650
vt 0.68507439 0.49411416
vt 0.65919244 0.49737930
vt 0.71310788 0.52560747
vt 0.70810461 0.48700321
vt 0.70396632 0.44891840
vt 0.67839408 0.45256221
vt 0.65107852 0.45392990
vt 0.71310782 0.52560747
vt 0.73375130 0.51500094
vt 0.73119622 0.47973037
vt 0.70810473 0.48700321
vt 0.75520867 0.50520813
vt 0.75454623 0.47265613
vt 0.75397646 0.44010401
vt 0.72904056 0.44460714
vt 0.70396632 0.44891840
vt 0.72763604 0.40972984
vt 0.70141023 0.41169941
vt 0.75358623 0.40755183
vt 0.75344241 0.37499970
vt 0.72714293 0.37499982
vt 0.70056283 0.37499988
vt 0.65107852 0.45392990
vt 0.67839414 0.45256215
vt 0.67460501 0.41319710
vt 0.64680636 0.41373861
vt 0.67343044 0.37499988
vt 0.64551055 0.37499988
vt 0.67460519 0.33680266
vt 0.64680630 0.33626115
vt 0.70141023 0.33830029
vt 0.70396644 0.30108130
vt 0.67839414 0.29743755
vt 0.65107852 0.29606986
vt 0.72763610 0.34026980
vt 0.75358623 0.34244758
vt 0.75397635 0.30989552
vt 0.72904056 0.30539238
vt 0.73119617 0.27026927
vt 0.70810473 0.26299644
vt 0.75454628 0.27734351
vt 0.75520867 0.24479133
vt 0.73375136 0.23499870
vt 0.71310794 0.22439218
vt 0.65107858 0.29606998
vt 0.67839414 0.29743761
vt 0.68507445 0.25588548
vt 0.65919250 0.25262046
vt 0.70396638 0.30108136
vt 0.70810473 0.26299649
vt 0.71310788 0.22439218
vt 0.69404685 0.21220326
vt 0.67715579 0.19784427
vt 0.44878617 0.24896753
vt 0.46629047 0.24871451
vt 0.46559832 0.21754307
vt 0.44881523 0.21773136
vt 0.48614016 0.24787956
vt 0.47925964 0.21699417
vt 0.47822607 0.18624413
vt 0.46531570 0.18647599
vt 0.44884932 0.18661928
vt 0.47822604 0.18624407
vt 0.47925964 0.21699411
vt 0.48490399 0.21596158
vt 0.48361504 0.18613631
vt 0.49217641 0.23818016
vt 0.49287975 0.23705041
vt 0.48569381 0.21572030
vt 0.48438489 0.18612081
vt 0.48438495 0.18612081
vt 0.48324761 0.15654051
vt 0.48388931 0.15760493
vt 0.48438489 0.18612087
vt 0.47767174 0.13476050
vt 0.48319194 0.14412963
vt 0.48383209 0.14497936
vt 0.48401764 0.15781784
vt 0.48438489 0.18612087
vt 0.46514094 0.15571439
vt 0.44888297 0.15559888
vt 0.47791225 0.15662140
vt 0.47767174 0.13476050
vt 0.46495327 0.12586105
vt 0.44891593 0.12462598
vt 0.53475475 0.25333273
vt 0.56274778 0.24778742
vt 0.56201291 0.23813665
vt 0.53490955 0.24382353
vt 0.59368980 0.23202050
vt 0.58315760 0.22533518
vt 0.58192569 0.22457224
vt 0.56179893 0.23682708
vt 0.53493166 0.24246508
vt 0.63033748 0.22078311
vt 0.62707436 0.19249403
vt 0.60056543 0.20025438
vt 0.66279680 0.18095326
vt 0.65060788 0.16189218
vt 0.61979944 0.16842610
vt 0.59702802 0.17325574
vt 0.61223257 0.14486736
vt 0.59185255 0.14832413
vt 0.64000136 0.14124864
vt 0.63020855 0.11979139
vt 0.60499787 0.12189788
vt 0.58763885 0.13035011
vt 0.59702802 0.17325574
vt 0.59185255 0.14832407
vt 0.58356059 0.15028733
vt 0.58765149 0.17524427
vt 0.58763885 0.13035011
vt 0.58122993 0.13872272
vt 0.58042830 0.13951010
vt 0.58238578 0.15062022
vt 0.58631200 0.17552835
vt 0.24479175 0.50520813
vt 0.26692715 0.51432276
vt 0.26681235 0.47941470
vt 0.24490707 0.47265613
vt 0.28906256 0.52343732
vt 0.28807375 0.48605716
vt 0.28736117 0.44882476
vt 0.26674965 0.44454873
vt 0.24500631 0.44010401
vt 0.28906259 0.52343732
vt 0.31119797 0.53255194
vt 0.30772927 0.49233490
vt 0.28807375 0.48605716
vt 0.33333337 0.54166663
vt 0.32301471 0.49685490
vt 0.31961992 0.45576125
vt 0.30557883 0.45270884
vt 0.28736120 0.44882476
vt 0.30557886 0.45270890
vt 0.30474836 0.41370761
vt 0.28709882 0.41183591
vt 0.31961989 0.45576119
vt 0.31849709 0.41533875
vt 0.31830242 0.37537670
vt 0.30458501 0.37503242
vt 0.28705224 0.37497938
vt 0.26676464 0.40975136
vt 0.24507424 0.40755183
vt 0.26677775 0.37498593
vt 0.24509929 0.37499970
vt 0.26670781 0.34019244
vt 0.24507424 0.34244758
vt 0.28696030 0.33805728
vt 0.28686374 0.30073148
vt 0.26657444 0.30528241
vt 0.24500631 0.30989552
vt 0.30451459 0.33625501
vt 0.31830981 0.33537030
vt 0.31873664 0.29469156
vt 0.30462614 0.29663348
vt 0.28686371 0.30073166
vt 0.30462611 0.29663354
vt 0.30512369 0.25535977
vt 0.28685015 0.26275599
vt 0.31873667 0.29469174
vt 0.32009101 0.25212568
vt 0.32284436 0.19784421
vt 0.30595350 0.21220326
vt 0.28689244 0.22439218
vt 0.26641640 0.27019364
vt 0.24490705 0.27734351
vt 0.28685015 0.26275599
vt 0.28689244 0.22439206
vt 0.26624897 0.23499864
vt 0.24479175 0.24479133
vt 0.44868773 0.50107056
vt 0.46648818 0.50131458
vt 0.46648601 0.46991843
vt 0.44868654 0.46968544
vt 0.48655346 0.50220472
vt 0.48657656 0.47072029
vt 0.48648015 0.43897378
vt 0.46643847 0.43836999
vt 0.44870389 0.43818110
vt 0.50912309 0.50392997
vt 0.50915158 0.47226733
vt 0.53435785 0.50677824
vt 0.53432763 0.47479302
vt 0.53385705 0.44197518
vt 0.50894141 0.44012827
vt 0.50868791 0.40765047
vt 0.48635840 0.40703595
vt 0.53334570 0.40862024
vt 0.53310961 0.37499988
vt 0.50856584 0.37499988
vt 0.48629874 0.37499994
vt 0.46638194 0.40671277
vt 0.44870812 0.40660733
vt 0.46635503 0.37500006
vt 0.44871020 0.37500203
vt 0.56248808 0.51119757
vt 0.56222403 0.47860777
vt 0.59410059 0.51817679
vt 0.59304661 0.48427188
vt 0.59053558 0.44806814
vt 0.56117028 0.44462609
vt 0.59410053 0.51817673
vt 0.63018328 0.52920926
vt 0.62653023 0.49181354
vt 0.59304655 0.48427194
vt 0.62120092 0.45185441
vt 0.59053552 0.44806808
vt 0.62120104 0.45185435
vt 0.61783952 0.41300017
vt 0.58860171 0.41152078
vt 0.61676282 0.37499982
vt 0.58789068 0.37499988
vt 0.56017911 0.40996289
vt 0.55975586 0.37499988
vt 0.56017911 0.34003687
vt 0.53334570 0.34137958
vt 0.58860171 0.33847898
vt 0.59053552 0.30193162
vt 0.56117028 0.30537355
vt 0.53385705 0.30802464
vt 0.61783957 0.33699960
vt 0.62120092 0.29814535
vt 0.62651843 0.25819272
vt 0.59301323 0.26595944
vt 0.53385699 0.30802464
vt 0.56117022 0.30537355
vt 0.56227517 0.27243298
vt 0.53437722 0.27647060
vt 0.46638414 0.34328789
vt 0.44872591 0.34339988
vt 0.48635843 0.34296381
vt 0.48648018 0.31102598
vt 0.46644396 0.31163180
vt 0.44874761 0.31183565
vt 0.50868803 0.34234929
vt 0.50894147 0.30987161
vt 0.48648018 0.31102598
vt 0.50894147 0.30987155
vt 0.50916505 0.27880186
vt 0.48653480 0.27950394
vt 0.50941491 0.25525713
vt 0.44874766 0.31183571
vt 0.46644399 0.31163192
vt 0.46648443 0.28008783
vt 0.44876584 0.28034526
vt 0.52832377 0.62657320
vt 0.55243397 0.62730336
vt 0.55581206 0.59935874
vt 0.53039861 0.59733987
vt 0.57770014 0.62818277
vt 0.58283722 0.60200119
vt 0.58775765 0.57552236
vt 0.55887580 0.57102257
vt 0.53224277 0.56781942
vt 0.60375541 0.62916839
vt 0.61109710 0.60521895
vt 0.63020849 0.63020825
vt 0.64000124 0.60875100
vt 0.65060782 0.58810753
vt 0.61864060 0.58142078
vt 0.58775759 0.57552242
vt 0.61864060 0.58142078
vt 0.62608725 0.55735385
vt 0.59199691 0.54816085
vt 0.65060782 0.58810747
vt 0.66279674 0.56904650
vt 0.56127131 0.54185188
vt 0.53363085 0.53772599
vt 0.59199697 0.54816091
vt 0.44891593 0.62537360
vt 0.46584618 0.62543988
vt 0.46607566 0.59454536
vt 0.44886526 0.59440762
vt 0.48481509 0.62565088
vt 0.48541453 0.59502423
vt 0.48594359 0.56429929
vt 0.46627498 0.56359369
vt 0.44880554 0.56339741
vt 0.50570524 0.62602389
vt 0.50688446 0.59592342
vt 0.50792634 0.56564748
vt 0.50870299 0.53502834
vt 0.48633745 0.53338307
vt 0.46641695 0.53253102
vt 0.44873595 0.53229916
vt 0.40018910 0.62657320
vt 0.40995386 0.62602389
vt 0.40831146 0.59606630
vt 0.39750946 0.59756809
vt 0.42115766 0.62565088
vt 0.42029536 0.59508759
vt 0.41929892 0.56448567
vt 0.40626884 0.56610680
vt 0.39425647 0.56859493
vt 0.43407172 0.62543988
vt 0.43370375 0.59456527
vt 0.43332037 0.56364381
vt 0.43294492 0.53261948
vt 0.41820616 0.53375483
vt 0.43275532 0.50140011
vt 0.41774309 0.50259793
vt 0.39425647 0.56859493
vt 0.40626886 0.56610680
vt 0.40372297 0.53582239
vt 0.38984871 0.53878331
vt 0.41929886 0.56448567
vt 0.41820616 0.53375477
vt 0.41774315 0.50259793
vt 0.40233383 0.50428003
vt 0.38224810 0.50037193
vt 0.36979178 0.63020825
vt 0.37666845 0.62916839
vt 0.36947182 0.60502261
vt 0.36067718 0.60807288
vt 0.38383433 0.62818277
vt 0.37840462 0.60215068
vt 0.37277871 0.57613307
vt 0.36221921 0.58088094
vt 0.35156262 0.58593738
vt 0.39157841 0.62730336
vt 0.38764778 0.59962440
vt 0.38327396 0.57197702
vt 0.37277871 0.57613307
vt 0.38327396 0.57197702
vt 0.37809855 0.54416549
vt 0.36682573 0.55013967
vt 0.37222838 0.51551771
vt 0.36067650 0.52416074
vt 0.35156262 0.58593738
vt 0.36221918 0.58088100
vt 0.35487309 0.55674613
vt 0.34244800 0.56380200
vt 0.34747103 0.53261524
vt 0.33333340 0.54166651
vt 0.39299107 0.50347209
vt 0.39289847 0.47269458
vt 0.39288604 0.47180057
vt 0.39299104 0.50347209
vt 0.39291325 0.44996011
vt 0.39280474 0.44102204
vt 0.39280698 0.44994205
vt 0.39288521 0.47269225
vt 0.39299107 0.50347209
vt 0.39284664 0.40717191
vt 0.39273754 0.40712839
vt 0.39268488 0.36474001
vt 0.39267379 0.37237912
vt 0.39273754 0.40712839
vt 0.39267379 0.37237912
vt 0.39268655 0.36429387
vt 0.39272556 0.40711790
vt 0.39272556 0.40711790
vt 0.39272392 0.40711790
vt 0.39277476 0.44057423
vt 0.39269909 0.37410766
vt 0.39272392 0.40711790
vt 0.39269909 0.37410766
vt 0.39266980 0.37499988
vt 0.39272001 0.40711790
vt 0.39277020 0.43923593
vt 0.39299107 0.50347209
vt 0.39288059 0.47135407
vt 0.39288056 0.47135407
vt 0.39299104 0.50347209
vt 0.39277020 0.43923599
vt 0.39277017 0.43923593
vt 0.39288056 0.47135407
vt 0.39277017 0.43923593
vt 0.39277020 0.43923593
vt 0.39288059 0.47135401
vt 0.39299104 0.50347209
vt 0.39299107 0.50347209
vt 0.40466413 0.47252458
vt 0.39064795 0.47495461
vt 0.41846970 0.47080845
vt 0.41959354 0.43874764
vt 0.40771657 0.44041479
vt 0.39566058 0.45120698
vt 0.43288559 0.46992588
vt 0.41846967 0.47080839
vt 0.43314010 0.43830216
vt 0.41959354 0.43874758
vt 0.43329644 0.40665275
vt 0.42022085 0.40681887
vt 0.43335405 0.37500817
vt 0.42040375 0.37502569
vt 0.40954354 0.40729564
vt 0.40152693 0.40817469
vt 0.42022082 0.40681899
vt 0.42040372 0.37502563
vt 0.41000718 0.37506169
vt 0.40230760 0.37512028
vt 0.40230763 0.37512028
vt 0.41000721 0.37506169
vt 0.40989110 0.34316611
vt 0.40208578 0.34320432
vt 0.42036930 0.34327447
vt 0.42009783 0.31148607
vt 0.40918678 0.31114006
vt 0.40094674 0.31130147
vt 0.43335724 0.34337634
vt 0.43330708 0.31176722
vt 0.43321493 0.28020364
vt 0.41959792 0.27964240
vt 0.44876584 0.28034508
vt 0.44878617 0.24896741
vt 0.43317580 0.24876016
vt 0.41923675 0.24795777
vt 0.40094677 0.31130153
vt 0.40918675 0.31113994
vt 0.40776980 0.27879876
vt 0.39833203 0.27907503
vt 0.42009786 0.31148601
vt 0.41959792 0.27964240
vt 0.41923669 0.24795777
vt 0.40638605 0.24635589
vt 0.39273399 0.24325889
vt 0.39266986 0.37499988
vt 0.39272255 0.34288174
vt 0.39272252 0.34288192
vt 0.39266986 0.37499988
vt 0.39279032 0.31076366
vt 0.39279029 0.31076384
vt 0.39272252 0.34288192
vt 0.39279029 0.31076384
vt 0.39279032 0.31076378
vt 0.39272255 0.34288186
vt 0.39272252 0.34288192
vt 0.39266986 0.37499988
vt 0.39288312 0.27864552
vt 0.39288312 0.27864558
vt 0.39299107 0.24652743
vt 0.39299104 0.24652743
vt 0.39288312 0.27864558
vt 0.39299104 0.24652743
vt 0.39299107 0.24652743
vt 0.39288315 0.27864558
vt 0.39279032 0.31076378
vt 0.39288315 0.27864558
vt 0.39288315 0.27864558
vt 0.39279029 0.31076372
vt 0.39299107 0.24652743
vt 0.39299104 0.24652743
vt 0.39288315 0.27864558
vt 0.39299107 0.24652743
vt 0.39288312 0.27864552
vt 0.39279029 0.31076372
vt 0.39279032 0.31076366
vt 0.39272463 0.34154361
vt 0.39272568 0.34265882
vt 0.39279032 0.31076378
vt 0.39279029 0.31076372
vt 0.39272568 0.34265882
vt 0.39272255 0.34288168
vt 0.32284436 0.19784421
vt 0.34823057 0.20505261
vt 0.35355580 0.18679410
vt 0.33720347 0.18095326
vt 0.36478969 0.21212769
vt 0.36833170 0.19358385
vt 0.37327063 0.17135984
vt 0.36147311 0.16646308
vt 0.34939244 0.16189218
vt 0.37885475 0.22366399
vt 0.38156974 0.20211792
vt 0.39406779 0.21045715
vt 0.39586428 0.18122363
vt 0.38462442 0.17663223
vt 0.37327069 0.17135984
vt 0.38462439 0.17663217
vt 0.38801613 0.14990097
vt 0.37852496 0.14707178
vt 0.39586431 0.18122351
vt 0.39795518 0.15230072
vt 0.40018910 0.12342632
vt 0.39157841 0.12269622
vt 0.38383430 0.12181681
vt 0.34939244 0.16189218
vt 0.36147317 0.16646296
vt 0.36922356 0.14416307
vt 0.35999900 0.14124870
vt 0.37666842 0.12083131
vt 0.36979175 0.11979139
vt 0.40649983 0.21477681
vt 0.41935563 0.21664399
vt 0.41983402 0.18567228
vt 0.40744555 0.18413121
vt 0.43327698 0.21750349
vt 0.41935566 0.21664405
vt 0.44881526 0.21773142
vt 0.44884932 0.18661928
vt 0.43349117 0.18641615
vt 0.41983408 0.18567228
vt 0.43376717 0.15545517
vt 0.42046502 0.15494722
vt 0.44888300 0.15559888
vt 0.44891593 0.12462598
vt 0.43407172 0.12455964
vt 0.42115766 0.12434864
vt 0.40744555 0.18413109
vt 0.40865016 0.15395397
vt 0.40995386 0.12397563
vt 0.33435261 0.50868046
vt 0.34898603 0.50082171
vt 0.34950194 0.47833526
vt 0.33507010 0.48545992
vt 0.36362100 0.49301130
vt 0.36393890 0.47140920
vt 0.36430550 0.44431502
vt 0.35010058 0.45098794
vt 0.33590826 0.45833325
vt 0.37825841 0.48528111
vt 0.37838441 0.46481407
vt 0.39289737 0.47759914
vt 0.39283502 0.45841753
vt 0.39277023 0.43388289
vt 0.37853155 0.43876272
vt 0.37868503 0.40868753
vt 0.36469403 0.41345930
vt 0.39271620 0.40544504
vt 0.39266980 0.37499988
vt 0.37885371 0.37631071
vt 0.36519411 0.37968481
vt 0.35074821 0.42105484
vt 0.33674422 0.43127882
vt 0.35180414 0.38751334
vt 0.33744603 0.40856475
vt 0.35380495 0.34768391
vt 0.34453219 0.35076582
vt 0.36586511 0.34424216
vt 0.36652803 0.31090283
vt 0.35557112 0.31061423
vt 0.34734878 0.31006372
vt 0.37904721 0.34354693
vt 0.39271626 0.34455454
vt 0.39277020 0.31611663
vt 0.37922204 0.31291920
vt 0.37933159 0.28687632
vt 0.36696562 0.28342420
vt 0.39283484 0.29163772
vt 0.39289567 0.27284646
vt 0.37933576 0.26696330
vt 0.36704442 0.26298690
vt 0.35679674 0.28207815
vt 0.34949890 0.28110296
vt 0.35727954 0.26260781
vt 0.35150918 0.26558149
vt 0.34618336 0.25007606
vt 0.34090266 0.27187932
vt 0.34161901 0.27282947
vt 0.34679952 0.25149345
vt 0.33819366 0.30475116
vt 0.33893552 0.30478942
vt 0.34009734 0.30512923
vt 0.34278673 0.27450067
vt 0.34772637 0.25407213
vt 0.33819366 0.30475116
vt 0.33728901 0.34839106
vt 0.33797488 0.34631854
vt 0.33893555 0.30478954
vt 0.33742812 0.40914345
vt 0.33789533 0.39402473
vt 0.33805403 0.38888872
vt 0.33875254 0.34462118
vt 0.34009734 0.30512923
vt 0.34030700 0.34751230
vt 0.34249783 0.30755818
vt 0.33789757 0.39395243
vt 0.33744603 0.40856475
vt 0.34453222 0.35076571
vt 0.34734878 0.31006366
vt 0.34772635 0.25407213
vt 0.34278670 0.27450067
vt 0.34512854 0.27780187
vt 0.34940585 0.25910366
vt 0.34949890 0.28110290
vt 0.35150918 0.26558149
vt 0.39289564 0.27284658
vt 0.37794355 0.24956793
vt 0.37866303 0.24711740
vt 0.39293897 0.26052338
vt 0.36423922 0.23355561
vt 0.36449727 0.23444992
vt 0.36471212 0.23516381
vt 0.37884155 0.24352223
vt 0.39297098 0.25188053
vt 0.36423922 0.23355561
vt 0.35438165 0.23889118
vt 0.35493356 0.24034601
vt 0.36507741 0.23476970
vt 0.34618336 0.25007606
vt 0.34679949 0.25149351
vt 0.35586321 0.24350363
vt 0.36935270 0.23772204
vt 0.35664767 0.25052112
vt 0.36698434 0.24929893
vt 0.35727951 0.26260781
vt 0.36704439 0.26298690
vt 0.39297098 0.25188053
vt 0.37942162 0.24384195
vt 0.37928092 0.25361925
vt 0.39293897 0.26052338
vt 0.37933570 0.26696336
vt 0.39289570 0.27284640
vt 0.33333340 0.54166657
vt 0.34836856 0.53127152
vt 0.34829780 0.53001601
vt 0.33340049 0.53949636
vt 0.36317039 0.52205694
vt 0.36319363 0.52058375
vt 0.36325946 0.51642060
vt 0.34840372 0.52557135
vt 0.33354801 0.53472209
vt 0.37807998 0.51257861
vt 0.37808913 0.51117295
vt 0.39299101 0.50347221
vt 0.39298478 0.50179935
vt 0.39297098 0.49811912
vt 0.37811518 0.50726986
vt 0.37816930 0.49912983
vt 0.36339584 0.50773001
vt 0.39294297 0.49053562
vt 0.34862271 0.51634026
vt 0.33384970 0.52495646
vt 0.33848315 0.37499988
vt 0.33719572 0.41666657
vt 0.33718675 0.41695589
vt 0.33848315 0.37499988
vt 0.33590829 0.45833319
vt 0.33587250 0.45949066
vt 0.33718675 0.41695589
vt 0.33587250 0.45949066
vt 0.33547914 0.47222215
vt 0.33715996 0.41782403
vt 0.33718675 0.41695589
vt 0.33848315 0.37499988
vt 0.33462089 0.49999988
vt 0.33461192 0.50028920
vt 0.33333343 0.54166651
vt 0.33333346 0.54166651
vt 0.33333343 0.54166651
vt 0.33456722 0.50173599
vt 0.33461192 0.50028920
vt 0.33456722 0.50173599
vt 0.33590829 0.45833325
vt 0.33462086 0.49999988
vt 0.33462083 0.49999988
vt 0.33590829 0.45833319
vt 0.33333343 0.54166651
vt 0.33333343 0.54166657
vt 0.33333340 0.54166651
vt 0.33462083 0.49999988
vt 0.33590829 0.45833319
vt 0.33848315 0.37499988
vt 0.33715996 0.41782403
vt 0.33718675 0.41695595
vt 0.33848312 0.37499988
vt 0.33547914 0.47222215
vt 0.33585462 0.46006936
vt 0.33718675 0.41695595
vt 0.33585462 0.46006936
vt 0.33590829 0.45833319
vt 0.33719572 0.41666657
vt 0.33848312 0.37499988
vt 0.33848315 0.37499988
vt 0.31830242 0.37537664
vt 0.31849712 0.41533864
vt 0.32756028 0.41697609
vt 0.32754031 0.37652040
vt 0.31961986 0.45576119
vt 0.32821247 0.45776457
vt 0.33264920 0.45961118
vt 0.33276764 0.41989350
vt 0.33300671 0.37989777
vt 0.31961989 0.45576119
vt 0.32301465 0.49685484
vt 0.33057153 0.49756736
vt 0.32821244 0.45776457
vt 0.33333337 0.54166663
vt 0.33700708 0.52583122
vt 0.33814192 0.52465707
vt 0.33348233 0.49817359
vt 0.33264923 0.45961124
vt 0.33457515 0.49944580
vt 0.33472696 0.46219122
vt 0.33809164 0.52627528
vt 0.33457515 0.49944580
vt 0.33809164 0.52627528
vt 0.33333340 0.54166657
vt 0.33455384 0.50216997
vt 0.33455384 0.50216997
vt 0.33569372 0.46527761
vt 0.33300668 0.37989771
vt 0.33276764 0.41989350
vt 0.33536917 0.42542338
vt 0.33581448 0.38764864
vt 0.33667493 0.43352127
vt 0.34824783 0.53211790
vt 0.34868935 0.53032553
vt 0.36316225 0.52256930
vt 0.36316222 0.52256930
vt 0.36316222 0.52256930
vt 0.34884888 0.52999175
vt 0.37807667 0.51302069
vt 0.37807664 0.51302069
vt 0.39299107 0.50347209
vt 0.39299104 0.50347209
vt 0.39299104 0.50347209
vt 0.37807664 0.51302069
vt 0.37807709 0.51297015
vt 0.36316326 0.52250528
vt 0.39299104 0.50347209
vt 0.33814192 0.52465707
vt 0.34884888 0.52999175
vt 0.34878772 0.53031111
vt 0.36316222 0.52256930
vt 0.36316326 0.52250528
vt 0.36317039 0.52205694
vt 0.34836856 0.53127152
vt 0.39273399 0.24325889
vt 0.37885481 0.22366410
vt 0.37624431 0.23742020
vt 0.38626811 0.25629950
vt 0.36478978 0.21212769
vt 0.36377648 0.22583377
vt 0.36721134 0.23633403
vt 0.37436336 0.24677122
vt 0.38260293 0.26408052
vt 0.34823054 0.20505267
vt 0.34946066 0.22162873
vt 0.32284436 0.19784421
vt 0.33683452 0.23014766
vt 0.34260499 0.24257398
vt 0.35241020 0.23257107
vt 0.35376737 0.23710853
vt 0.36436853 0.23302919
vt 0.34520203 0.24803329
vt 0.38260293 0.26408052
vt 0.37390390 0.24610269
vt 0.37599447 0.24848646
vt 0.38574347 0.26716399
vt 0.37390390 0.24610269
vt 0.36353567 0.23098522
vt 0.36390907 0.23236060
vt 0.37599447 0.24848646
vt 0.36390907 0.23236060
vt 0.32009104 0.25212580
vt 0.33069658 0.25863451
vt 0.31873664 0.29469168
vt 0.32842487 0.29621834
vt 0.33421487 0.29964769
vt 0.33689055 0.26605779
vt 0.31873670 0.29469162
vt 0.31830984 0.33537030
vt 0.32767609 0.33605731
vt 0.32842496 0.29621828
vt 0.33325264 0.33887869
vt 0.33421487 0.29964763
vt 0.33421487 0.29964769
vt 0.33325261 0.33887875
vt 0.33605826 0.34398383
vt 0.33704206 0.30290413
vt 0.34260499 0.24257386
vt 0.33689058 0.26605779
vt 0.33979255 0.27016866
vt 0.34520200 0.24803323
vt 0.33421487 0.29964763
vt 0.33704206 0.30290407
vt 0.40230760 0.37512028
vt 0.40208578 0.34320438
vt 0.39696953 0.34329093
vt 0.39731491 0.37520087
vt 0.40094680 0.31130153
vt 0.39550221 0.31158149
vt 0.39144328 0.30390573
vt 0.39407471 0.34303129
vt 0.39450994 0.37528884
vt 0.39833209 0.27907503
vt 0.39236176 0.28237891
vt 0.38835442 0.28576016
vt 0.39276779 0.31243181
vt 0.38851994 0.28682590
vt 0.39047766 0.28893906
vt 0.39276397 0.31293601
vt 0.39283353 0.29130322
vt 0.39276016 0.31344020
vt 0.39304563 0.34361136
vt 0.39322320 0.37447816
vt 0.39259839 0.31187022
vt 0.39276016 0.31344020
vt 0.39271688 0.34293753
vt 0.38304809 0.50983787
vt 0.39121252 0.47467631
vt 0.39187306 0.47329164
vt 0.38724273 0.50715232
vt 0.39121252 0.47467631
vt 0.39937696 0.43951482
vt 0.39650345 0.43943101
vt 0.39187306 0.47329164
vt 0.39429641 0.43935478
vt 0.39240080 0.47220916
vt 0.39240080 0.47220916
vt 0.39050528 0.50506353
vt 0.39566058 0.45120698
vt 0.40152690 0.40817463
vt 0.39702615 0.40747589
vt 0.39603889 0.44089252
vt 0.39447430 0.40721345
vt 0.39429641 0.43935478
vt 0.39325595 0.40719318
vt 0.39321792 0.44063205
vt 0.39270714 0.47163051
vt 0.39221424 0.50396943
vt 0.39320004 0.43929148
vt 0.39270714 0.47163051
vt 0.39277020 0.43923599
vt 0.39288059 0.47135407
vt 0.39288059 0.47135407
vt 0.39299107 0.50347209
vt 0.67715573 0.55215561
vt 0.65919250 0.49737930
vt 0.68507439 0.49411416
vt 0.69404680 0.53779650
vt 0.65107852 0.45392990
vt 0.67839408 0.45256221
vt 0.70396632 0.44891840
vt 0.70810467 0.48700321
vt 0.71310788 0.52560747
vt 0.65107852 0.45392990
vt 0.64680630 0.41373861
vt 0.67460507 0.41319710
vt 0.67839420 0.45256209
vt 0.64551055 0.37499988
vt 0.67343044 0.37499994
vt 0.70056283 0.37499988
vt 0.70141029 0.41169941
vt 0.70396638 0.44891840
vt 0.72763604 0.40972978
vt 0.72904056 0.44460714
vt 0.72714299 0.37499982
vt 0.75344241 0.37499970
vt 0.75358623 0.40755183
vt 0.75397646 0.44010401
vt 0.71310782 0.52560747
vt 0.70810467 0.48700321
vt 0.73119617 0.47973037
vt 0.73375130 0.51500094
vt 0.75454623 0.47265613
vt 0.75520867 0.50520813
vt 0.64680636 0.33626109
vt 0.67460507 0.33680260
vt 0.65107852 0.29606986
vt 0.67839420 0.29743761
vt 0.70396644 0.30108130
vt 0.70141023 0.33830035
vt 0.65107852 0.29606998
vt 0.65919250 0.25262046
vt 0.68507439 0.25588554
vt 0.67839414 0.29743761
vt 0.67715579 0.19784421
vt 0.69404685 0.21220326
vt 0.71310788 0.22439218
vt 0.70810473 0.26299655
vt 0.70396632 0.30108136
vt 0.70810473 0.26299644
vt 0.73119617 0.27026927
vt 0.72904056 0.30539244
vt 0.71310794 0.22439218
vt 0.73375136 0.23499870
vt 0.75520867 0.24479133
vt 0.75454628 0.27734351
vt 0.75397635 0.30989552
vt 0.72763616 0.34026980
vt 0.75358623 0.34244758
vt 0.44868776 0.24892908
vt 0.44873601 0.21770054
vt 0.46637821 0.21729791
vt 0.46698019 0.24780190
vt 0.44880560 0.18660223
vt 0.46608013 0.18645853
vt 0.48438495 0.18612081
vt 0.48569387 0.21572024
vt 0.49287978 0.23705041
vt 0.44886523 0.15559196
vt 0.46589625 0.15548897
vt 0.44891593 0.12462598
vt 0.46568453 0.12457323
vt 0.48352161 0.12445718
vt 0.48397884 0.15525258
vt 0.58631206 0.17552841
vt 0.58847976 0.20264721
vt 0.58847970 0.20264721
vt 0.58631200 0.17552829
vt 0.58847976 0.20264721
vt 0.58192569 0.22457230
vt 0.58192569 0.22457224
vt 0.58847970 0.20264721
vt 0.58847970 0.20264721
vt 0.58192569 0.22457224
vt 0.58847964 0.20264727
vt 0.58631206 0.17552829
vt 0.47767174 0.13476050
vt 0.47791231 0.15662134
vt 0.48325366 0.15761483
vt 0.48319194 0.14412963
vt 0.48401761 0.15781784
vt 0.48383209 0.14497936
vt 0.49287981 0.23705041
vt 0.48569387 0.21572024
vt 0.48569378 0.21572030
vt 0.49287978 0.23705035
vt 0.48438495 0.18612081
vt 0.48438489 0.18612087
vt 0.48438489 0.18612087
vt 0.48569378 0.21572036
vt 0.49287975 0.23705035
vt 0.53493178 0.24246502
vt 0.51018858 0.24434912
vt 0.51018852 0.24434912
vt 0.53493178 0.24246520
vt 0.51018858 0.24434912
vt 0.49287981 0.23705041
vt 0.49287978 0.23705035
vt 0.51018852 0.24434912
vt 0.51018852 0.24434912
vt 0.51018846 0.24434912
vt 0.53493178 0.24246520
vt 0.51018852 0.24434912
vt 0.51018846 0.24434912
vt 0.53493172 0.24246508
vt 0.58197844 0.14841759
vt 0.61098981 0.14483315
vt 0.61845994 0.16871023
vt 0.57716995 0.12188917
vt 0.60368925 0.12084025
vt 0.63020855 0.11979139
vt 0.64000136 0.14124864
vt 0.65060788 0.16189218
vt 0.58192563 0.22457230
vt 0.58847976 0.20264721
vt 0.62559873 0.19269633
vt 0.62909818 0.22025311
vt 0.66279680 0.18095326
vt 0.24479175 0.50520813
vt 0.24490707 0.47265613
vt 0.26691934 0.47923625
vt 0.26692715 0.51432276
vt 0.24500631 0.44010401
vt 0.26705515 0.44406170
vt 0.28829810 0.44727451
vt 0.28836179 0.48557413
vt 0.28906256 0.52343732
vt 0.24507424 0.40755183
vt 0.26740259 0.40879285
vt 0.24509929 0.37499970
vt 0.26772738 0.37375069
vt 0.29026064 0.37046874
vt 0.28921229 0.40845823
vt 0.28829807 0.44727451
vt 0.28921232 0.40845829
vt 0.30963421 0.40556180
vt 0.30756915 0.44934016
vt 0.29026067 0.37046868
vt 0.31272724 0.36274445
vt 0.33744600 0.34143513
vt 0.32562628 0.40306133
vt 0.32226267 0.45122629
vt 0.28906259 0.52343732
vt 0.28836182 0.48557407
vt 0.30829149 0.49138480
vt 0.31119797 0.53255194
vt 0.32374692 0.49559480
vt 0.33333337 0.54166663
vt 0.24507424 0.34244758
vt 0.26778802 0.33919764
vt 0.24500631 0.30989552
vt 0.26761580 0.30483514
vt 0.29025930 0.29910219
vt 0.29056063 0.33442181
vt 0.24490705 0.27734351
vt 0.26730478 0.27031803
vt 0.24479175 0.24479133
vt 0.26692715 0.23567683
vt 0.28906256 0.22656232
vt 0.28971013 0.26310015
vt 0.29025933 0.29910219
vt 0.28971016 0.26310015
vt 0.31212816 0.25556123
vt 0.31295952 0.29224849
vt 0.28906259 0.22656220
vt 0.31119797 0.21744764
vt 0.33333340 0.20833308
vt 0.33455384 0.24782968
vt 0.33569372 0.28472203
vt 0.29056066 0.33442187
vt 0.31348407 0.32681847
vt 0.33667716 0.31655079
vt 0.44868776 0.50107056
vt 0.44868663 0.46968549
vt 0.46648604 0.46991849
vt 0.46648818 0.50131458
vt 0.44870391 0.43818116
vt 0.46643853 0.43837005
vt 0.48648021 0.43897378
vt 0.48657656 0.47072035
vt 0.48655346 0.50220472
vt 0.44870746 0.40660709
vt 0.46638188 0.40671277
vt 0.44870475 0.37499982
vt 0.46635437 0.37499982
vt 0.48629874 0.37499988
vt 0.48635840 0.40703595
vt 0.50868797 0.40765047
vt 0.50894141 0.44012815
vt 0.50856584 0.37499976
vt 0.53310961 0.37499988
vt 0.53334570 0.40862018
vt 0.53385705 0.44197518
vt 0.50915158 0.47226733
vt 0.50912309 0.50392997
vt 0.53432763 0.47479302
vt 0.53435791 0.50677824
vt 0.56222403 0.47860783
vt 0.56248802 0.51119763
vt 0.56117034 0.44462615
vt 0.59053558 0.44806814
vt 0.59304655 0.48427194
vt 0.59410059 0.51817679
vt 0.56017917 0.40996289
vt 0.55975592 0.37499982
vt 0.58789074 0.37499988
vt 0.58860171 0.41152078
vt 0.61783957 0.41300011
vt 0.62120098 0.45185435
vt 0.61676288 0.37499982
vt 0.59410053 0.51817679
vt 0.59304661 0.48427194
vt 0.62653029 0.49181360
vt 0.63018328 0.52920932
vt 0.59053546 0.44806808
vt 0.62120098 0.45185441
vt 0.53334570 0.34137952
vt 0.56017917 0.34003687
vt 0.53385705 0.30802464
vt 0.56117028 0.30537361
vt 0.59053552 0.30193168
vt 0.58860171 0.33847886
vt 0.53385705 0.30802464
vt 0.53439933 0.27511215
vt 0.56206113 0.27112341
vt 0.56117028 0.30537355
vt 0.53493172 0.24246502
vt 0.56179893 0.23682708
vt 0.59203303 0.26511931
vt 0.59053552 0.30193162
vt 0.62627155 0.25804090
vt 0.62120098 0.29814541
vt 0.61783957 0.33699948
vt 0.62120092 0.29814541
vt 0.44870749 0.34339267
vt 0.46638188 0.34328693
vt 0.44870391 0.31181866
vt 0.46643853 0.31162977
vt 0.48648018 0.31102598
vt 0.48635843 0.34296370
vt 0.44870389 0.31181866
vt 0.44868663 0.28031427
vt 0.46661764 0.27985781
vt 0.46643853 0.31162977
vt 0.48710862 0.27837723
vt 0.48648015 0.31102598
vt 0.50931692 0.27746242
vt 0.50894147 0.30987144
vt 0.51018858 0.24434906
vt 0.50868803 0.34234929
vt 0.50894141 0.30987149
vt 0.52832377 0.62657320
vt 0.53039855 0.59733987
vt 0.55581206 0.59935874
vt 0.55243397 0.62730336
vt 0.53224277 0.56781942
vt 0.55887580 0.57102251
vt 0.58775765 0.57552242
vt 0.58283722 0.60200119
vt 0.57770014 0.62818277
vt 0.53363085 0.53772599
vt 0.56127137 0.54185188
vt 0.59199697 0.54816079
vt 0.58775759 0.57552242
vt 0.59199703 0.54816091
vt 0.62608725 0.55735397
vt 0.61864054 0.58142084
vt 0.66279680 0.56904650
vt 0.65060782 0.58810747
vt 0.61109710 0.60521889
vt 0.60375541 0.62916839
vt 0.61864060 0.58142078
vt 0.65060782 0.58810753
vt 0.64000124 0.60875100
vt 0.63020849 0.63020825
vt 0.44891593 0.62537360
vt 0.44886523 0.59440768
vt 0.46607569 0.59454536
vt 0.46584618 0.62543988
vt 0.44880554 0.56339741
vt 0.46627489 0.56359375
vt 0.48594359 0.56429935
vt 0.48541451 0.59502423
vt 0.48481509 0.62565088
vt 0.44873595 0.53229916
vt 0.46641698 0.53253102
vt 0.48633742 0.53338313
vt 0.50870305 0.53502834
vt 0.50792634 0.56564748
vt 0.50688446 0.59592342
vt 0.50570524 0.62602389
vt 0.40018910 0.62657320
vt 0.39750943 0.59756815
vt 0.40831149 0.59606636
vt 0.40995386 0.62602389
vt 0.39425644 0.56859493
vt 0.40626884 0.56610680
vt 0.41929889 0.56448567
vt 0.42029539 0.59508765
vt 0.42115766 0.62565088
vt 0.39425644 0.56859493
vt 0.38984868 0.53878331
vt 0.40372300 0.53582239
vt 0.40626886 0.56610686
vt 0.38224810 0.50037193
vt 0.40233389 0.50428003
vt 0.41774312 0.50259793
vt 0.41820610 0.53375483
vt 0.41929886 0.56448567
vt 0.41820619 0.53375483
vt 0.43294492 0.53261948
vt 0.43332040 0.56364381
vt 0.41774312 0.50259793
vt 0.43275535 0.50140011
vt 0.43370375 0.59456533
vt 0.43407172 0.62543988
vt 0.36979178 0.63020825
vt 0.36067718 0.60807288
vt 0.36947182 0.60502261
vt 0.37666845 0.62916839
vt 0.35156262 0.58593738
vt 0.36221918 0.58088094
vt 0.37277871 0.57613307
vt 0.37840462 0.60215068
vt 0.38383433 0.62818277
vt 0.35156262 0.58593738
vt 0.34244800 0.56380200
vt 0.35487309 0.55674613
vt 0.36221915 0.58088094
vt 0.33333340 0.54166651
vt 0.34747103 0.53261524
vt 0.36067650 0.52416074
vt 0.36682570 0.55013967
vt 0.37277871 0.57613313
vt 0.37809855 0.54416549
vt 0.38327396 0.57197702
vt 0.37222838 0.51551771
vt 0.38764775 0.59962440
vt 0.39157841 0.62730336
vt 0.38327396 0.57197702
vt 0.39299107 0.50347209
vt 0.39299104 0.50347209
vt 0.39288563 0.47157747
vt 0.39289847 0.47269458
vt 0.39299107 0.50347209
vt 0.39288309 0.47135407
vt 0.39279023 0.43923599
vt 0.39280337 0.44012988
vt 0.39291325 0.44996011
vt 0.39299104 0.50347209
vt 0.39288306 0.47135407
vt 0.39299104 0.50347209
vt 0.39299107 0.50347209
vt 0.39288309 0.47135401
vt 0.39288306 0.47135407
vt 0.39279026 0.43923593
vt 0.39279026 0.43923599
vt 0.39279026 0.43923599
vt 0.39272249 0.40711790
vt 0.39272252 0.40711790
vt 0.39272252 0.40711790
vt 0.39272249 0.40711790
vt 0.39272249 0.40711790
vt 0.39266986 0.37499982
vt 0.39266986 0.37499982
vt 0.39266986 0.37499988
vt 0.39273298 0.40716100
vt 0.39284799 0.40628016
vt 0.39272457 0.40845621
vt 0.39273298 0.40716100
vt 0.39272457 0.40845621
vt 0.39268655 0.38570595
vt 0.39263275 0.37447166
vt 0.39263275 0.37447166
vt 0.39270160 0.35403395
vt 0.39064795 0.47495455
vt 0.40466416 0.47252452
vt 0.39566058 0.45120692
vt 0.40771657 0.44041479
vt 0.41959354 0.43874764
vt 0.41846967 0.47080839
vt 0.40152049 0.40815955
vt 0.40953609 0.40728790
vt 0.40225559 0.37499988
vt 0.40994743 0.37499994
vt 0.42036581 0.37499988
vt 0.42021611 0.40681571
vt 0.41959354 0.43874764
vt 0.42021614 0.40681565
vt 0.43329424 0.40665168
vt 0.43314016 0.43830216
vt 0.42036578 0.37499988
vt 0.43333635 0.37499988
vt 0.41846973 0.47080845
vt 0.43288562 0.46992582
vt 0.40152043 0.34184015
vt 0.40953609 0.34271193
vt 0.39566058 0.29879284
vt 0.40771657 0.30958509
vt 0.41959354 0.31125218
vt 0.42021611 0.34318411
vt 0.39064795 0.27504504
vt 0.40466416 0.27747512
vt 0.38224810 0.24962783
vt 0.40233392 0.24571973
vt 0.41774312 0.24740165
vt 0.41846970 0.27919132
vt 0.41959354 0.31125224
vt 0.41846973 0.27919132
vt 0.43288562 0.28007388
vt 0.43314016 0.31169760
vt 0.41774312 0.24740177
vt 0.43275532 0.24859953
vt 0.44868776 0.24892914
vt 0.44868663 0.28031427
vt 0.42021614 0.34318411
vt 0.43329427 0.34334803
vt 0.39239189 0.34416807
vt 0.39272022 0.34193385
vt 0.39268655 0.38570595
vt 0.39214393 0.34508836
vt 0.39088282 0.31490833
vt 0.39170566 0.31543523
vt 0.39277020 0.31611669
vt 0.39268655 0.38570595
vt 0.39267191 0.37633812
vt 0.39200738 0.34432364
vt 0.39214393 0.34508836
vt 0.39267191 0.37633812
vt 0.39266986 0.37499982
vt 0.39193946 0.34405720
vt 0.39200738 0.34432364
vt 0.39028445 0.31452525
vt 0.39046279 0.31463945
vt 0.38719746 0.28804356
vt 0.38808662 0.28861135
vt 0.38685596 0.28782493
vt 0.38110799 0.26541978
vt 0.38153881 0.26569402
vt 0.38269037 0.26642048
vt 0.38998783 0.28981501
vt 0.39283502 0.29158199
vt 0.38542476 0.26806885
vt 0.39289731 0.27240050
vt 0.33333340 0.20833308
vt 0.34244800 0.18619770
vt 0.35487306 0.19325364
vt 0.34747103 0.21738434
vt 0.35156259 0.16406226
vt 0.36221913 0.16911870
vt 0.37277874 0.17386657
vt 0.36682573 0.19986004
vt 0.36067650 0.22583884
vt 0.35156256 0.16406226
vt 0.36067715 0.14192688
vt 0.36947182 0.14497715
vt 0.36221918 0.16911870
vt 0.36979175 0.11979139
vt 0.37666842 0.12083131
vt 0.38383430 0.12181681
vt 0.37840462 0.14784896
vt 0.37277871 0.17386663
vt 0.38764781 0.15037525
vt 0.38327399 0.17802250
vt 0.39157841 0.12269622
vt 0.40018910 0.12342632
vt 0.39750946 0.15243137
vt 0.39425644 0.18140465
vt 0.37809852 0.20583409
vt 0.37222838 0.23448193
vt 0.38327399 0.17802262
vt 0.38984871 0.21121639
vt 0.40372297 0.21417731
vt 0.40626884 0.18389285
vt 0.41929886 0.18551391
vt 0.41820613 0.21624482
vt 0.40831149 0.15393329
vt 0.40995386 0.12397563
vt 0.42115766 0.12434864
vt 0.42029536 0.15491205
vt 0.43370372 0.15543437
vt 0.43332040 0.18635589
vt 0.43407172 0.12455964
vt 0.44880554 0.18660223
vt 0.41820619 0.21624488
vt 0.43294495 0.21738023
vt 0.44873598 0.21770048
vt 0.33433473 0.50810170
vt 0.33500081 0.48321748
vt 0.34945938 0.47701752
vt 0.34897536 0.50047612
vt 0.33569369 0.45138872
vt 0.34996277 0.44701231
vt 0.36423191 0.44263583
vt 0.36391792 0.47081751
vt 0.36361605 0.49285048
vt 0.33569372 0.45138878
vt 0.33622792 0.41442400
vt 0.35035095 0.41216534
vt 0.34996280 0.44701231
vt 0.33642682 0.37442112
vt 0.35049552 0.37445426
vt 0.36456421 0.37448752
vt 0.36447403 0.40990669
vt 0.36423194 0.44263595
vt 0.36447406 0.40990669
vt 0.37859645 0.40765727
vt 0.37850106 0.43825936
vt 0.36456418 0.37448740
vt 0.37863025 0.37455785
vt 0.39266980 0.37499988
vt 0.39271620 0.40544504
vt 0.39277023 0.43388289
vt 0.37837648 0.46461755
vt 0.37825668 0.48522484
vt 0.39283502 0.45841753
vt 0.39289737 0.47759914
vt 0.33616087 0.33326077
vt 0.35030225 0.33565211
vt 0.33547914 0.29166645
vt 0.34980690 0.29644078
vt 0.36413473 0.30121511
vt 0.36444366 0.33804339
vt 0.33547914 0.29166651
vt 0.33448672 0.24999982
vt 0.34908587 0.25716126
vt 0.34980687 0.29644090
vt 0.33333340 0.20833308
vt 0.34824783 0.21788168
vt 0.36316225 0.22743028
vt 0.36368498 0.26432276
vt 0.36413470 0.30121511
vt 0.37828404 0.27148420
vt 0.37846246 0.30598938
vt 0.37807667 0.23697883
vt 0.39299107 0.24652743
vt 0.39288312 0.27864552
vt 0.39279032 0.31076366
vt 0.36444369 0.33804345
vt 0.37858441 0.34044409
vt 0.39272255 0.34288168
vt 0.34633106 0.25032532
vt 0.34625685 0.25017762
vt 0.34103453 0.27133048
vt 0.34106481 0.27014595
vt 0.34625685 0.25017762
vt 0.34619713 0.25005281
vt 0.34100664 0.27116835
vt 0.34103453 0.27133048
vt 0.33823112 0.30174565
vt 0.33829674 0.30220276
vt 0.33829674 0.30220276
vt 0.33832997 0.28866458
vt 0.34616145 0.24996650
vt 0.34099039 0.27085310
vt 0.34614035 0.24990326
vt 0.34098193 0.27066731
vt 0.33817947 0.30020237
vt 0.33819485 0.30068469
vt 0.33823112 0.30174571
vt 0.33819488 0.30068469
vt 0.33706003 0.33703256
vt 0.33713689 0.33943725
vt 0.33817944 0.30020231
vt 0.33703062 0.33608961
vt 0.33663398 0.37571120
vt 0.33667123 0.37691283
vt 0.33677104 0.38011581
vt 0.33832997 0.28866458
vt 0.33729520 0.34381819
vt 0.33748814 0.34655327
vt 0.33713692 0.33943731
vt 0.33699214 0.38767618
vt 0.33744600 0.40856475
vt 0.37573466 0.24968934
vt 0.37759751 0.24971241
vt 0.37406304 0.24877506
vt 0.36357048 0.23370373
vt 0.36345738 0.23393202
vt 0.37759751 0.24971241
vt 0.37573466 0.24968934
vt 0.36345738 0.23393202
vt 0.36079806 0.23522884
vt 0.37321341 0.24826503
vt 0.37288117 0.24805713
vt 0.36325949 0.23357898
vt 0.36337605 0.23364437
vt 0.36357048 0.23370373
vt 0.36337605 0.23364437
vt 0.35400867 0.23899686
vt 0.35411036 0.23903722
vt 0.36325949 0.23357898
vt 0.35394776 0.23895615
vt 0.36429685 0.23379606
vt 0.36389473 0.23375297
vt 0.35427994 0.23907745
vt 0.35449028 0.23911744
vt 0.34633106 0.25032532
vt 0.33333343 0.54166651
vt 0.33340049 0.53949636
vt 0.34829655 0.53007209
vt 0.34824789 0.53211790
vt 0.33354801 0.53472209
vt 0.34840372 0.52557135
vt 0.36325946 0.51642060
vt 0.36319262 0.52064782
vt 0.36316228 0.52256930
vt 0.33384752 0.52488410
vt 0.34862137 0.51629698
vt 0.36339518 0.50770986
vt 0.37816912 0.49912280
vt 0.37811521 0.50726986
vt 0.39294297 0.49053562
vt 0.39297098 0.49811912
vt 0.37808871 0.51122355
vt 0.37807667 0.51302069
vt 0.39298478 0.50179935
vt 0.39299107 0.50347209
vt 0.33645296 0.42549914
vt 0.33667716 0.43344897
vt 0.33629307 0.42019153
vt 0.33553079 0.46000499
vt 0.33560184 0.46230376
vt 0.33569372 0.46527761
vt 0.33621624 0.41770947
vt 0.33618674 0.41675550
vt 0.33547914 0.45833319
vt 0.33549458 0.45883155
vt 0.33553076 0.46000504
vt 0.33549455 0.45883155
vt 0.33449256 0.50018877
vt 0.33450440 0.50057054
vt 0.33547914 0.45833319
vt 0.33448672 0.49999988
vt 0.33333340 0.54166651
vt 0.33333343 0.54166657
vt 0.33333343 0.54166651
vt 0.33452609 0.50127387
vt 0.33455384 0.50216997
vt 0.33333346 0.54166651
vt 0.33333343 0.54166651
vt 0.33744600 0.34143513
vt 0.33796459 0.35821748
vt 0.33305439 0.40719873
vt 0.32562631 0.40306127
vt 0.33826858 0.36805546
vt 0.33572200 0.41242522
vt 0.33389145 0.45626760
vt 0.33039254 0.45381397
vt 0.32226264 0.45122629
vt 0.33841610 0.37282974
vt 0.33677059 0.41531527
vt 0.33848315 0.37499988
vt 0.33719572 0.41666657
vt 0.33590829 0.45833319
vt 0.33532950 0.45765007
vt 0.33433282 0.49966729
vt 0.33375686 0.49860007
vt 0.33462089 0.49999988
vt 0.33433282 0.49966729
vt 0.33462089 0.49999988
vt 0.33333343 0.54166651
vt 0.33395487 0.54126871
vt 0.33375686 0.49860007
vt 0.33830488 0.53848368
vt 0.33120093 0.49668193
vt 0.33830488 0.53848368
vt 0.33714288 0.52674150
vt 0.34870425 0.53058952
vt 0.34824786 0.53211790
vt 0.33714288 0.52674150
vt 0.33830488 0.53848368
vt 0.34886926 0.53172004
vt 0.34870425 0.53058952
vt 0.36316222 0.52256930
vt 0.36316228 0.52256930
vt 0.36316228 0.52256930
vt 0.36316225 0.52256930
vt 0.33333340 0.54166651
vt 0.33333343 0.54166651
vt 0.34814426 0.53218424
vt 0.34762642 0.53251582
vt 0.33333343 0.54166651
vt 0.34824789 0.53211790
vt 0.34814426 0.53218424
vt 0.34814426 0.53218424
vt 0.36316228 0.52256930
vt 0.36274794 0.52283454
vt 0.36274794 0.52283454
vt 0.35819072 0.52575219
vt 0.37797308 0.51308703
vt 0.37766233 0.51328593
vt 0.37807667 0.51302069
vt 0.37797308 0.51308703
vt 0.39299107 0.50347209
vt 0.39299104 0.50347209
vt 0.37766233 0.51328593
vt 0.39299104 0.50347209
vt 0.36316225 0.52256930
vt 0.36254081 0.52296716
vt 0.37797305 0.51308703
vt 0.37807667 0.51302069
vt 0.36254081 0.52296716
vt 0.35819072 0.52575219
vt 0.37797305 0.51308703
vt 0.39299104 0.50347209
vt 0.39299104 0.50347209
vt 0.39299107 0.50347209
vt 0.39299107 0.24652743
vt 0.39298478 0.24820024
vt 0.37891477 0.24063140
vt 0.37892050 0.23964638
vt 0.39297098 0.25188047
vt 0.37889305 0.24273098
vt 0.36583447 0.23728979
vt 0.36585796 0.23641050
vt 0.36586258 0.23596621
vt 0.39294294 0.25946391
vt 0.37867489 0.24647963
vt 0.36079806 0.23522884
vt 0.36535370 0.23837304
vt 0.35461482 0.23930132
vt 0.35475475 0.23894781
vt 0.36535370 0.23837304
vt 0.36079806 0.23522884
vt 0.35405293 0.23929656
vt 0.35461482 0.23930132
vt 0.34633106 0.25032532
vt 0.34635538 0.25005126
vt 0.34635538 0.25005126
vt 0.34637374 0.24982637
vt 0.35477069 0.23867047
vt 0.35477361 0.23851007
vt 0.34638226 0.24968356
vt 0.34638491 0.24958986
vt 0.34097230 0.27026320
vt 0.34097785 0.27009469
vt 0.34096149 0.27051008
vt 0.33722863 0.29670602
vt 0.33724800 0.29624796
vt 0.33725843 0.29593450
vt 0.34094208 0.27088797
vt 0.34633106 0.25032532
vt 0.34091747 0.27134407
vt 0.33715117 0.29824930
vt 0.33719435 0.29740536
vt 0.33722863 0.29670602
vt 0.33734173 0.29620719
vt 0.33761120 0.34378320
vt 0.33774859 0.33932525
vt 0.33734173 0.29620719
vt 0.33832997 0.28866458
vt 0.33748814 0.34655327
vt 0.33761120 0.34378320
vt 0.33796459 0.39178228
vt 0.33826858 0.38194430
vt 0.33725843 0.29593450
vt 0.33724800 0.29624796
vt 0.33783203 0.33670902
vt 0.33787081 0.33546716
vt 0.33841610 0.37717003
vt 0.33848315 0.37499988
vt 0.40225562 0.37499988
vt 0.39731917 0.37499988
vt 0.39702669 0.34254897
vt 0.40152043 0.34184021
vt 0.39456525 0.37499994
vt 0.39448121 0.34282237
vt 0.39429641 0.31064492
vt 0.39603892 0.30910724
vt 0.39566058 0.29879284
vt 0.39327222 0.37325299
vt 0.39324772 0.34241730
vt 0.39272398 0.34026104
vt 0.39277023 0.31076372
vt 0.39320010 0.31070822
vt 0.39270717 0.27836919
vt 0.39240086 0.27779055
vt 0.39288062 0.27864552
vt 0.39270717 0.27836919
vt 0.39288062 0.27864552
vt 0.39299107 0.24652743
vt 0.39221424 0.24603015
vt 0.39240086 0.27779055
vt 0.39050528 0.24493611
vt 0.39937696 0.31048489
vt 0.39650348 0.31056875
vt 0.39187315 0.27670807
vt 0.39121252 0.27532333
vt 0.39187315 0.27670807
vt 0.38724273 0.24284732
vt 0.39121252 0.27532333
vt 0.38304809 0.24016178
vt 0.38304809 0.50983787
vt 0.38724273 0.50715232
vt 0.39187312 0.47329164
vt 0.39121252 0.47467631
vt 0.39050528 0.50506353
vt 0.39240080 0.47220916
vt 0.39187312 0.47329164
vt 0.39240080 0.47220916
vt 0.39429641 0.43935478
vt 0.39650348 0.43943089
vt 0.39121252 0.47467631
vt 0.39937696 0.43951476
vt 0.39221424 0.50396943
vt 0.39270714 0.47163051
vt 0.39299107 0.50347209
vt 0.39288059 0.47135407
vt 0.39270714 0.47163051
vt 0.39288059 0.47135407
vt 0.39277020 0.43923599
vt 0.39320010 0.43929148
vt 0.39429641 0.43935478
vt 0.39321798 0.44063205
vt 0.39326221 0.40693313
vt 0.39448121 0.40717739
vt 0.39566058 0.45120692
vt 0.39603892 0.44089240
vt 0.39702672 0.40745080
vt 0.40152046 0.40815955
vt 0.56179905 0.23682708
vt 0.56179893 0.23682714
vt 0.56179905 0.23682708
vt 0.56179893 0.23682714
vt 0.53493178 0.24246520
vt 0.56179893 0.23682714
vt 0.56179893 0.23682714
vt 0.58763885 0.13035011
vt 0.58328706 0.14947522
vt 0.58253592 0.15042937
vt 0.58122993 0.13872272
vt 0.58238578 0.15062022
vt 0.58042830 0.13951010
vt 0.60056537 0.20025438
vt 0.58995533 0.20244503
vt 0.58847970 0.20264721
vt 0.51003665 0.24568850
vt 0.51018846 0.24434912
vt 0.52832377 0.62657320
vt 0.53039861 0.59733987
vt 0.55570471 0.59930634
vt 0.55236769 0.62729436
vt 0.53224289 0.56781936
vt 0.55869508 0.57089114
vt 0.58631200 0.57447129
vt 0.58197838 0.60158211
vt 0.57716984 0.62811041
vt 0.53370261 0.53782052
vt 0.56110758 0.54176414
vt 0.53493172 0.50753456
vt 0.56317341 0.51220989
vt 0.59292144 0.51772571
vt 0.58985418 0.54638970
vt 0.44891593 0.62537360
vt 0.44886526 0.59440768
vt 0.46607569 0.59454536
vt 0.46584618 0.62543988
vt 0.44880554 0.56339741
vt 0.46627495 0.56359375
vt 0.48594359 0.56429929
vt 0.48541451 0.59502423
vt 0.48481509 0.62565088
vt 0.50688446 0.59592342
vt 0.50570524 0.62602389
vt 0.50792634 0.56564748
vt 0.53224277 0.56781942
vt 0.53039861 0.59733987
vt 0.52832377 0.62657320
vt 0.48635542 0.53341043
vt 0.50873965 0.53507894
vt 0.48669687 0.50242317
vt 0.50941569 0.50433481
vt 0.53493166 0.50753462
vt 0.53370255 0.53782052
vt 0.44873092 0.53231353
vt 0.46642369 0.53254712
vt 0.44864732 0.50118542
vt 0.46654218 0.50144339
vt 0.42000887 0.62554240
vt 0.41935995 0.59477913
vt 0.43358681 0.59452671
vt 0.43392813 0.62542635
vt 0.41872102 0.56395018
vt 0.43324810 0.56357682
vt 0.44880560 0.56339741
vt 0.44886523 0.59440768
vt 0.44891593 0.62537360
vt 0.41809863 0.53301156
vt 0.43291390 0.53254318
vt 0.41748613 0.50200725
vt 0.43258232 0.50145918
vt 0.44864735 0.50118542
vt 0.44873092 0.53231353
vt 0.52832377 0.62657320
vt 0.55153263 0.62615836
vt 0.55463725 0.59902585
vt 0.53039861 0.59733987
vt 0.57048953 0.61902273
vt 0.57337040 0.59970510
vt 0.57704169 0.57324970
vt 0.55753630 0.57073849
vt 0.53224283 0.56781936
vt 0.55964178 0.54292858
vt 0.53365290 0.53908443
vt 0.57917142 0.54648542
vt 0.57659566 0.52942675
vt 0.56054008 0.52256542
vt 0.53453475 0.51764584
vt 0.44891593 0.62537360
vt 0.46584618 0.62543988
vt 0.46607566 0.59454536
vt 0.44886523 0.59440768
vt 0.48481509 0.62565088
vt 0.48541453 0.59502423
vt 0.48594359 0.56429935
vt 0.46627495 0.56359375
vt 0.44880554 0.56339741
vt 0.46641895 0.53384346
vt 0.44873446 0.53361082
vt 0.48634166 0.53470224
vt 0.48658693 0.51275772
vt 0.46650437 0.51181448
vt 0.44867566 0.51156396
vt 0.50792634 0.56564748
vt 0.50871241 0.53636116
vt 0.53224277 0.56781942
vt 0.53365296 0.53908443
vt 0.53453469 0.51764590
vt 0.50919789 0.51459259
vt 0.50570524 0.62602389
vt 0.50688440 0.59592342
vt 0.52832377 0.62657320
vt 0.53039861 0.59733987
vt 0.42350617 0.56381500
vt 0.43384624 0.56356001
vt 0.43362114 0.53398204
vt 0.42344081 0.53478920
vt 0.44880557 0.56339741
vt 0.44873443 0.53361082
vt 0.44867566 0.51156390
vt 0.43364960 0.51267278
vt 0.42521131 0.51723182
vt 0.42437238 0.61524951
vt 0.43447357 0.62413973
vt 0.43416777 0.59430176
vt 0.42401668 0.59340632
vt 0.44891593 0.62537360
vt 0.44886521 0.59440768
vt 0.52832377 0.62657320
vt 0.55153269 0.62615836
vt 0.55463725 0.59902585
vt 0.53039861 0.59733981
vt 0.57048953 0.61902273
vt 0.57337040 0.59970504
vt 0.57704169 0.57324970
vt 0.55753624 0.57073849
vt 0.53224283 0.56781936
vt 0.55964172 0.54292852
vt 0.53365290 0.53908443
vt 0.57917136 0.54648542
vt 0.57659566 0.52942675
vt 0.56054008 0.52256542
vt 0.53453475 0.51764584
vt 0.44891593 0.62537360
vt 0.46584618 0.62543988
vt 0.46607566 0.59454536
vt 0.44886526 0.59440762
vt 0.48481509 0.62565088
vt 0.48541453 0.59502423
vt 0.48594359 0.56429929
vt 0.46627498 0.56359369
vt 0.44880554 0.56339741
vt 0.50570524 0.62602389
vt 0.50688446 0.59592342
vt 0.52832377 0.62657320
vt 0.53039861 0.59733987
vt 0.53224277 0.56781942
vt 0.50792634 0.56564748
vt 0.50871241 0.53636116
vt 0.48634166 0.53470218
vt 0.53365296 0.53908443
vt 0.53453475 0.51764590
vt 0.50919789 0.51459259
vt 0.48658693 0.51275772
vt 0.46641895 0.53384346
vt 0.44873449 0.53361082
vt 0.46650437 0.51181442
vt 0.44867566 0.51156390
vt 0.42437235 0.61524951
vt 0.43447357 0.62413973
vt 0.43416777 0.59430170
vt 0.42401668 0.59340632
vt 0.44891593 0.62537360
vt 0.44886523 0.59440768
vt 0.44880557 0.56339741
vt 0.43384627 0.56355989
vt 0.42350617 0.56381488
vt 0.43362114 0.53398204
vt 0.42344087 0.53478920
vt 0.44873443 0.53361082
vt 0.44867566 0.51156390
vt 0.43364957 0.51267278
vt 0.42521131 0.51723182
vt 0.52832377 0.62657320
vt 0.53039861 0.59733987
vt 0.55570471 0.59930634
vt 0.55236769 0.62729436
vt 0.53224283 0.56781936
vt 0.55869508 0.57089120
vt 0.58631206 0.57447129
vt 0.58197838 0.60158211
vt 0.57716984 0.62811041
vt 0.53370261 0.53782058
vt 0.56110764 0.54176414
vt 0.53493172 0.50753456
vt 0.56317341 0.51220989
vt 0.59292144 0.51772571
vt 0.58985418 0.54638976
vt 0.44891593 0.62537360
vt 0.44886523 0.59440768
vt 0.46607569 0.59454536
vt 0.46584618 0.62543988
vt 0.44880554 0.56339741
vt 0.46627489 0.56359375
vt 0.48594359 0.56429935
vt 0.48541451 0.59502423
vt 0.48481509 0.62565088
vt 0.44873092 0.53231359
vt 0.46642369 0.53254712
vt 0.44864735 0.50118542
vt 0.46654218 0.50144339
vt 0.48669690 0.50242317
vt 0.48635542 0.53341043
vt 0.50873965 0.53507894
vt 0.50792634 0.56564748
vt 0.50941569 0.50433481
vt 0.53493166 0.50753462
vt 0.53370249 0.53782052
vt 0.53224277 0.56781942
vt 0.50688446 0.59592342
vt 0.50570524 0.62602389
vt 0.53039855 0.59733987
vt 0.52832377 0.62657320
vt 0.41872102 0.56395018
vt 0.41809860 0.53301156
vt 0.43291390 0.53254318
vt 0.43324810 0.56357694
vt 0.41748616 0.50200725
vt 0.43258232 0.50145918
vt 0.44864735 0.50118542
vt 0.44873092 0.53231353
vt 0.44880560 0.56339741
vt 0.42000887 0.62554240
vt 0.41935995 0.59477913
vt 0.43358681 0.59452677
vt 0.43392813 0.62542635
vt 0.58192569 0.52542740
vt 0.56179893 0.51317257
vt 0.56156093 0.51433480
vt 0.58101034 0.52611047
vt 0.53493172 0.50753456
vt 0.53488207 0.50879848
vt 0.53453481 0.51764584
vt 0.56054008 0.52256548
vt 0.57659566 0.52942675
vt 0.57917136 0.54648542
vt 0.58730584 0.54732186
vt 0.58101034 0.52611041
vt 0.57704169 0.57324976
vt 0.58515316 0.57431865
vt 0.58631206 0.57447129
vt 0.58847976 0.54735243
vt 0.58192569 0.52542746
vt 0.41999564 0.59263128
vt 0.42056984 0.60673845
vt 0.42350611 0.56381494
vt 0.41931912 0.56393325
vt 0.41872102 0.56395018
vt 0.41990539 0.59349251
vt 0.42056984 0.60673845
vt 0.41999564 0.59263128
vt 0.41990539 0.59349251
vt 0.42437235 0.61524951
vt 0.53493172 0.50753462
vt 0.50941563 0.50433481
vt 0.50938839 0.50561702
vt 0.53488201 0.50879848
vt 0.48669690 0.50242317
vt 0.48668307 0.50371498
vt 0.48658693 0.51275772
vt 0.50919795 0.51459259
vt 0.53453481 0.51764584
vt 0.57337040 0.59970498
vt 0.58104318 0.59964389
vt 0.57048953 0.61902273
vt 0.57840431 0.61187911
vt 0.58104318 0.59964389
vt 0.57840431 0.61187911
vt 0.57048953 0.61902273
vt 0.58114338 0.60044616
vt 0.58114338 0.60044616
vt 0.46654218 0.50144339
vt 0.46653745 0.50273973
vt 0.44864732 0.50118542
vt 0.44865084 0.50248277
vt 0.44867566 0.51156390
vt 0.46650437 0.51181448
vt 0.43332270 0.50397146
vt 0.42310432 0.51301843
vt 0.44865081 0.50248277
vt 0.44864735 0.50118542
vt 0.43323004 0.50272679
vt 0.42266798 0.51214772
vt 0.41872102 0.56395018
vt 0.41990542 0.59349251
vt 0.41999573 0.59263128
vt 0.41931912 0.56393325
vt 0.41990542 0.59349251
vt 0.42437238 0.61524951
vt 0.42056984 0.60673845
vt 0.41999573 0.59263128
vt 0.42056984 0.60673845
vt 0.42437235 0.61524951
vt 0.42401668 0.59340620
vt 0.42350614 0.56381494
vt 0.57048953 0.61902273
vt 0.58114332 0.60044611
vt 0.58104318 0.59964383
vt 0.57840431 0.61187911
vt 0.58114332 0.60044611
vt 0.58631200 0.57447129
vt 0.58515316 0.57431865
vt 0.58104318 0.59964383
vt 0.57704163 0.57324970
vt 0.57337034 0.59970498
vt 0.57840431 0.61187911
vt 0.57048953 0.61902273
vt 0.56156087 0.51433480
vt 0.53488201 0.50879848
vt 0.56179893 0.51317263
vt 0.53493172 0.50753456
vt 0.58847964 0.54735243
vt 0.58730590 0.54732180
vt 0.57917136 0.54648542
vt 0.50938845 0.50561702
vt 0.48668313 0.50371504
vt 0.53488207 0.50879848
vt 0.53493166 0.50753462
vt 0.50941569 0.50433481
vt 0.48669687 0.50242317
vt 0.42266795 0.51214772
vt 0.41874632 0.53427911
vt 0.41933605 0.53442669
vt 0.42310426 0.51301843
vt 0.42344090 0.53478920
vt 0.42521131 0.51723182
vt 0.42344084 0.53478920
vt 0.41933602 0.53442663
vt 0.41874629 0.53427911
vt 0.44864732 0.50118542
vt 0.43323001 0.50272673
vt 0.43332267 0.50397146
vt 0.43364954 0.51267278
vt 0.46653742 0.50273979
vt 0.44865087 0.50248271
vt 0.46654218 0.50144339
vt 0.44864732 0.50118542
f 274/274 275/275 276/276
f 274/274 276/276 277/277
f 275/275 278/278 279/279
f 275/275 279/279 276/276
f 276/276 279/279 280/280
f 276/276 280/280 281/281
f 277/277 276/276 281/281
f 277/277 281/281 282/282
f 283/283 284/284 285/285
f 283/283 285/285 286/286
f 284/284 287/287 288/288
f 284/284 288/288 285/285
f 285/285 288/288 289/289
f 285/285 289/289 290/290
f 286/286 285/285 290/290
f 286/286 290/290 291/291
f 291/291 290/290 292/292
f 291/291 292/292 293/293
f 290/290 289/289 294/294
f 290/290 294/294 292/292
f 292/292 294/294 295/295
f 292/292 295/295 296/296
f 293/293 292/292 296/296
f 293/293 296/296 297/297
f 298/298 299/299 300/300
f 298/298 300/300 301/301
f 299/299 291/291 293/293
f 299/299 293/293 300/300
f 300/300 293/293 297/297
f 300/300 297/297 302/302
f 301/301 300/300 302/302
f 301/301 302/302 303/303
f 303/303 302/302 304/304
f 303/303 304/304 305/305
f 302/302 297/297 306/306
f 302/302 306/306 304/304
f 304/304 306/306 307/307
f 304/304 307/307 308/308
f 305/305 304/304 308/308
f 305/305 308/308 309/309
f 297/297 296/296 310/310
f 297/297 310/310 306/306
f 296/296 295/295 311/311
f 296/296 311/311 310/310
f 310/310 311/311 312/312
f 310/310 312/312 313/313
f 306/306 310/310 313/313
f 306/306 313/313 307/307
f 307/307 313/313 314/314
f 307/307 314/314 315/315
f 313/313 312/312 316/316
f 313/313 316/316 314/314
f 314/314 316/316 317/317
f 314/314 317/317 318/318
f 315/315 314/314 318/318
f 315/315 318/318 319/319
f 320/320 321/321 322/322
f 320/320 322/322 323/323
f 321/321 324/324 325/325
f 321/321 325/325 322/322
f 322/322 325/325 326/326
f 322/322 326/326 327/327
f 323/323 322/322 327/327
f 323/323 327/327 328/328
f 329/329 330/330 331/331
f 329/329 331/331 332/332
f 330/330 333/333 334/334
f 330/330 334/334 331/331
f 331/331 334/334 335/335
f 331/331 335/335 336/336
f 332/332 331/331 336/336
f 332/332 336/336 337/337
f 338/338 339/339 340/340
f 338/338 340/340 341/341
f 339/339 333/333 342/342
f 339/339 342/342 340/340
f 340/340 342/342 343/343
f 340/340 343/343 344/344
f 341/341 340/340 344/344
f 341/341 344/344 345/345
f 346/346 347/347 348/348
f 346/346 348/348 349/349
f 347/347 350/350 351/351
f 347/347 351/351 348/348
f 348/348 351/351 352/352
f 348/348 352/352 353/353
f 349/349 348/348 353/353
f 349/349 353/353 354/354
f 337/337 336/336 355/355
f 337/337 355/355 356/356
f 336/336 335/335 357/357
f 336/336 357/357 355/355
f 355/355 357/357 358/358
f 355/355 358/358 359/359
f 356/356 355/355 359/359
f 356/356 359/359 360/360
f 361/361 362/362 363/363
f 361/361 363/363 364/364
f 362/362 365/365 366/366
f 362/362 366/366 363/363
f 363/363 366/366 367/367
f 363/363 367/367 368/368
f 364/364 363/363 368/368
f 364/364 368/368 369/369
f 365/365 370/370 371/371
f 365/365 371/371 372/372
f 370/370 328/328 373/373
f 370/370 373/373 371/371
f 371/371 373/373 374/374
f 371/371 374/374 375/375
f 372/372 371/371 375/375
f 372/372 375/375 376/376
f 376/376 375/375 377/377
f 376/376 377/377 378/378
f 375/375 374/374 379/379
f 375/375 379/379 377/377
f 377/377 379/379 380/380
f 377/377 380/380 381/381
f 378/378 377/377 381/381
f 378/378 381/381 382/382
f 383/383 384/384 385/385
f 383/383 385/385 386/386
f 384/384 387/387 388/388
f 384/384 388/388 385/385
f 385/385 388/388 389/389
f 385/385 389/389 390/390
f 386/386 385/385 390/390
f 386/386 390/390 391/391
f 392/392 393/393 394/394
f 392/392 394/394 395/395
f 393/393 396/396 397/397
f 393/393 397/397 394/394
f 394/394 397/397 398/398
f 394/394 398/398 399/399
f 395/395 394/394 399/399
f 395/395 399/399 400/400
f 401/401 402/402 403/403
f 401/401 403/403 404/404
f 402/402 405/405 406/406
f 402/402 406/406 403/403
f 403/403 406/406 407/407
f 403/403 407/407 408/408
f 404/404 403/403 408/408
f 404/404 408/408 409/409
f 398/398 410/410 411/411
f 398/398 411/411 412/412
f 410/410 413/413 414/414
f 410/410 414/414 411/411
f 411/411 414/414 415/415
f 411/411 415/415 416/416
f 412/412 411/411 416/416
f 412/412 416/416 417/417
f 400/400 399/399 418/418
f 400/400 418/418 419/419
f 399/399 398/398 412/412
f 399/399 412/412 418/418
f 418/418 412/412 417/417
f 418/418 417/417 420/420
f 419/419 418/418 420/420
f 419/419 420/420 421/421
f 421/421 420/420 422/422
f 421/421 422/422 423/423
f 420/420 417/417 424/424
f 420/420 424/424 422/422
f 422/422 424/424 425/425
f 422/422 425/425 426/426
f 423/423 422/422 426/426
f 423/423 426/426 427/427
f 417/417 416/416 428/428
f 417/417 428/428 424/424
f 416/416 415/415 429/429
f 416/416 429/429 428/428
f 428/428 429/429 430/430
f 428/428 430/430 431/431
f 424/424 428/428 431/431
f 424/424 431/431 425/425
f 432/432 433/433 434/434
f 432/432 434/434 435/435
f 433/433 436/436 437/437
f 433/433 437/437 434/434
f 434/434 437/437 438/438
f 434/434 438/438 439/439
f 435/435 434/434 439/439
f 435/435 439/439 440/440
f 427/427 426/426 441/441
f 427/427 441/441 442/442
f 426/426 425/425 443/443
f 426/426 443/443 441/441
f 441/441 443/443 444/444
f 441/441 444/444 445/445
f 442/442 441/441 445/445
f 442/442 445/445 446/446
f 447/447 448/448 449/449
f 447/447 449/449 450/450
f 448/448 451/451 452/452
f 448/448 452/452 449/449
f 449/449 452/452 453/453
f 449/449 453/453 454/454
f 450/450 449/449 454/454
f 450/450 454/454 455/455
f 451/451 456/456 457/457
f 451/451 457/457 452/452
f 456/456 458/458 459/459
f 456/456 459/459 457/457
f 457/457 459/459 460/460
f 457/457 460/460 461/461
f 452/452 457/457 461/461
f 452/452 461/461 453/453
f 453/453 461/461 462/462
f 453/453 462/462 463/463
f 461/461 460/460 464/464
f 461/461 464/464 462/462
f 462/462 464/464 465/465
f 462/462 465/465 466/466
f 463/463 462/462 466/466
f 463/463 466/466 467/467
f 455/455 454/454 468/468
f 455/455 468/468 469/469
f 454/454 453/453 463/463
f 454/454 463/463 468/468
f 468/468 463/463 467/467
f 468/468 467/467 470/470
f 469/469 468/468 470/470
f 469/469 470/470 471/471
f 458/458 472/472 473/473
f 458/458 473/473 459/459
f 472/472 474/474 475/475
f 472/472 475/475 473/473
f 473/473 475/475 476/476
f 473/473 476/476 477/477
f 459/459 473/473 477/477
f 459/459 477/477 460/460
f 478/478 479/479 480/480
f 478/478 480/480 481/481
f 479/479 274/274 277/277
f 479/479 277/277 480/480
f 480/480 277/277 282/282
f 480/480 282/282 482/482
f 481/481 480/480 482/482
f 481/481 482/482 483/483
f 476/476 484/484 485/485
f 476/476 485/485 486/486
f 484/484 298/298 301/301
f 484/484 301/301 485/485
f 485/485 301/301 303/303
f 485/485 303/303 487/487
f 486/486 485/485 487/487
f 486/486 487/487 488/488
f 460/460 477/477 489/489
f 460/460 489/489 464/464
f 477/477 476/476 486/486
f 477/477 486/486 489/489
f 489/489 486/486 488/488
f 489/489 488/488 490/490
f 464/464 489/489 490/490
f 464/464 490/490 465/465
f 465/465 490/490 491/491
f 465/465 491/491 492/492
f 490/490 488/488 493/493
f 490/490 493/493 491/491
f 491/491 493/493 494/494
f 491/491 494/494 495/495
f 492/492 491/491 495/495
f 492/492 495/495 496/496
f 488/488 487/487 497/497
f 488/488 497/497 493/493
f 487/487 303/303 305/305
f 487/487 305/305 497/497
f 497/497 305/305 309/309
f 497/497 309/309 498/498
f 493/493 497/497 498/498
f 493/493 498/498 494/494
f 494/494 498/498 499/499
f 494/494 499/499 500/500
f 498/498 320/320 323/323
f 498/498 323/323 499/499
f 499/499 323/323 328/328
f 499/499 328/328 370/370
f 500/500 499/499 370/370
f 500/500 370/370 365/365
f 501/501 502/502 503/503
f 501/501 503/503 504/504
f 502/502 494/494 500/500
f 502/502 500/500 503/503
f 503/503 500/500 365/365
f 503/503 365/365 362/362
f 504/504 503/503 362/362
f 504/504 362/362 361/361
f 471/471 470/470 505/505
f 471/471 505/505 506/506
f 470/470 467/467 507/507
f 470/470 507/507 505/505
f 505/505 507/507 508/508
f 505/505 508/508 509/509
f 506/506 505/505 509/509
f 506/506 509/509 510/510
f 467/467 466/466 511/511
f 467/467 511/511 507/507
f 466/466 465/465 492/492
f 466/466 492/492 511/511
f 511/511 492/492 496/496
f 511/511 496/496 512/512
f 507/507 511/511 512/512
f 507/507 512/512 508/508
f 513/513 514/514 515/515
f 513/513 515/515 516/516
f 514/514 501/501 504/504
f 514/514 504/504 515/515
f 515/515 504/504 361/361
f 515/515 361/361 517/517
f 516/516 515/515 517/517
f 516/516 517/517 333/333
f 518/518 519/519 520/520
f 518/518 520/520 521/521
f 519/519 513/513 516/516
f 519/519 516/516 520/520
f 520/520 516/516 333/333
f 520/520 333/333 330/330
f 521/521 520/520 330/330
f 521/521 330/330 329/329
f 522/522 523/523 524/524
f 522/522 524/524 525/525
f 523/523 526/526 527/527
f 523/523 527/527 524/524
f 524/524 527/527 528/528
f 524/524 528/528 529/529
f 525/525 524/524 529/529
f 525/525 529/529 530/530
f 526/526 531/531 532/532
f 526/526 532/532 527/527
f 531/531 533/533 534/534
f 531/531 534/534 532/532
f 532/532 534/534 535/535
f 532/532 535/535 536/536
f 527/527 532/532 536/536
f 527/527 536/536 528/528
f 537/537 538/538 539/539
f 537/537 539/539 540/540
f 538/538 541/541 542/542
f 538/538 542/542 539/539
f 539/539 542/542 274/274
f 539/539 274/274 479/479
f 540/540 539/539 479/479
f 540/540 479/479 478/478
f 530/530 529/529 543/543
f 530/530 543/543 544/544
f 529/529 528/528 545/545
f 529/529 545/545 543/543
f 543/543 545/545 474/474
f 543/543 474/474 472/472
f 544/544 543/543 472/472
f 544/544 472/472 458/458
f 546/546 547/547 548/548
f 546/546 548/548 549/549
f 547/547 550/550 551/551
f 547/547 551/551 548/548
f 548/548 551/551 552/552
f 548/548 552/552 553/553
f 549/549 548/548 553/553
f 549/549 553/553 554/554
f 550/550 555/555 556/556
f 550/550 556/556 551/551
f 555/555 522/522 525/525
f 555/555 525/525 556/556
f 556/556 525/525 530/530
f 556/556 530/530 557/557
f 551/551 556/556 557/557
f 551/551 557/557 552/552
f 552/552 557/557 558/558
f 552/552 558/558 559/559
f 557/557 530/530 544/544
f 557/557 544/544 558/558
f 558/558 544/544 458/458
f 558/558 458/458 456/456
f 559/559 558/558 456/456
f 559/559 456/456 451/451
f 554/554 553/553 560/560
f 554/554 560/560 561/561
f 553/553 552/552 559/559
f 553/553 559/559 560/560
f 560/560 559/559 451/451
f 560/560 451/451 448/448
f 561/561 560/560 448/448
f 561/561 448/448 447/447
f 562/562 563/563 564/564
f 562/562 564/564 565/565
f 563/563 566/566 567/567
f 563/563 567/567 564/564
f 564/564 567/567 568/568
f 564/564 568/568 569/569
f 565/565 564/564 569/569
f 565/565 569/569 570/570
f 566/566 571/571 572/572
f 566/566 572/572 567/567
f 571/571 546/546 549/549
f 571/571 549/549 572/572
f 572/572 549/549 554/554
f 572/572 554/554 573/573
f 567/567 572/572 573/573
f 567/567 573/573 568/568
f 568/568 573/573 574/574
f 568/568 574/574 575/575
f 573/573 554/554 561/561
f 573/573 561/561 574/574
f 574/574 561/561 447/447
f 574/574 447/447 576/576
f 575/575 574/574 576/576
f 575/575 576/576 577/577
f 578/578 579/579 580/580
f 578/578 580/580 581/581
f 579/579 582/582 583/583
f 579/579 583/583 580/580
f 580/580 583/583 584/584
f 580/580 584/584 585/585
f 581/581 580/580 585/585
f 581/581 585/585 586/586
f 587/587 588/588 589/589
f 587/587 589/589 590/590
f 588/588 591/591 592/592
f 588/588 592/592 589/589
f 589/589 592/592 593/593
f 589/589 593/593 594/594
f 590/590 589/589 594/594
f 590/590 594/594 595/595
f 591/591 596/596 597/597
f 591/591 597/597 592/592
f 596/596 562/562 565/565
f 596/596 565/565 597/597
f 597/597 565/565 570/570
f 597/597 570/570 598/598
f 592/592 597/597 598/598
f 592/592 598/598 593/593
f 599/599 600/600 601/601
f 599/599 601/601 602/602
f 600/600 578/578 581/581
f 600/600 581/581 601/601
f 601/601 581/581 586/586
f 601/601 586/586 603/603
f 602/602 601/601 603/603
f 602/602 603/603 604/604
f 605/605 606/606 607/607
f 605/605 607/607 608/608
f 606/606 599/599 602/602
f 606/606 602/602 607/607
f 607/607 602/602 604/604
f 607/607 604/604 609/609
f 608/608 607/607 609/609
f 608/608 609/609 610/610
f 611/611 612/612 613/613
f 611/611 613/613 614/614
f 612/612 615/615 616/616
f 612/612 616/616 613/613
f 613/613 616/616 617/617
f 613/613 617/617 618/618
f 614/614 613/613 618/618
f 614/614 618/618 619/619
f 615/615 620/620 621/621
f 615/615 621/621 616/616
f 620/620 622/622 623/623
f 620/620 623/623 621/621
f 624/624 625/625 626/626
f 624/624 626/626 627/627
f 616/616 621/621 628/628
f 616/616 628/628 617/617
f 617/617 628/628 629/629
f 617/617 629/629 630/630
f 627/627 626/626 631/631
f 627/627 631/631 632/632
f 629/629 633/633 634/634
f 629/629 634/634 635/635
f 630/630 629/629 635/635
f 630/630 635/635 636/636
f 637/637 638/638 639/639
f 637/637 639/639 640/640
f 638/638 641/641 642/642
f 638/638 642/642 639/639
f 643/643 644/644 645/645
f 643/643 645/645 646/646
f 647/647 643/643 646/646
f 647/647 646/646 648/648
f 586/586 585/585 649/649
f 586/586 649/649 650/650
f 585/585 584/584 651/651
f 585/585 651/651 649/649
f 649/649 651/651 652/652
f 649/649 652/652 653/653
f 650/650 649/649 653/653
f 650/650 653/653 654/654
f 577/577 576/576 655/655
f 577/577 655/655 656/656
f 576/576 447/447 450/450
f 576/576 450/450 655/655
f 655/655 450/450 455/455
f 655/655 455/455 657/657
f 656/656 655/655 657/657
f 656/656 657/657 658/658
f 658/658 657/657 659/659
f 658/658 659/659 660/660
f 657/657 455/455 469/469
f 657/657 469/469 659/659
f 659/659 469/469 471/471
f 659/659 471/471 661/661
f 660/660 659/659 661/661
f 660/660 661/661 662/662
f 654/654 653/653 663/663
f 654/654 663/663 664/664
f 653/653 652/652 665/665
f 653/653 665/665 663/663
f 663/663 665/665 666/666
f 663/663 666/666 667/667
f 664/664 663/663 667/667
f 664/664 667/667 668/668
f 669/669 670/670 671/671
f 669/669 671/671 672/672
f 670/670 662/662 673/673
f 670/670 673/673 671/671
f 671/671 673/673 674/674
f 671/671 674/674 675/675
f 672/672 671/671 675/675
f 672/672 675/675 676/676
f 662/662 661/661 677/677
f 662/662 677/677 673/673
f 661/661 471/471 506/506
f 661/661 506/506 677/677
f 677/677 506/506 510/510
f 677/677 510/510 678/678
f 673/673 677/677 678/678
f 673/673 678/678 674/674
f 674/674 678/678 679/679
f 674/674 679/679 680/680
f 678/678 510/510 681/681
f 678/678 681/681 679/679
f 679/679 681/681 682/682
f 679/679 682/682 683/683
f 680/680 679/679 683/683
f 680/680 683/683 684/684
f 685/685 686/686 687/687
f 685/685 687/687 688/688
f 686/686 689/689 690/690
f 686/686 690/690 687/687
f 687/687 690/690 691/691
f 687/687 691/691 692/692
f 688/688 687/687 692/692
f 688/688 692/692 693/693
f 694/694 695/695 696/696
f 694/694 696/696 697/697
f 695/695 698/698 699/699
f 695/695 699/699 696/696
f 700/700 701/701 702/702
f 700/700 702/702 703/703
f 697/697 704/704 703/703
f 697/697 703/703 705/705
f 698/698 706/706 707/707
f 698/698 707/707 699/699
f 706/706 708/708 709/709
f 706/706 709/709 707/707
f 710/710 711/711 712/712
f 710/710 712/712 713/713
f 701/701 710/710 713/713
f 701/701 713/713 702/702
f 714/714 715/715 716/716
f 714/714 716/716 717/717
f 713/713 718/718 719/719
f 713/713 719/719 720/720
f 720/720 719/719 721/721
f 720/720 721/721 722/722
f 723/723 720/720 722/722
f 723/723 722/722 724/724
f 626/626 725/725 726/726
f 626/626 726/726 631/631
f 725/725 727/727 728/728
f 725/725 728/728 726/726
f 729/729 723/723 724/724
f 729/729 724/724 730/730
f 633/633 729/729 730/730
f 633/633 730/730 634/634
f 731/731 732/732 733/733
f 731/731 733/733 734/734
f 732/732 735/735 736/736
f 732/732 736/736 733/733
f 733/733 736/736 737/737
f 733/733 737/737 738/738
f 734/734 733/733 738/738
f 734/734 738/738 739/739
f 735/735 740/740 741/741
f 735/735 741/741 736/736
f 740/740 693/693 742/742
f 740/740 742/742 741/741
f 741/741 742/742 743/743
f 741/741 743/743 744/744
f 736/736 741/741 744/744
f 736/736 744/744 737/737
f 745/745 746/746 747/747
f 745/745 747/747 748/748
f 746/746 749/749 750/750
f 746/746 750/750 747/747
f 747/747 750/750 751/751
f 747/747 751/751 752/752
f 748/748 747/747 752/752
f 748/748 752/752 753/753
f 754/754 755/755 756/756
f 754/754 756/756 757/757
f 755/755 745/745 748/748
f 755/755 748/748 756/756
f 756/756 748/748 753/753
f 756/756 753/753 758/758
f 757/757 756/756 758/758
f 757/757 758/758 759/759
f 693/693 692/692 760/760
f 693/693 760/760 742/742
f 692/692 691/691 761/761
f 692/692 761/761 760/760
f 760/760 761/761 762/762
f 760/760 762/762 763/763
f 742/742 760/760 763/763
f 742/742 763/763 743/743
f 684/684 683/683 764/764
f 684/684 764/764 765/765
f 683/683 682/682 766/766
f 683/683 766/766 764/764
f 764/764 766/766 767/767
f 764/764 767/767 768/768
f 765/765 764/764 768/768
f 765/765 768/768 769/769
f 769/769 768/768 770/770
f 769/769 770/770 771/771
f 768/768 767/767 772/772
f 768/768 772/772 770/770
f 770/770 772/772 773/773
f 770/770 773/773 774/774
f 771/771 770/770 774/774
f 771/771 774/774 775/775
f 749/749 776/776 777/777
f 749/749 777/777 750/750
f 776/776 769/769 771/771
f 776/776 771/771 777/777
f 777/777 771/771 775/775
f 777/777 775/775 778/778
f 750/750 777/777 778/778
f 750/750 778/778 751/751
f 779/779 780/780 781/781
f 779/779 781/781 782/782
f 780/780 783/783 784/784
f 780/780 784/784 781/781
f 781/781 784/784 785/785
f 781/781 785/785 786/786
f 782/782 781/781 786/786
f 782/782 786/786 787/787
f 783/783 788/788 789/789
f 783/783 789/789 784/784
f 788/788 790/790 791/791
f 788/788 791/791 789/789
f 789/789 791/791 792/792
f 789/789 792/792 793/793
f 784/784 789/789 793/793
f 784/784 793/793 785/785
f 785/785 793/793 794/794
f 785/785 794/794 795/795
f 793/793 792/792 796/796
f 793/793 796/796 794/794
f 794/794 796/796 797/797
f 794/794 797/797 798/798
f 795/795 794/794 798/798
f 795/795 798/798 799/799
f 787/787 786/786 800/800
f 787/787 800/800 801/801
f 786/786 785/785 795/795
f 786/786 795/795 800/800
f 800/800 795/795 799/799
f 800/800 799/799 802/802
f 801/801 800/800 802/802
f 801/801 802/802 803/803
f 803/803 802/802 804/804
f 803/803 804/804 805/805
f 802/802 799/799 806/806
f 802/802 806/806 804/804
f 804/804 806/806 807/807
f 804/804 807/807 808/808
f 805/805 804/804 808/808
f 805/805 808/808 809/809
f 799/799 798/798 810/810
f 799/799 810/810 806/806
f 798/798 797/797 811/811
f 798/798 811/811 810/810
f 810/810 811/811 812/812
f 810/810 812/812 813/813
f 806/806 810/810 813/813
f 806/806 813/813 807/807
f 807/807 813/813 814/814
f 807/807 814/814 815/815
f 813/813 812/812 816/816
f 813/813 816/816 814/814
f 814/814 816/816 817/817
f 814/814 817/817 818/818
f 815/815 814/814 818/818
f 815/815 818/818 819/819
f 809/809 808/808 820/820
f 809/809 820/820 821/821
f 808/808 807/807 815/815
f 808/808 815/815 820/820
f 820/820 815/815 819/819
f 820/820 819/819 822/822
f 821/821 820/820 822/822
f 821/821 822/822 823/823
f 824/824 825/825 826/826
f 824/824 826/826 827/827
f 825/825 828/828 829/829
f 825/825 829/829 826/826
f 826/826 829/829 830/830
f 826/826 830/830 831/831
f 827/827 826/826 831/831
f 827/827 831/831 832/832
f 833/833 834/834 835/835
f 833/833 835/835 836/836
f 834/834 837/837 838/838
f 834/834 838/838 835/835
f 835/835 838/838 839/839
f 835/835 839/839 840/840
f 836/836 835/835 840/840
f 836/836 840/840 841/841
f 841/841 840/840 842/842
f 841/841 842/842 843/843
f 840/840 839/839 844/844
f 840/840 844/844 842/842
f 842/842 844/844 845/845
f 842/842 845/845 846/846
f 843/843 842/842 846/846
f 843/843 846/846 847/847
f 848/848 849/849 850/850
f 848/848 850/850 851/851
f 849/849 841/841 843/843
f 849/849 843/843 850/850
f 850/850 843/843 847/847
f 850/850 847/847 852/852
f 851/851 850/850 852/852
f 851/851 852/852 853/853
f 854/854 855/855 856/856
f 854/854 856/856 857/857
f 855/855 858/858 859/859
f 855/855 859/859 856/856
f 856/856 859/859 860/860
f 856/856 860/860 861/861
f 857/857 856/856 861/861
f 857/857 861/861 862/862
f 863/863 864/864 865/865
f 863/863 865/865 866/866
f 864/864 867/867 868/868
f 864/864 868/868 865/865
f 865/865 868/868 848/848
f 865/865 848/848 869/869
f 866/866 865/865 869/869
f 866/866 869/869 870/870
f 870/870 869/869 871/871
f 870/870 871/871 872/872
f 869/869 848/848 851/851
f 869/869 851/851 871/871
f 871/871 851/851 853/853
f 871/871 853/853 873/873
f 872/872 871/871 873/873
f 872/872 873/873 874/874
f 875/875 876/876 877/877
f 875/875 877/877 878/878
f 876/876 870/870 872/872
f 876/876 872/872 877/877
f 877/877 872/872 874/874
f 877/877 874/874 879/879
f 878/878 877/877 879/879
f 878/878 879/879 880/880
f 881/881 882/882 883/883
f 881/881 883/883 884/884
f 882/882 885/885 886/886
f 882/882 886/886 883/883
f 883/883 886/886 887/887
f 883/883 887/887 888/888
f 884/884 883/883 888/888
f 884/884 888/888 889/889
f 885/885 890/890 891/891
f 885/885 891/891 886/886
f 890/890 892/892 893/893
f 890/890 893/893 891/891
f 891/891 893/893 894/894
f 891/891 894/894 895/895
f 886/886 891/891 895/895
f 886/886 895/895 887/887
f 887/887 895/895 896/896
f 887/887 896/896 897/897
f 895/895 894/894 898/898
f 895/895 898/898 896/896
f 896/896 898/898 790/790
f 896/896 790/790 788/788
f 897/897 896/896 788/788
f 897/897 788/788 783/783
f 889/889 888/888 899/899
f 889/889 899/899 900/900
f 888/888 887/887 897/897
f 888/888 897/897 899/899
f 899/899 897/897 783/783
f 899/899 783/783 780/780
f 900/900 899/899 780/780
f 900/900 780/780 779/779
f 901/901 902/902 903/903
f 901/901 903/903 904/904
f 902/902 905/905 906/906
f 902/902 906/906 903/903
f 907/907 908/908 909/909
f 907/907 909/909 910/910
f 904/904 911/911 910/910
f 904/904 910/910 912/912
f 905/905 913/913 914/914
f 905/905 914/914 906/906
f 913/913 915/915 916/916
f 913/913 916/916 914/914
f 914/914 916/916 917/917
f 914/914 917/917 918/918
f 908/908 919/919 920/920
f 908/908 920/920 909/909
f 921/921 922/922 923/923
f 921/921 923/923 924/924
f 922/922 925/925 926/926
f 922/922 926/926 923/923
f 923/923 926/926 927/927
f 923/923 927/927 928/928
f 924/924 923/923 928/928
f 924/924 928/928 929/929
f 930/930 931/931 932/932
f 930/930 932/932 933/933
f 931/931 934/934 935/935
f 931/931 935/935 932/932
f 936/936 937/937 938/938
f 936/936 938/938 939/939
f 940/940 936/936 939/939
f 940/940 939/939 941/941
f 942/942 943/943 944/944
f 942/942 944/944 945/945
f 943/943 946/946 947/947
f 943/943 947/947 944/944
f 944/944 947/947 948/948
f 944/944 948/948 949/949
f 945/945 944/944 949/949
f 945/945 949/949 950/950
f 951/951 952/952 953/953
f 951/951 953/953 954/954
f 952/952 955/955 956/956
f 952/952 956/956 953/953
f 953/953 956/956 957/957
f 953/953 957/957 958/958
f 954/954 953/953 958/958
f 954/954 958/958 959/959
f 959/959 958/958 960/960
f 959/959 960/960 961/961
f 958/958 957/957 962/962
f 958/958 962/962 960/960
f 963/963 964/964 965/965
f 963/963 965/965 966/966
f 961/961 960/960 967/967
f 961/961 967/967 968/968
f 969/969 970/970 971/971
f 969/969 971/971 972/972
f 970/970 959/959 961/961
f 970/970 961/961 971/971
f 971/971 961/961 968/968
f 971/971 968/968 973/973
f 972/972 971/971 973/973
f 972/972 973/973 837/837
f 955/955 974/974 975/975
f 955/955 975/975 956/956
f 974/974 976/976 977/977
f 974/974 977/977 975/975
f 975/975 977/977 978/978
f 975/975 978/978 979/979
f 956/956 975/975 979/979
f 956/956 979/979 957/957
f 976/976 980/980 981/981
f 976/976 981/981 977/977
f 980/980 982/982 983/983
f 980/980 983/983 981/981
f 981/981 983/983 984/984
f 981/981 984/984 985/985
f 977/977 981/981 985/985
f 977/977 985/985 978/978
f 978/978 985/985 986/986
f 978/978 986/986 987/987
f 985/985 984/984 988/988
f 985/985 988/988 986/986
f 986/986 988/988 892/892
f 986/986 892/892 890/890
f 987/987 986/986 890/890
f 987/987 890/890 885/885
f 989/989 990/990 991/991
f 989/989 991/991 964/964
f 990/990 992/992 993/993
f 990/990 993/993 991/991
f 991/991 993/993 994/994
f 991/991 994/994 995/995
f 964/964 991/991 995/995
f 964/964 995/995 965/965
f 996/996 997/997 998/998
f 996/996 998/998 999/999
f 997/997 1000/1000 1001/1001
f 997/997 1001/1001 998/998
f 998/998 1001/1001 1002/1002
f 998/998 1002/1002 1003/1003
f 999/999 998/998 1003/1003
f 999/999 1003/1003 1004/1004
f 1000/1000 1005/1005 1006/1006
f 1000/1000 1006/1006 1001/1001
f 1005/1005 1007/1007 1008/1008
f 1005/1005 1008/1008 1006/1006
f 1006/1006 1008/1008 1009/1009
f 1006/1006 1009/1009 1010/1010
f 1001/1001 1006/1006 1010/1010
f 1001/1001 1010/1010 1002/1002
f 1002/1002 1010/1010 1011/1011
f 1002/1002 1011/1011 1012/1012
f 1010/1010 1009/1009 1013/1013
f 1010/1010 1013/1013 1011/1011
f 1011/1011 1013/1013 867/867
f 1011/1011 867/867 864/864
f 1012/1012 1011/1011 864/864
f 1012/1012 864/864 863/863
f 1014/1014 1015/1015 1016/1016
f 1014/1014 1016/1016 1017/1017
f 1018/1018 1019/1019 1020/1020
f 1018/1018 1020/1020 1021/1021
f 1016/1016 1022/1022 858/858
f 1016/1016 858/858 855/855
f 1017/1017 1016/1016 855/855
f 1017/1017 855/855 854/854
f 1007/1007 1023/1023 1024/1024
f 1007/1007 1024/1024 1008/1008
f 1023/1023 1025/1025 1026/1026
f 1023/1023 1026/1026 1024/1024
f 1024/1024 1026/1026 1027/1027
f 1024/1024 1027/1027 1028/1028
f 1008/1008 1024/1024 1028/1028
f 1008/1008 1028/1028 1009/1009
f 1029/1029 1030/1030 1031/1031
f 1029/1029 1031/1031 1032/1032
f 1030/1030 942/942 945/945
f 1030/1030 945/945 1031/1031
f 1031/1031 945/945 950/950
f 1031/1031 950/950 1033/1033
f 1032/1032 1031/1031 1033/1033
f 1032/1032 1033/1033 1034/1034
f 1035/1035 1036/1036 1037/1037
f 1035/1035 1037/1037 1038/1038
f 1036/1036 969/969 972/972
f 1036/1036 972/972 1037/1037
f 1037/1037 972/972 837/837
f 1037/1037 837/837 834/834
f 1038/1038 1037/1037 834/834
f 1038/1038 834/834 833/833
f 1039/1039 1040/1040 1041/1041
f 1039/1039 1041/1041 1042/1042
f 1040/1040 1043/1043 1044/1044
f 1040/1040 1044/1044 1041/1041
f 1041/1041 1044/1044 828/828
f 1041/1041 828/828 825/825
f 1042/1042 1041/1041 825/825
f 1042/1042 825/825 824/824
f 1045/1045 1046/1046 1047/1047
f 1045/1045 1047/1047 1048/1048
f 1046/1046 1049/1049 1050/1050
f 1046/1046 1050/1050 1047/1047
f 1047/1047 1050/1050 1051/1051
f 1047/1047 1051/1051 1052/1052
f 1048/1048 1047/1047 1052/1052
f 1048/1048 1052/1052 1053/1053
f 1049/1049 1054/1054 1055/1055
f 1049/1049 1055/1055 1050/1050
f 1054/1054 996/996 999/999
f 1054/1054 999/999 1055/1055
f 1055/1055 999/999 1004/1004
f 1055/1055 1004/1004 1056/1056
f 1050/1050 1055/1055 1056/1056
f 1050/1050 1056/1056 1051/1051
f 1057/1057 1058/1058 1059/1059
f 1057/1057 1059/1059 1060/1060
f 1058/1058 1014/1014 1017/1017
f 1058/1058 1017/1017 1059/1059
f 1059/1059 1017/1017 854/854
f 1059/1059 854/854 1061/1061
f 1060/1060 1059/1059 1061/1061
f 1060/1060 1061/1061 1062/1062
f 1053/1053 1052/1052 1063/1063
f 1053/1053 1063/1063 1064/1064
f 1052/1052 1051/1051 1065/1065
f 1052/1052 1065/1065 1063/1063
f 1063/1063 1065/1065 1066/1066
f 1063/1063 1066/1066 1067/1067
f 1064/1064 1063/1063 1067/1067
f 1064/1064 1067/1067 622/622
f 1068/1068 1069/1069 1070/1070
f 1068/1068 1070/1070 1071/1071
f 1072/1072 1073/1073 1074/1074
f 1072/1072 1074/1074 1075/1075
f 1075/1075 1074/1074 1076/1076
f 1075/1075 1076/1076 1077/1077
f 1071/1071 1070/1070 1078/1078
f 1071/1071 1078/1078 1079/1079
f 1080/1080 1081/1081 1082/1082
f 1080/1080 1082/1082 1083/1083
f 1081/1081 1045/1045 1048/1048
f 1081/1081 1048/1048 1082/1082
f 1082/1082 1048/1048 1053/1053
f 1082/1082 1053/1053 1084/1084
f 1083/1083 1082/1082 1084/1084
f 1083/1083 1084/1084 1085/1085
f 1085/1085 1084/1084 1086/1086
f 1085/1085 1086/1086 1087/1087
f 1084/1084 1053/1053 1064/1064
f 1084/1084 1064/1064 1086/1086
f 1086/1086 1064/1064 622/622
f 1086/1086 622/622 620/620
f 1087/1087 1086/1086 620/620
f 1087/1087 620/620 615/615
f 1079/1079 1078/1078 1088/1088
f 1079/1079 1088/1088 1089/1089
f 1077/1077 1076/1076 1090/1090
f 1077/1077 1090/1090 1091/1091
f 1091/1091 1090/1090 1092/1092
f 1091/1091 1092/1092 1093/1093
f 1089/1089 1088/1088 1094/1094
f 1089/1089 1094/1094 1095/1095
f 1096/1096 1097/1097 1098/1098
f 1096/1096 1098/1098 1099/1099
f 1097/1097 1100/1100 1101/1101
f 1097/1097 1101/1101 1098/1098
f 1098/1098 1101/1101 1102/1102
f 1098/1098 1102/1102 1103/1103
f 1099/1099 1098/1098 1103/1103
f 1099/1099 1103/1103 1104/1104
f 1105/1105 1106/1106 1107/1107
f 1105/1105 1107/1107 1108/1108
f 1106/1106 1109/1109 1110/1110
f 1106/1106 1110/1110 1107/1107
f 1107/1107 1110/1110 1111/1111
f 1107/1107 1111/1111 1112/1112
f 1108/1108 1107/1107 1112/1112
f 1108/1108 1112/1112 1113/1113
f 1113/1113 1112/1112 1114/1114
f 1113/1113 1114/1114 1115/1115
f 1112/1112 1111/1111 1116/1116
f 1112/1112 1116/1116 1114/1114
f 1114/1114 1116/1116 1117/1117
f 1114/1114 1117/1117 1118/1118
f 1115/1115 1114/1114 1118/1118
f 1115/1115 1118/1118 1119/1119
f 1120/1120 1121/1121 1122/1122
f 1120/1120 1122/1122 1123/1123
f 1121/1121 1113/1113 1115/1115
f 1121/1121 1115/1115 1122/1122
f 1122/1122 1115/1115 1119/1119
f 1122/1122 1119/1119 1124/1124
f 1123/1123 1122/1122 1124/1124
f 1123/1123 1124/1124 1125/1125
f 1109/1109 1126/1126 1127/1127
f 1109/1109 1127/1127 1110/1110
f 1126/1126 1128/1128 1129/1129
f 1126/1126 1129/1129 1127/1127
f 1127/1127 1129/1129 1130/1130
f 1127/1127 1130/1130 1131/1131
f 1110/1110 1127/1127 1131/1131
f 1110/1110 1131/1131 1111/1111
f 1132/1132 1133/1133 1134/1134
f 1132/1132 1134/1134 1135/1135
f 1133/1133 1136/1136 1137/1137
f 1133/1133 1137/1137 1134/1134
f 1134/1134 1137/1137 1138/1138
f 1134/1134 1138/1138 1139/1139
f 1135/1135 1134/1134 1139/1139
f 1135/1135 1139/1139 1140/1140
f 1130/1130 1141/1141 1142/1142
f 1130/1130 1142/1142 1143/1143
f 1141/1141 1144/1144 1145/1145
f 1141/1141 1145/1145 1142/1142
f 1142/1142 1145/1145 1146/1146
f 1142/1142 1146/1146 1147/1147
f 1143/1143 1142/1142 1147/1147
f 1143/1143 1147/1147 1148/1148
f 1111/1111 1131/1131 1149/1149
f 1111/1111 1149/1149 1116/1116
f 1131/1131 1130/1130 1143/1143
f 1131/1131 1143/1143 1149/1149
f 1149/1149 1143/1143 1148/1148
f 1149/1149 1148/1148 1150/1150
f 1116/1116 1149/1149 1150/1150
f 1116/1116 1150/1150 1117/1117
f 1151/1151 1152/1152 1153/1153
f 1151/1151 1153/1153 1154/1154
f 1152/1152 1155/1155 1156/1156
f 1152/1152 1156/1156 1153/1153
f 1153/1153 1156/1156 1157/1157
f 1153/1153 1157/1157 1158/1158
f 1154/1154 1153/1153 1158/1158
f 1154/1154 1158/1158 1159/1159
f 1155/1155 1160/1160 1161/1161
f 1155/1155 1161/1161 1156/1156
f 1160/1160 1162/1162 1163/1163
f 1160/1160 1163/1163 1161/1161
f 1161/1161 1163/1163 1164/1164
f 1161/1161 1164/1164 1165/1165
f 1156/1156 1161/1161 1165/1165
f 1156/1156 1165/1165 1157/1157
f 1166/1166 1167/1167 1168/1168
f 1166/1166 1168/1168 1169/1169
f 1170/1170 1171/1171 1172/1172
f 1170/1170 1172/1172 1173/1173
f 1174/1174 1172/1172 1175/1175
f 1174/1174 1175/1175 1176/1176
f 1169/1169 1174/1174 1176/1176
f 1169/1169 1176/1176 1177/1177
f 1178/1178 1179/1179 1180/1180
f 1178/1178 1180/1180 1181/1181
f 1179/1179 338/338 341/341
f 1179/1179 341/341 1180/1180
f 1180/1180 341/341 345/345
f 1180/1180 345/345 1182/1182
f 1181/1181 1180/1180 1182/1182
f 1181/1181 1182/1182 1183/1183
f 1184/1184 1185/1185 1186/1186
f 1184/1184 1186/1186 1187/1187
f 1185/1185 1188/1188 1189/1189
f 1185/1185 1189/1189 1186/1186
f 1186/1186 349/349 1190/1190
f 1186/1186 1190/1190 1191/1191
f 1187/1187 1186/1186 1191/1191
f 1187/1187 1191/1191 1192/1192
f 1193/1193 1194/1194 1195/1195
f 1193/1193 1195/1195 1196/1196
f 1197/1197 1198/1198 1199/1199
f 1197/1197 1199/1199 1200/1200
f 1201/1201 1187/1187 1192/1192
f 1201/1201 1192/1192 1202/1202
f 1203/1203 1204/1204 1205/1205
f 1203/1203 1205/1205 1206/1206
f 1166/1166 1207/1207 1208/1208
f 1166/1166 1208/1208 1209/1209
f 1207/1207 1210/1210 1211/1211
f 1207/1207 1211/1211 1208/1208
f 1208/1208 1211/1211 1212/1212
f 1208/1208 1212/1212 1213/1213
f 1209/1209 1208/1208 1213/1213
f 1209/1209 1213/1213 1214/1214
f 1215/1215 1216/1216 1217/1217
f 1215/1215 1217/1217 1218/1218
f 1216/1216 1166/1166 1209/1209
f 1216/1216 1209/1209 1217/1217
f 1217/1217 1209/1209 1214/1214
f 1217/1217 1214/1214 1219/1219
f 1218/1218 1217/1217 1219/1219
f 1218/1218 1219/1219 1136/1136
f 1220/1220 1221/1221 1222/1222
f 1220/1220 1222/1222 1223/1223
f 1221/1221 1224/1224 1225/1225
f 1221/1221 1225/1225 1222/1222
f 1222/1222 1225/1225 1226/1226
f 1222/1222 1226/1226 1227/1227
f 1223/1223 1222/1222 1227/1227
f 1223/1223 1227/1227 1228/1228
f 1224/1224 1229/1229 1230/1230
f 1224/1224 1230/1230 1225/1225
f 1229/1229 1231/1231 1232/1232
f 1229/1229 1232/1232 1230/1230
f 1230/1230 1232/1232 1233/1233
f 1230/1230 1233/1233 1234/1234
f 1225/1225 1230/1230 1234/1234
f 1225/1225 1234/1234 1226/1226
f 1235/1235 1236/1236 1237/1237
f 1235/1235 1237/1237 1238/1238
f 1236/1236 1239/1239 1240/1240
f 1236/1236 1240/1240 1237/1237
f 1237/1237 1240/1240 1241/1241
f 1237/1237 1241/1241 1242/1242
f 1238/1238 1237/1237 1242/1242
f 1238/1238 1242/1242 1243/1243
f 1244/1244 1245/1245 1246/1246
f 1244/1244 1246/1246 1247/1247
f 1245/1245 1235/1235 1238/1238
f 1245/1245 1238/1238 1246/1246
f 1246/1246 1238/1238 1243/1243
f 1246/1246 1243/1243 1248/1248
f 1247/1247 1246/1246 1248/1248
f 1247/1247 1248/1248 1249/1249
f 1231/1231 1250/1250 1251/1251
f 1231/1231 1251/1251 1232/1232
f 1250/1250 1252/1252 1253/1253
f 1250/1250 1253/1253 1251/1251
f 1251/1251 1253/1253 1254/1254
f 1251/1251 1254/1254 1255/1255
f 1232/1232 1251/1251 1255/1255
f 1232/1232 1255/1255 1233/1233
f 1252/1252 1256/1256 1257/1257
f 1252/1252 1257/1257 1253/1253
f 1256/1256 1258/1258 1259/1259
f 1256/1256 1259/1259 1257/1257
f 1257/1257 1259/1259 1260/1260
f 1257/1257 1260/1260 1261/1261
f 1253/1253 1257/1257 1261/1261
f 1253/1253 1261/1261 1254/1254
f 1262/1262 1263/1263 1264/1264
f 1262/1262 1264/1264 1265/1265
f 1263/1263 1266/1266 1267/1267
f 1263/1263 1267/1267 1264/1264
f 1264/1264 1267/1267 1268/1268
f 1264/1264 1268/1268 1269/1269
f 1265/1265 1264/1264 1269/1269
f 1265/1265 1269/1269 1270/1270
f 1239/1239 1271/1271 1272/1272
f 1239/1239 1272/1272 1240/1240
f 1271/1271 1262/1262 1265/1265
f 1271/1271 1265/1265 1272/1272
f 1272/1272 1265/1265 1270/1270
f 1272/1272 1270/1270 1273/1273
f 1240/1240 1272/1272 1273/1273
f 1240/1240 1273/1273 1241/1241
f 1274/1274 1275/1275 1276/1276
f 1274/1274 1276/1276 1277/1277
f 1275/1275 1278/1278 1279/1279
f 1275/1275 1279/1279 1276/1276
f 1276/1276 1279/1279 1280/1280
f 1276/1276 1280/1280 1281/1281
f 1277/1277 1276/1276 1281/1281
f 1277/1277 1281/1281 1282/1282
f 1278/1278 1283/1283 1284/1284
f 1278/1278 1284/1284 1279/1279
f 1283/1283 1285/1285 1286/1286
f 1283/1283 1286/1286 1284/1284
f 1284/1284 1286/1286 1287/1287
f 1284/1284 1287/1287 1288/1288
f 1279/1279 1284/1284 1288/1288
f 1279/1279 1288/1288 1280/1280
f 1280/1280 1288/1288 1289/1289
f 1280/1280 1289/1289 1290/1290
f 1288/1288 1287/1287 1291/1291
f 1288/1288 1291/1291 1289/1289
f 1289/1289 1291/1291 1292/1292
f 1289/1289 1292/1292 1293/1293
f 1290/1290 1289/1289 1293/1293
f 1290/1290 1293/1293 1294/1294
f 1282/1282 1281/1281 1295/1295
f 1282/1282 1295/1295 1296/1296
f 1281/1281 1280/1280 1290/1290
f 1281/1281 1290/1290 1295/1295
f 1295/1295 1290/1290 1294/1294
f 1295/1295 1294/1294 1297/1297
f 1296/1296 1295/1295 1297/1297
f 1296/1296 1297/1297 1298/1298
f 1298/1298 1297/1297 1299/1299
f 1298/1298 1299/1299 1300/1300
f 1297/1297 1294/1294 1301/1301
f 1297/1297 1301/1301 1299/1299
f 1299/1299 1301/1301 1302/1302
f 1299/1299 1302/1302 1303/1303
f 1300/1300 1299/1299 1303/1303
f 1300/1300 1303/1303 1304/1304
f 1294/1294 1293/1293 1305/1305
f 1294/1294 1305/1305 1301/1301
f 1293/1293 1292/1292 1306/1306
f 1293/1293 1306/1306 1305/1305
f 1305/1305 1306/1306 1307/1307
f 1305/1305 1307/1307 1308/1308
f 1301/1301 1305/1305 1308/1308
f 1301/1301 1308/1308 1302/1302
f 1302/1302 1308/1308 1309/1309
f 1302/1302 1309/1309 1310/1310
f 1308/1308 1307/1307 1311/1311
f 1308/1308 1311/1311 1309/1309
f 1309/1309 1311/1311 1109/1109
f 1309/1309 1109/1109 1106/1106
f 1310/1310 1309/1309 1106/1106
f 1310/1310 1106/1106 1105/1105
f 1312/1312 1313/1313 1314/1314
f 1312/1312 1314/1314 1315/1315
f 1313/1313 1316/1316 1317/1317
f 1313/1313 1317/1317 1314/1314
f 1314/1314 1317/1317 1100/1100
f 1314/1314 1100/1100 1097/1097
f 1315/1315 1314/1314 1097/1097
f 1315/1315 1097/1097 1096/1096
f 1292/1292 1318/1318 1319/1319
f 1292/1292 1319/1319 1306/1306
f 1318/1318 1320/1320 1321/1321
f 1318/1318 1321/1321 1319/1319
f 1319/1319 1321/1321 1322/1322
f 1319/1319 1322/1322 1323/1323
f 1306/1306 1319/1319 1323/1323
f 1306/1306 1323/1323 1307/1307
f 1324/1324 1325/1325 1326/1326
f 1324/1324 1326/1326 1327/1327
f 1325/1325 1328/1328 1329/1329
f 1325/1325 1329/1329 1326/1326
f 1326/1326 1329/1329 1215/1215
f 1326/1326 1215/1215 1330/1330
f 1327/1327 1326/1326 1330/1330
f 1327/1327 1330/1330 1331/1331
f 1331/1331 1330/1330 1332/1332
f 1331/1331 1332/1332 1333/1333
f 1330/1330 1215/1215 1218/1218
f 1330/1330 1218/1218 1332/1332
f 1332/1332 1218/1218 1136/1136
f 1332/1332 1136/1136 1133/1133
f 1333/1333 1332/1332 1133/1133
f 1333/1333 1133/1133 1132/1132
f 1307/1307 1323/1323 1334/1334
f 1307/1307 1334/1334 1311/1311
f 1323/1323 1322/1322 1335/1335
f 1323/1323 1335/1335 1334/1334
f 1334/1334 1335/1335 1128/1128
f 1334/1334 1128/1128 1126/1126
f 1311/1311 1334/1334 1126/1126
f 1311/1311 1126/1126 1109/1109
f 1285/1285 1336/1336 1337/1337
f 1285/1285 1337/1337 1286/1286
f 1336/1336 1338/1338 1339/1339
f 1336/1336 1339/1339 1337/1337
f 1337/1337 1339/1339 1340/1340
f 1337/1337 1340/1340 1341/1341
f 1286/1286 1337/1337 1341/1341
f 1286/1286 1341/1341 1287/1287
f 1342/1342 1343/1343 1344/1344
f 1342/1342 1344/1344 1345/1345
f 1343/1343 1151/1151 1154/1154
f 1343/1343 1154/1154 1344/1344
f 1344/1344 1154/1154 1159/1159
f 1344/1344 1159/1159 1346/1346
f 1345/1345 1344/1344 1346/1346
f 1345/1345 1346/1346 1347/1347
f 1347/1347 1346/1346 1348/1348
f 1347/1347 1348/1348 1349/1349
f 1346/1346 1159/1159 1350/1350
f 1346/1346 1350/1350 1348/1348
f 1348/1348 1350/1350 1328/1328
f 1348/1348 1328/1328 1325/1325
f 1349/1349 1348/1348 1325/1325
f 1349/1349 1325/1325 1324/1324
f 1287/1287 1341/1341 1351/1351
f 1287/1287 1351/1351 1291/1291
f 1341/1341 1340/1340 1352/1352
f 1341/1341 1352/1352 1351/1351
f 1351/1351 1352/1352 1320/1320
f 1351/1351 1320/1320 1318/1318
f 1291/1291 1351/1351 1318/1318
f 1291/1291 1318/1318 1292/1292
f 1353/1353 1354/1354 1355/1355
f 1353/1353 1355/1355 1356/1356
f 1354/1354 1357/1357 1358/1358
f 1354/1354 1358/1358 1355/1355
f 1355/1355 1358/1358 1359/1359
f 1355/1355 1359/1359 1360/1360
f 1356/1356 1355/1355 1360/1360
f 1356/1356 1360/1360 1361/1361
f 1357/1357 1362/1362 1363/1363
f 1357/1357 1363/1363 1358/1358
f 1362/1362 1298/1298 1300/1300
f 1362/1362 1300/1300 1363/1363
f 1363/1363 1300/1300 1304/1304
f 1363/1363 1304/1304 1364/1364
f 1358/1358 1363/1363 1364/1364
f 1358/1358 1364/1364 1359/1359
f 1365/1365 1366/1366 1367/1367
f 1365/1365 1367/1367 1368/1368
f 1366/1366 1312/1312 1315/1315
f 1366/1366 1315/1315 1367/1367
f 1367/1367 1315/1315 1096/1096
f 1367/1367 1096/1096 1369/1369
f 1368/1368 1367/1367 1369/1369
f 1368/1368 1369/1369 1370/1370
f 1361/1361 1360/1360 1371/1371
f 1361/1361 1371/1371 1372/1372
f 1360/1360 1359/1359 1373/1373
f 1360/1360 1373/1373 1371/1371
f 1371/1371 1373/1373 1374/1374
f 1371/1371 1374/1374 1375/1375
f 1372/1372 1371/1371 1375/1375
f 1372/1372 1375/1375 1376/1376
f 1377/1377 1378/1378 1379/1379
f 1377/1377 1379/1379 1380/1380
f 1378/1378 1381/1381 1382/1382
f 1378/1378 1382/1382 1379/1379
f 1379/1379 1382/1382 1383/1383
f 1379/1379 1383/1383 1384/1384
f 1380/1380 1379/1379 1384/1384
f 1380/1380 1384/1384 1385/1385
f 1381/1381 1386/1386 1387/1387
f 1381/1381 1387/1387 1382/1382
f 1386/1386 1274/1274 1277/1277
f 1386/1386 1277/1277 1387/1387
f 1387/1387 1277/1277 1282/1282
f 1387/1387 1282/1282 1388/1388
f 1382/1382 1387/1387 1388/1388
f 1382/1382 1388/1388 1383/1383
f 1383/1383 1388/1388 1389/1389
f 1383/1383 1389/1389 1390/1390
f 1388/1388 1282/1282 1296/1296
f 1388/1388 1296/1296 1389/1389
f 1389/1389 1296/1296 1298/1298
f 1389/1389 1298/1298 1362/1362
f 1390/1390 1389/1389 1362/1362
f 1390/1390 1362/1362 1357/1357
f 1385/1385 1384/1384 1391/1391
f 1385/1385 1391/1391 1392/1392
f 1384/1384 1383/1383 1390/1390
f 1384/1384 1390/1390 1391/1391
f 1391/1391 1390/1390 1357/1357
f 1391/1391 1357/1357 1354/1354
f 1392/1392 1391/1391 1354/1354
f 1392/1392 1354/1354 1353/1353
f 1393/1393 1394/1394 1395/1395
f 1393/1393 1395/1395 1396/1396
f 1394/1394 1397/1397 1398/1398
f 1394/1394 1398/1398 1395/1395
f 1395/1395 1398/1398 1399/1399
f 1395/1395 1399/1399 1400/1400
f 1396/1396 1395/1395 1400/1400
f 1396/1396 1400/1400 1401/1401
f 1402/1402 1403/1403 1404/1404
f 1402/1402 1404/1404 1405/1405
f 1403/1403 1406/1406 1407/1407
f 1403/1403 1407/1407 1404/1404
f 1404/1404 1407/1407 1408/1408
f 1404/1404 1408/1408 1409/1409
f 1405/1405 1404/1404 1409/1409
f 1405/1405 1409/1409 1410/1410
f 1399/1399 1411/1411 1412/1412
f 1399/1399 1412/1412 1413/1413
f 1411/1411 1414/1414 1415/1415
f 1411/1411 1415/1415 1412/1412
f 1412/1412 1415/1415 1274/1274
f 1412/1412 1274/1274 1386/1386
f 1413/1413 1412/1412 1386/1386
f 1413/1413 1386/1386 1381/1381
f 1401/1401 1400/1400 1416/1416
f 1401/1401 1416/1416 1417/1417
f 1400/1400 1399/1399 1413/1413
f 1400/1400 1413/1413 1416/1416
f 1416/1416 1413/1413 1381/1381
f 1416/1416 1381/1381 1378/1378
f 1417/1417 1416/1416 1378/1378
f 1417/1417 1378/1378 1377/1377
f 1418/1418 1419/1419 1420/1420
f 1418/1418 1420/1420 1421/1421
f 1419/1419 1422/1422 1423/1423
f 1419/1419 1423/1423 1420/1420
f 1420/1420 1423/1423 1424/1424
f 1420/1420 1424/1424 1425/1425
f 1421/1421 1420/1420 1425/1425
f 1421/1421 1425/1425 1426/1426
f 1427/1427 1428/1428 1429/1429
f 1427/1427 1429/1429 1430/1430
f 1428/1428 1431/1431 1432/1432
f 1428/1428 1432/1432 1429/1429
f 1429/1429 1432/1432 1433/1433
f 1429/1429 1433/1433 1434/1434
f 1430/1430 1429/1429 1434/1434
f 1430/1430 1434/1434 1435/1435
f 1435/1435 1434/1434 1436/1436
f 1435/1435 1436/1436 1437/1437
f 1434/1434 1433/1433 1438/1438
f 1434/1434 1438/1438 1436/1436
f 1436/1436 1438/1438 1406/1406
f 1436/1436 1406/1406 1403/1403
f 1437/1437 1436/1436 1403/1403
f 1437/1437 1403/1403 1402/1402
f 1426/1426 1425/1425 1439/1439
f 1426/1426 1439/1439 1440/1440
f 1425/1425 1424/1424 1441/1441
f 1425/1425 1441/1441 1439/1439
f 1439/1439 1441/1441 1397/1397
f 1439/1439 1397/1397 1394/1394
f 1440/1440 1439/1439 1394/1394
f 1440/1440 1394/1394 1393/1393
f 1442/1442 1443/1443 1444/1444
f 1442/1442 1444/1444 1445/1445
f 1443/1443 1446/1446 1447/1447
f 1443/1443 1447/1447 1444/1444
f 1444/1444 1447/1447 1448/1448
f 1444/1444 1448/1448 1449/1449
f 1445/1445 1444/1444 1449/1449
f 1445/1445 1449/1449 1450/1450
f 1446/1446 1451/1451 1452/1452
f 1446/1446 1452/1452 1447/1447
f 1453/1453 1454/1454 1455/1455
f 1453/1453 1455/1455 1456/1456
f 1456/1456 1455/1455 1457/1457
f 1456/1456 1457/1457 1458/1458
f 1447/1447 1452/1452 1459/1459
f 1447/1447 1459/1459 1448/1448
f 1448/1448 1459/1459 1460/1460
f 1448/1448 1460/1460 1461/1461
f 1458/1458 1457/1457 1462/1462
f 1458/1458 1462/1462 1463/1463
f 1464/1464 1462/1462 1465/1465
f 1464/1464 1465/1465 1466/1466
f 1461/1461 1460/1460 1466/1466
f 1461/1461 1466/1466 1467/1467
f 1450/1450 1449/1449 1468/1468
f 1450/1450 1468/1468 1469/1469
f 1449/1449 1448/1448 1470/1470
f 1449/1449 1470/1470 1468/1468
f 1471/1471 1472/1472 1473/1473
f 1471/1471 1473/1473 1474/1474
f 1469/1469 1468/1468 1475/1475
f 1469/1469 1475/1475 1476/1476
f 1406/1406 1477/1477 1478/1478
f 1406/1406 1478/1478 1407/1407
f 1477/1477 1479/1479 1480/1480
f 1477/1477 1480/1480 1478/1478
f 1478/1478 1480/1480 1481/1481
f 1478/1478 1481/1481 1482/1482
f 1407/1407 1478/1478 1482/1482
f 1407/1407 1482/1482 1408/1408
f 1479/1479 1483/1483 1484/1484
f 1479/1479 1484/1484 1480/1480
f 1483/1483 1485/1485 1486/1486
f 1483/1483 1486/1486 1484/1484
f 1484/1484 1486/1486 1487/1487
f 1484/1484 1487/1487 1488/1488
f 1480/1480 1484/1484 1488/1488
f 1480/1480 1488/1488 1481/1481
f 1489/1489 1490/1490 1491/1491
f 1489/1489 1491/1491 1492/1492
f 1490/1490 1493/1493 1494/1494
f 1490/1490 1494/1494 1491/1491
f 1491/1491 1494/1494 1285/1285
f 1491/1491 1285/1285 1283/1283
f 1492/1492 1491/1491 1283/1283
f 1492/1492 1283/1283 1278/1278
f 1414/1414 1495/1495 1496/1496
f 1414/1414 1496/1496 1415/1415
f 1495/1495 1489/1489 1492/1492
f 1495/1495 1492/1492 1496/1496
f 1496/1496 1492/1492 1278/1278
f 1496/1496 1278/1278 1275/1275
f 1415/1415 1496/1496 1275/1275
f 1415/1415 1275/1275 1274/1274
f 1485/1485 1497/1497 1498/1498
f 1485/1485 1498/1498 1486/1486
f 1497/1497 1499/1499 1500/1500
f 1497/1497 1500/1500 1498/1498
f 1498/1498 1500/1500 1501/1501
f 1498/1498 1501/1501 1502/1502
f 1486/1486 1498/1498 1502/1502
f 1486/1486 1502/1502 1487/1487
f 1499/1499 1503/1503 1504/1504
f 1499/1499 1504/1504 1500/1500
f 1503/1503 1505/1505 1506/1506
f 1503/1503 1506/1506 1504/1504
f 1504/1504 1506/1506 1507/1507
f 1504/1504 1507/1507 1508/1508
f 1500/1500 1504/1504 1508/1508
f 1500/1500 1508/1508 1501/1501
f 1509/1509 1510/1510 1511/1511
f 1509/1509 1511/1511 1512/1512
f 1510/1510 1513/1513 1514/1514
f 1510/1510 1514/1514 1511/1511
f 1511/1511 1514/1514 1515/1515
f 1511/1511 1515/1515 1516/1516
f 1512/1512 1511/1511 1516/1516
f 1512/1512 1516/1516 1338/1338
f 1493/1493 1517/1517 1518/1518
f 1493/1493 1518/1518 1494/1494
f 1517/1517 1509/1509 1512/1512
f 1517/1517 1512/1512 1518/1518
f 1518/1518 1512/1512 1338/1338
f 1518/1518 1338/1338 1336/1336
f 1494/1494 1518/1518 1336/1336
f 1494/1494 1336/1336 1285/1285
f 1476/1476 1475/1475 1519/1519
f 1476/1476 1519/1519 1520/1520
f 1475/1475 1521/1521 1522/1522
f 1475/1475 1522/1522 1519/1519
f 1519/1519 1522/1522 1523/1523
f 1519/1519 1523/1523 1524/1524
f 1520/1520 1519/1519 1524/1524
f 1520/1520 1524/1524 1525/1525
f 1526/1526 1527/1527 1528/1528
f 1526/1526 1528/1528 1529/1529
f 1530/1530 1531/1531 1532/1532
f 1530/1530 1532/1532 1533/1533
f 1533/1533 1532/1532 1534/1534
f 1533/1533 1534/1534 1535/1535
f 1522/1522 1533/1533 1535/1535
f 1522/1522 1535/1535 1523/1523
f 1523/1523 1535/1535 1536/1536
f 1523/1523 1536/1536 1537/1537
f 1535/1535 1534/1534 1538/1538
f 1535/1535 1538/1538 1536/1536
f 1536/1536 1538/1538 1539/1539
f 1536/1536 1539/1539 1540/1540
f 1537/1537 1536/1536 1540/1540
f 1537/1537 1540/1540 1541/1541
f 1525/1525 1524/1524 1542/1542
f 1525/1525 1542/1542 1543/1543
f 1524/1524 1523/1523 1537/1537
f 1524/1524 1537/1537 1542/1542
f 1542/1542 1537/1537 1541/1541
f 1542/1542 1541/1541 1544/1544
f 1543/1543 1542/1542 1544/1544
f 1543/1543 1544/1544 1545/1545
f 1546/1546 1547/1547 1548/1548
f 1546/1546 1548/1548 1549/1549
f 1547/1547 1550/1550 1551/1551
f 1547/1547 1551/1551 1548/1548
f 1548/1548 1551/1551 1552/1552
f 1548/1548 1552/1552 1553/1553
f 1549/1549 1548/1548 1553/1553
f 1549/1549 1553/1553 1554/1554
f 1555/1555 1556/1556 1557/1557
f 1555/1555 1557/1557 1558/1558
f 1556/1556 1559/1559 1560/1560
f 1556/1556 1560/1560 1557/1557
f 1557/1557 1560/1560 1561/1561
f 1557/1557 1561/1561 1562/1562
f 1558/1558 1557/1557 1562/1562
f 1558/1558 1562/1562 1563/1563
f 1563/1563 1562/1562 1564/1564
f 1563/1563 1564/1564 1565/1565
f 1562/1562 1561/1561 1566/1566
f 1562/1562 1566/1566 1564/1564
f 1564/1564 1566/1566 1567/1567
f 1564/1564 1567/1567 1568/1568
f 1565/1565 1564/1564 1568/1568
f 1565/1565 1568/1568 1569/1569
f 1554/1554 1553/1553 1570/1570
f 1554/1554 1570/1570 1571/1571
f 1553/1553 1552/1552 1572/1572
f 1553/1553 1572/1572 1570/1570
f 1570/1570 1572/1572 1569/1569
f 1570/1570 1569/1569 1573/1573
f 1571/1571 1570/1570 1573/1573
f 1571/1571 1573/1573 1505/1505
f 1505/1505 1573/1573 1574/1574
f 1505/1505 1574/1574 1506/1506
f 1573/1573 1569/1569 1575/1575
f 1573/1573 1575/1575 1574/1574
f 1574/1574 1575/1575 1576/1576
f 1574/1574 1576/1576 1577/1577
f 1506/1506 1574/1574 1577/1577
f 1506/1506 1577/1577 1507/1507
f 1569/1569 1568/1568 1578/1578
f 1569/1569 1578/1578 1575/1575
f 1568/1568 1567/1567 1579/1579
f 1568/1568 1579/1579 1578/1578
f 1578/1578 1579/1579 1580/1580
f 1578/1578 1580/1580 1581/1581
f 1575/1575 1578/1578 1581/1581
f 1575/1575 1581/1581 1576/1576
f 1576/1576 1581/1581 1582/1582
f 1576/1576 1582/1582 1583/1583
f 1581/1581 1580/1580 1584/1584
f 1581/1581 1584/1584 1582/1582
f 1582/1582 1584/1584 1162/1162
f 1582/1582 1162/1162 1160/1160
f 1583/1583 1582/1582 1160/1160
f 1583/1583 1160/1160 1585/1585
f 1513/1513 1586/1586 1587/1587
f 1513/1513 1587/1587 1514/1514
f 1586/1586 1576/1576 1583/1583
f 1586/1586 1583/1583 1587/1587
f 1587/1587 1583/1583 1585/1585
f 1587/1587 1585/1585 1588/1588
f 1514/1514 1587/1587 1588/1588
f 1514/1514 1588/1588 1515/1515
f 1589/1589 1590/1590 1591/1591
f 1589/1589 1591/1591 1592/1592
f 1590/1590 1593/1593 1594/1594
f 1590/1590 1594/1594 1591/1591
f 1591/1591 1594/1594 1595/1595
f 1591/1591 1595/1595 1596/1596
f 1592/1592 1591/1591 1596/1596
f 1592/1592 1596/1596 1597/1597
f 1598/1598 1599/1599 1600/1600
f 1598/1598 1600/1600 1601/1601
f 1599/1599 1602/1602 1603/1603
f 1599/1599 1603/1603 1600/1600
f 1600/1600 1603/1603 1604/1604
f 1600/1600 1604/1604 1605/1605
f 1601/1601 1600/1600 1605/1605
f 1601/1601 1605/1605 1606/1606
f 1595/1595 1607/1607 1608/1608
f 1595/1595 1608/1608 1609/1609
f 1607/1607 1610/1610 1611/1611
f 1607/1607 1611/1611 1608/1608
f 1608/1608 1611/1611 1612/1612
f 1608/1608 1612/1612 1613/1613
f 1609/1609 1608/1608 1613/1613
f 1609/1609 1613/1613 1614/1614
f 1597/1597 1596/1596 1615/1615
f 1597/1597 1615/1615 1616/1616
f 1596/1596 1595/1595 1609/1609
f 1596/1596 1609/1609 1615/1615
f 1615/1615 1609/1609 1614/1614
f 1615/1615 1614/1614 1617/1617
f 1616/1616 1615/1615 1617/1617
f 1616/1616 1617/1617 1618/1618
f 1602/1602 1619/1619 1620/1620
f 1602/1602 1620/1620 1603/1603
f 1619/1619 1621/1621 1622/1622
f 1619/1619 1622/1622 1620/1620
f 1620/1620 1622/1622 1623/1623
f 1620/1620 1623/1623 1624/1624
f 1603/1603 1620/1620 1624/1624
f 1603/1603 1624/1624 1604/1604
f 1625/1625 1626/1626 1627/1627
f 1625/1625 1627/1627 1628/1628
f 1626/1626 1629/1629 1630/1630
f 1626/1626 1630/1630 1627/1627
f 1627/1627 1630/1630 1631/1631
f 1627/1627 1631/1631 1632/1632
f 1628/1628 1627/1627 1632/1632
f 1628/1628 1632/1632 1633/1633
f 1633/1633 1632/1632 1634/1634
f 1633/1633 1634/1634 1635/1635
f 1632/1632 1631/1631 1636/1636
f 1632/1632 1636/1636 1634/1634
f 1634/1634 1636/1636 1637/1637
f 1634/1634 1637/1637 1638/1638
f 1635/1635 1634/1634 1638/1638
f 1635/1635 1638/1638 1639/1639
f 1610/1610 1640/1640 1641/1641
f 1610/1610 1641/1641 1611/1611
f 1640/1640 1633/1633 1635/1635
f 1640/1640 1635/1635 1641/1641
f 1641/1641 1635/1635 1639/1639
f 1641/1641 1639/1639 1642/1642
f 1611/1611 1641/1641 1642/1642
f 1611/1611 1642/1642 1612/1612
f 1643/1643 1644/1644 1645/1645
f 1643/1643 1645/1645 1646/1646
f 1647/1647 1648/1648 1649/1649
f 1647/1647 1649/1649 1650/1650
f 1650/1650 1649/1649 1651/1651
f 1650/1650 1651/1651 1652/1652
f 1646/1646 1645/1645 1653/1653
f 1646/1646 1653/1653 1654/1654
f 1648/1648 1655/1655 1656/1656
f 1648/1648 1656/1656 1649/1649
f 1655/1655 1657/1657 1658/1658
f 1655/1655 1658/1658 1656/1656
f 1656/1656 1658/1658 1659/1659
f 1656/1656 1659/1659 1660/1660
f 1649/1649 1656/1656 1660/1660
f 1649/1649 1660/1660 1651/1651
f 1661/1661 1662/1662 1663/1663
f 1661/1661 1663/1663 1664/1664
f 1662/1662 1665/1665 1666/1666
f 1662/1662 1666/1666 1663/1663
f 1663/1663 1666/1666 1667/1667
f 1663/1663 1667/1667 1668/1668
f 1664/1664 1663/1663 1668/1668
f 1664/1664 1668/1668 1669/1669
f 1670/1670 1652/1652 1671/1671
f 1670/1670 1671/1671 1672/1672
f 1652/1652 1651/1651 1673/1673
f 1652/1652 1673/1673 1671/1671
f 1671/1671 1673/1673 1669/1669
f 1671/1671 1669/1669 1674/1674
f 1672/1672 1671/1671 1674/1674
f 1672/1672 1674/1674 1675/1675
f 1545/1545 1544/1544 1676/1676
f 1545/1545 1676/1676 1677/1677
f 1544/1544 1541/1541 1678/1678
f 1544/1544 1678/1678 1676/1676
f 1676/1676 1678/1678 1679/1679
f 1676/1676 1679/1679 1680/1680
f 1681/1681 1682/1682 1683/1683
f 1681/1681 1683/1683 1684/1684
f 1541/1541 1540/1540 1685/1685
f 1541/1541 1685/1685 1678/1678
f 1540/1540 1539/1539 1686/1686
f 1540/1540 1686/1686 1685/1685
f 1685/1685 1686/1686 1687/1687
f 1685/1685 1687/1687 1688/1688
f 1678/1678 1685/1685 1688/1688
f 1678/1678 1688/1688 1679/1679
f 1689/1689 1690/1690 1691/1691
f 1689/1689 1691/1691 1692/1692
f 1690/1690 1693/1693 1694/1694
f 1690/1690 1694/1694 1691/1691
f 1691/1691 1694/1694 1657/1657
f 1691/1691 1657/1657 1655/1655
f 1692/1692 1691/1691 1655/1655
f 1692/1692 1655/1655 1648/1648
f 1695/1695 1696/1696 1697/1697
f 1695/1695 1697/1697 1698/1698
f 1696/1696 1689/1689 1692/1692
f 1696/1696 1692/1692 1697/1697
f 1697/1697 1692/1692 1648/1648
f 1697/1697 1648/1648 1647/1647
f 1698/1698 1697/1697 1647/1647
f 1698/1698 1647/1647 1699/1699
f 1700/1700 1701/1701 1702/1702
f 1700/1700 1702/1702 1703/1703
f 1701/1701 1704/1704 1705/1705
f 1701/1701 1705/1705 1702/1702
f 1702/1702 1705/1705 1706/1706
f 1702/1702 1706/1706 1707/1707
f 1703/1703 1702/1702 1707/1707
f 1703/1703 1707/1707 1708/1708
f 1704/1704 1709/1709 1710/1710
f 1704/1704 1710/1710 1705/1705
f 1709/1709 1589/1589 1592/1592
f 1709/1709 1592/1592 1710/1710
f 1710/1710 1592/1592 1597/1597
f 1710/1710 1597/1597 1711/1711
f 1705/1705 1710/1710 1711/1711
f 1705/1705 1711/1711 1706/1706
f 1706/1706 1711/1711 1712/1712
f 1706/1706 1712/1712 1713/1713
f 1711/1711 1597/1597 1616/1616
f 1711/1711 1616/1616 1712/1712
f 1712/1712 1616/1616 1618/1618
f 1712/1712 1618/1618 1714/1714
f 1713/1713 1712/1712 1714/1714
f 1713/1713 1714/1714 1715/1715
f 1708/1708 1707/1707 1716/1716
f 1708/1708 1716/1716 1717/1717
f 1707/1707 1706/1706 1713/1713
f 1707/1707 1713/1713 1716/1716
f 1716/1716 1713/1713 1715/1715
f 1716/1716 1715/1715 1718/1718
f 1717/1717 1716/1716 1718/1718
f 1717/1717 1718/1718 1719/1719
f 1675/1675 1674/1674 1720/1720
f 1675/1675 1720/1720 1721/1721
f 1674/1674 1669/1669 1722/1722
f 1674/1674 1722/1722 1720/1720
f 1720/1720 1722/1722 1723/1723
f 1720/1720 1723/1723 1724/1724
f 1721/1721 1720/1720 1724/1724
f 1721/1721 1724/1724 1725/1725
f 1669/1669 1668/1668 1726/1726
f 1669/1669 1726/1726 1722/1722
f 1668/1668 1667/1667 1727/1727
f 1668/1668 1727/1727 1726/1726
f 1726/1726 1727/1727 1728/1728
f 1726/1726 1728/1728 1729/1729
f 1722/1722 1726/1726 1729/1729
f 1722/1722 1729/1729 1730/1730
f 1723/1723 1731/1731 1732/1732
f 1723/1723 1732/1732 1733/1733
f 1731/1731 1734/1734 1735/1735
f 1731/1731 1735/1735 1732/1732
f 1732/1732 1735/1735 1736/1736
f 1732/1732 1736/1736 1737/1737
f 1733/1733 1732/1732 1737/1737
f 1733/1733 1737/1737 1738/1738
f 1725/1725 1724/1724 1739/1739
f 1725/1725 1739/1739 1740/1740
f 1724/1724 1723/1723 1733/1733
f 1724/1724 1733/1733 1739/1739
f 1739/1739 1733/1733 1738/1738
f 1739/1739 1738/1738 1741/1741
f 1740/1740 1739/1739 1741/1741
f 1740/1740 1741/1741 1742/1742
f 1743/1743 1744/1744 1745/1745
f 1743/1743 1745/1745 1746/1746
f 1744/1744 1747/1747 1748/1748
f 1744/1744 1748/1748 1745/1745
f 1745/1745 1748/1748 1749/1749
f 1745/1745 1749/1749 1750/1750
f 1746/1746 1745/1745 1750/1750
f 1746/1746 1750/1750 1751/1751
f 1747/1747 1752/1752 1753/1753
f 1747/1747 1753/1753 1748/1748
f 1752/1752 1754/1754 1755/1755
f 1752/1752 1755/1755 1753/1753
f 1753/1753 1755/1755 1756/1756
f 1753/1753 1756/1756 1757/1757
f 1748/1748 1753/1753 1757/1757
f 1748/1748 1757/1757 1749/1749
f 1749/1749 1757/1757 1758/1758
f 1749/1749 1758/1758 1759/1759
f 1757/1757 1756/1756 1760/1760
f 1757/1757 1760/1760 1758/1758
f 1761/1761 1762/1762 1763/1763
f 1761/1761 1763/1763 1764/1764
f 1765/1765 1761/1761 1764/1764
f 1765/1765 1764/1764 1766/1766
f 1751/1751 1750/1750 1767/1767
f 1751/1751 1767/1767 1248/1248
f 1750/1750 1749/1749 1759/1759
f 1750/1750 1759/1759 1767/1767
f 1767/1767 1759/1759 1768/1768
f 1767/1767 1768/1768 1769/1769
f 1248/1248 1767/1767 1769/1769
f 1248/1248 1769/1769 1249/1249
f 1249/1249 1769/1769 1770/1770
f 1249/1249 1770/1770 1771/1771
f 1772/1772 1773/1773 1774/1774
f 1772/1772 1774/1774 1775/1775
f 1775/1775 1774/1774 1776/1776
f 1775/1775 1776/1776 1777/1777
f 1771/1771 1770/1770 1778/1778
f 1771/1771 1778/1778 1779/1779
f 1780/1780 1781/1781 1782/1782
f 1780/1780 1782/1782 1783/1783
f 1781/1781 1784/1784 1785/1785
f 1781/1781 1785/1785 1786/1786
f 1787/1787 1785/1785 1788/1788
f 1787/1787 1788/1788 1789/1789
f 1783/1783 1782/1782 1790/1790
f 1783/1783 1790/1790 1791/1791
f 1791/1791 1790/1790 1792/1792
f 1791/1791 1792/1792 1793/1793
f 1789/1789 1788/1788 1794/1794
f 1789/1789 1794/1794 1795/1795
f 1795/1795 1794/1794 1796/1796
f 1795/1795 1796/1796 1797/1797
f 1798/1798 1795/1795 1797/1797
f 1798/1798 1797/1797 1799/1799
f 1800/1800 1801/1801 1802/1802
f 1800/1800 1802/1802 1803/1803
f 1804/1804 1805/1805 1798/1798
f 1804/1804 1798/1798 1806/1806
f 1806/1806 1798/1798 1799/1799
f 1806/1806 1799/1799 1807/1807
f 1803/1803 1802/1802 1808/1808
f 1803/1803 1808/1808 1809/1809
f 1810/1810 1811/1811 1812/1812
f 1810/1810 1812/1812 1813/1813
f 1811/1811 1814/1814 1815/1815
f 1811/1811 1815/1815 1812/1812
f 1812/1812 1815/1815 1816/1816
f 1812/1812 1816/1816 1817/1817
f 1813/1813 1812/1812 1817/1817
f 1813/1813 1817/1817 1818/1818
f 1814/1814 1819/1819 1820/1820
f 1814/1814 1820/1820 1815/1815
f 1819/1819 1545/1545 1677/1677
f 1819/1819 1677/1677 1820/1820
f 1820/1820 1677/1677 1821/1821
f 1820/1820 1821/1821 1822/1822
f 1815/1815 1820/1820 1822/1822
f 1815/1815 1822/1822 1816/1816
f 1816/1816 1822/1822 1823/1823
f 1816/1816 1823/1823 1824/1824
f 1825/1825 1826/1826 1827/1827
f 1825/1825 1827/1827 1828/1828
f 1828/1828 1827/1827 1829/1829
f 1828/1828 1829/1829 1830/1830
f 1824/1824 1823/1823 1831/1831
f 1824/1824 1831/1831 1832/1832
f 1818/1818 1817/1817 1833/1833
f 1818/1818 1833/1833 1834/1834
f 1817/1817 1816/1816 1824/1824
f 1817/1817 1824/1824 1833/1833
f 1833/1833 1824/1824 1832/1832
f 1833/1833 1832/1832 1835/1835
f 1834/1834 1833/1833 1835/1835
f 1834/1834 1835/1835 1836/1836
f 1836/1836 1835/1835 1837/1837
f 1836/1836 1837/1837 1838/1838
f 1835/1835 1832/1832 1839/1839
f 1835/1835 1839/1839 1837/1837
f 1837/1837 1839/1839 1840/1840
f 1837/1837 1840/1840 1841/1841
f 1838/1838 1837/1837 1841/1841
f 1838/1838 1841/1841 1842/1842
f 1832/1832 1831/1831 1843/1843
f 1832/1832 1843/1843 1839/1839
f 1831/1831 1844/1844 1845/1845
f 1831/1831 1845/1845 1843/1843
f 1843/1843 1845/1845 1846/1846
f 1843/1843 1846/1846 1847/1847
f 1839/1839 1843/1843 1847/1847
f 1839/1839 1847/1847 1840/1840
f 1848/1848 1849/1849 1850/1850
f 1848/1848 1850/1850 1851/1851
f 1852/1852 1853/1853 1854/1854
f 1852/1852 1854/1854 1855/1855
f 1850/1850 1672/1672 1675/1675
f 1850/1850 1675/1675 1856/1856
f 1851/1851 1850/1850 1856/1856
f 1851/1851 1856/1856 1857/1857
f 1858/1858 1859/1859 1860/1860
f 1858/1858 1860/1860 1861/1861
f 1859/1859 1848/1848 1851/1851
f 1859/1859 1851/1851 1860/1860
f 1860/1860 1851/1851 1857/1857
f 1860/1860 1857/1857 1862/1862
f 1861/1861 1860/1860 1862/1862
f 1861/1861 1862/1862 1863/1863
f 1864/1864 1865/1865 1866/1866
f 1864/1864 1866/1866 1867/1867
f 1865/1865 1868/1868 1869/1869
f 1865/1865 1869/1869 1866/1866
f 1866/1866 1869/1869 1870/1870
f 1866/1866 1870/1870 1871/1871
f 1867/1867 1866/1866 1871/1871
f 1867/1867 1871/1871 1872/1872
f 1868/1868 1873/1873 1874/1874
f 1868/1868 1874/1874 1869/1869
f 1873/1873 1476/1476 1875/1875
f 1873/1873 1875/1875 1874/1874
f 1874/1874 1875/1875 1876/1876
f 1874/1874 1876/1876 1877/1877
f 1869/1869 1874/1874 1877/1877
f 1869/1869 1877/1877 1870/1870
f 1870/1870 1877/1877 1878/1878
f 1870/1870 1878/1878 1879/1879
f 1877/1877 1876/1876 1880/1880
f 1877/1877 1880/1880 1878/1878
f 1881/1881 1882/1882 1883/1883
f 1881/1881 1883/1883 1884/1884
f 1885/1885 1881/1881 1884/1884
f 1885/1885 1884/1884 1886/1886
f 1887/1887 1888/1888 1889/1889
f 1887/1887 1889/1889 1890/1890
f 1888/1888 1870/1870 1879/1879
f 1888/1888 1879/1879 1889/1889
f 1891/1891 1885/1885 1886/1886
f 1891/1891 1886/1886 1892/1892
f 1893/1893 1891/1891 1892/1892
f 1893/1893 1892/1892 1894/1894
f 1895/1895 1896/1896 1897/1897
f 1895/1895 1897/1897 1898/1898
f 1896/1896 1899/1899 1900/1900
f 1896/1896 1900/1900 1897/1897
f 1901/1901 1902/1902 1903/1903
f 1901/1901 1903/1903 1904/1904
f 1905/1905 1901/1901 1904/1904
f 1905/1905 1904/1904 1906/1906
f 1899/1899 1907/1907 1908/1908
f 1899/1899 1908/1908 1900/1900
f 1907/1907 1909/1909 1910/1910
f 1907/1907 1910/1910 1908/1908
f 1911/1911 1912/1912 1913/1913
f 1911/1911 1913/1913 1914/1914
f 1902/1902 1911/1911 1914/1914
f 1902/1902 1914/1914 1903/1903
f 1915/1915 1916/1916 1917/1917
f 1915/1915 1917/1917 1918/1918
f 1916/1916 1450/1450 1469/1469
f 1916/1916 1469/1469 1917/1917
f 1917/1917 1469/1469 1476/1476
f 1917/1917 1476/1476 1873/1873
f 1918/1918 1917/1917 1873/1873
f 1918/1918 1873/1873 1868/1868
f 1919/1919 1920/1920 1921/1921
f 1919/1919 1921/1921 1922/1922
f 1920/1920 1915/1915 1918/1918
f 1920/1920 1918/1918 1921/1921
f 1921/1921 1918/1918 1868/1868
f 1921/1921 1868/1868 1865/1865
f 1922/1922 1921/1921 1865/1865
f 1922/1922 1865/1865 1864/1864
f 1171/1171 1923/1923 1924/1924
f 1171/1171 1924/1924 1172/1172
f 1925/1925 1193/1193 1196/1196
f 1925/1925 1196/1196 1926/1926
f 1926/1926 1927/1927 1206/1206
f 1926/1926 1206/1206 1928/1928
f 1172/1172 1924/1924 1929/1929
f 1172/1172 1929/1929 1175/1175
f 1930/1930 1931/1931 1932/1932
f 1930/1930 1932/1932 1933/1933
f 1931/1931 1166/1166 1169/1169
f 1931/1931 1169/1169 1932/1932
f 1932/1932 1169/1169 1177/1177
f 1932/1932 1177/1177 1934/1934
f 1933/1933 1932/1932 1934/1934
f 1933/1933 1934/1934 1935/1935
f 365/365 1936/1936 1937/1937
f 365/365 1937/1937 366/366
f 1936/1936 383/383 386/386
f 1936/1936 386/386 1937/1937
f 1937/1937 386/386 391/391
f 1937/1937 391/391 1938/1938
f 366/366 1937/1937 1938/1938
f 366/366 1938/1938 367/367
f 333/333 517/517 1939/1939
f 333/333 1939/1939 342/342
f 517/517 361/361 364/364
f 517/517 364/364 1939/1939
f 1939/1939 364/364 369/369
f 1939/1939 369/369 1940/1940
f 342/342 1939/1939 1940/1940
f 342/342 1940/1940 343/343
f 1941/1941 1942/1942 1943/1943
f 1941/1941 1943/1943 1944/1944
f 1942/1942 1945/1945 1946/1946
f 1942/1942 1946/1946 1943/1943
f 1943/1943 1946/1946 1947/1947
f 1943/1943 1947/1947 1948/1948
f 1944/1944 1943/1943 1948/1948
f 1944/1944 1948/1948 1949/1949
f 1945/1945 1950/1950 1951/1951
f 1945/1945 1951/1951 1946/1946
f 1950/1950 1952/1952 1953/1953
f 1950/1950 1953/1953 1951/1951
f 1951/1951 1953/1953 1954/1954
f 1951/1951 1954/1954 1955/1955
f 1946/1946 1951/1951 1955/1955
f 1946/1946 1955/1955 1947/1947
f 1956/1956 1957/1957 1958/1958
f 1956/1956 1958/1958 1959/1959
f 1957/1957 1960/1960 1961/1961
f 1957/1957 1961/1961 1958/1958
f 1958/1958 1961/1961 1962/1962
f 1958/1958 1962/1962 1963/1963
f 1959/1959 1958/1958 1963/1963
f 1959/1959 1963/1963 1964/1964
f 1964/1964 1963/1963 1965/1965
f 1964/1964 1965/1965 1966/1966
f 1963/1963 1962/1962 1967/1967
f 1963/1963 1967/1967 1965/1965
f 1965/1965 1967/1967 1968/1968
f 1965/1965 1968/1968 1969/1969
f 1966/1966 1965/1965 1969/1969
f 1966/1966 1969/1969 1970/1970
f 1962/1962 1971/1971 1972/1972
f 1962/1962 1972/1972 1967/1967
f 1971/1971 1973/1973 1974/1974
f 1971/1971 1974/1974 1972/1972
f 1972/1972 1974/1974 1975/1975
f 1972/1972 1975/1975 1976/1976
f 1967/1967 1972/1972 1976/1976
f 1967/1967 1976/1976 1968/1968
f 1960/1960 1977/1977 1978/1978
f 1960/1960 1978/1978 1961/1961
f 1977/1977 1979/1979 1980/1980
f 1977/1977 1980/1980 1978/1978
f 1978/1978 1980/1980 1973/1973
f 1978/1978 1973/1973 1971/1971
f 1961/1961 1978/1978 1971/1971
f 1961/1961 1971/1971 1962/1962
f 1981/1981 1982/1982 1983/1983
f 1981/1981 1983/1983 1984/1984
f 1982/1982 1985/1985 1986/1986
f 1982/1982 1986/1986 1983/1983
f 1983/1983 1986/1986 1987/1987
f 1983/1983 1987/1987 1988/1988
f 1984/1984 1983/1983 1988/1988
f 1984/1984 1988/1988 1989/1989
f 1985/1985 1990/1990 1991/1991
f 1985/1985 1991/1991 1986/1986
f 1990/1990 1992/1992 1993/1993
f 1990/1990 1993/1993 1991/1991
f 1991/1991 1993/1993 1994/1994
f 1991/1991 1994/1994 1995/1995
f 1986/1986 1991/1991 1995/1995
f 1986/1986 1995/1995 1987/1987
f 1996/1996 1997/1997 1998/1998
f 1996/1996 1998/1998 1999/1999
f 1997/1997 2000/2000 2001/2001
f 1997/1997 2001/2001 1998/1998
f 1998/1998 2001/2001 2002/2002
f 1998/1998 2002/2002 2003/2003
f 1999/1999 1998/1998 2003/2003
f 1999/1999 2003/2003 2004/2004
f 2004/2004 2003/2003 2005/2005
f 2004/2004 2005/2005 2006/2006
f 2003/2003 2002/2002 2007/2007
f 2003/2003 2007/2007 2005/2005
f 2005/2005 2007/2007 2008/2008
f 2005/2005 2008/2008 2009/2009
f 2006/2006 2005/2005 2009/2009
f 2006/2006 2009/2009 2010/2010
f 2011/2011 2012/2012 2013/2013
f 2011/2011 2013/2013 2014/2014
f 2012/2012 2015/2015 2016/2016
f 2012/2012 2016/2016 2013/2013
f 2013/2013 2016/2016 2017/2017
f 2013/2013 2017/2017 2018/2018
f 2014/2014 2013/2013 2018/2018
f 2014/2014 2018/2018 2019/2019
f 2019/2019 2018/2018 2020/2020
f 2019/2019 2020/2020 2021/2021
f 2018/2018 2017/2017 2022/2022
f 2018/2018 2022/2022 2020/2020
f 2020/2020 2022/2022 2023/2023
f 2020/2020 2023/2023 2024/2024
f 2021/2021 2020/2020 2024/2024
f 2021/2021 2024/2024 2025/2025
f 2017/2017 2026/2026 2027/2027
f 2017/2017 2027/2027 2022/2022
f 2026/2026 2028/2028 2029/2029
f 2026/2026 2029/2029 2027/2027
f 2027/2027 2029/2029 2030/2030
f 2027/2027 2030/2030 2031/2031
f 2022/2022 2027/2027 2031/2031
f 2022/2022 2031/2031 2023/2023
f 2015/2015 2032/2032 2033/2033
f 2015/2015 2033/2033 2016/2016
f 2032/2032 2034/2034 2035/2035
f 2032/2032 2035/2035 2033/2033
f 2033/2033 2035/2035 2028/2028
f 2033/2033 2028/2028 2026/2026
f 2016/2016 2033/2033 2026/2026
f 2016/2016 2026/2026 2017/2017
f 2036/2036 2037/2037 2038/2038
f 2036/2036 2038/2038 2039/2039
f 2037/2037 2040/2040 2041/2041
f 2037/2037 2041/2041 2038/2038
f 2038/2038 2041/2041 2042/2042
f 2038/2038 2042/2042 2043/2043
f 2039/2039 2038/2038 2043/2043
f 2039/2039 2043/2043 2044/2044
f 2045/2045 2046/2046 2047/2047
f 2045/2045 2047/2047 2048/2048
f 2046/2046 2049/2049 2050/2050
f 2046/2046 2050/2050 2047/2047
f 2047/2047 2050/2050 2040/2040
f 2047/2047 2040/2040 2037/2037
f 2048/2048 2047/2047 2037/2037
f 2048/2048 2037/2037 2036/2036
f 2051/2051 2052/2052 2053/2053
f 2051/2051 2053/2053 2054/2054
f 2052/2052 2055/2055 2056/2056
f 2052/2052 2056/2056 2053/2053
f 2053/2053 2056/2056 2057/2057
f 2053/2053 2057/2057 2058/2058
f 2054/2054 2053/2053 2058/2058
f 2054/2054 2058/2058 2059/2059
f 2059/2059 2058/2058 2060/2060
f 2059/2059 2060/2060 2061/2061
f 2058/2058 2057/2057 2062/2062
f 2058/2058 2062/2062 2060/2060
f 2060/2060 2062/2062 2063/2063
f 2060/2060 2063/2063 2064/2064
f 2061/2061 2060/2060 2064/2064
f 2061/2061 2064/2064 2065/2065
f 2066/2066 2067/2067 2068/2068
f 2066/2066 2068/2068 2069/2069
f 2067/2067 2070/2070 2071/2071
f 2067/2067 2071/2071 2068/2068
f 2068/2068 2071/2071 2072/2072
f 2068/2068 2072/2072 2073/2073
f 2069/2069 2068/2068 2073/2073
f 2069/2069 2073/2073 2074/2074
f 2070/2070 2075/2075 2076/2076
f 2070/2070 2076/2076 2071/2071
f 2075/2075 2077/2077 2078/2078
f 2075/2075 2078/2078 2076/2076
f 2076/2076 2078/2078 2079/2079
f 2076/2076 2079/2079 2080/2080
f 2071/2071 2076/2076 2080/2080
f 2071/2071 2080/2080 2072/2072
f 2072/2072 2080/2080 2081/2081
f 2072/2072 2081/2081 2082/2082
f 2080/2080 2079/2079 2083/2083
f 2080/2080 2083/2083 2081/2081
f 2081/2081 2083/2083 2084/2084
f 2081/2081 2084/2084 2085/2085
f 2082/2082 2081/2081 2085/2085
f 2082/2082 2085/2085 2086/2086
f 2074/2074 2073/2073 2087/2087
f 2074/2074 2087/2087 2088/2088
f 2073/2073 2072/2072 2082/2082
f 2073/2073 2082/2082 2087/2087
f 2087/2087 2082/2082 2086/2086
f 2087/2087 2086/2086 2089/2089
f 2088/2088 2087/2087 2089/2089
f 2088/2088 2089/2089 2090/2090
f 2091/2091 2092/2092 2093/2093
f 2091/2091 2093/2093 2094/2094
f 2092/2092 2095/2095 2096/2096
f 2092/2092 2096/2096 2093/2093
f 2093/2093 2096/2096 2097/2097
f 2093/2093 2097/2097 2098/2098
f 2094/2094 2093/2093 2098/2098
f 2094/2094 2098/2098 2099/2099
f 2099/2099 2098/2098 2100/2100
f 2099/2099 2100/2100 2101/2101
f 2098/2098 2097/2097 2102/2102
f 2098/2098 2102/2102 2100/2100
f 2100/2100 2102/2102 2103/2103
f 2100/2100 2103/2103 2104/2104
f 2101/2101 2100/2100 2104/2104
f 2101/2101 2104/2104 2105/2105
f 2106/2106 2107/2107 2108/2108
f 2106/2106 2108/2108 2109/2109
f 2107/2107 2110/2110 2111/2111
f 2107/2107 2111/2111 2108/2108
f 2108/2108 2111/2111 2112/2112
f 2108/2108 2112/2112 2113/2113
f 2109/2109 2108/2108 2113/2113
f 2109/2109 2113/2113 2114/2114
f 2110/2110 2115/2115 2116/2116
f 2110/2110 2116/2116 2111/2111
f 2115/2115 2117/2117 2118/2118
f 2115/2115 2118/2118 2116/2116
f 2116/2116 2118/2118 2119/2119
f 2116/2116 2119/2119 2120/2120
f 2111/2111 2116/2116 2120/2120
f 2111/2111 2120/2120 2112/2112
f 2121/2121 2122/2122 2123/2123
f 2121/2121 2123/2123 2124/2124
f 2122/2122 2125/2125 2126/2126
f 2122/2122 2126/2126 2123/2123
f 2123/2123 2126/2126 2127/2127
f 2123/2123 2127/2127 2128/2128
f 2124/2124 2123/2123 2128/2128
f 2124/2124 2128/2128 2129/2129
f 2125/2125 2130/2130 2131/2131
f 2125/2125 2131/2131 2126/2126
f 2130/2130 2132/2132 2133/2133
f 2130/2130 2133/2133 2131/2131
f 2131/2131 2133/2133 2134/2134
f 2131/2131 2134/2134 2135/2135
f 2126/2126 2131/2131 2135/2135
f 2126/2126 2135/2135 2127/2127
f 2127/2127 2135/2135 2136/2136
f 2127/2127 2136/2136 2137/2137
f 2135/2135 2134/2134 2138/2138
f 2135/2135 2138/2138 2136/2136
f 2136/2136 2138/2138 2139/2139
f 2136/2136 2139/2139 2140/2140
f 2137/2137 2136/2136 2140/2140
f 2137/2137 2140/2140 2141/2141
f 2129/2129 2128/2128 2142/2142
f 2129/2129 2142/2142 2143/2143
f 2128/2128 2127/2127 2137/2137
f 2128/2128 2137/2137 2142/2142
f 2142/2142 2137/2137 2141/2141
f 2142/2142 2141/2141 2144/2144
f 2143/2143 2142/2142 2144/2144
f 2143/2143 2144/2144 2145/2145
f 2146/2146 2147/2147 2148/2148
f 2146/2146 2148/2148 2149/2149
f 2147/2147 2150/2150 2151/2151
f 2147/2147 2151/2151 2148/2148
f 2148/2148 2151/2151 2152/2152
f 2148/2148 2152/2152 2153/2153
f 2149/2149 2148/2148 2153/2153
f 2149/2149 2153/2153 2154/2154
f 2155/2155 2156/2156 2157/2157
f 2155/2155 2157/2157 2158/2158
f 2156/2156 2146/2146 2149/2149
f 2156/2156 2149/2149 2157/2157
f 2157/2157 2149/2149 2154/2154
f 2157/2157 2154/2154 2122/2122
f 2158/2158 2157/2157 2122/2122
f 2158/2158 2122/2122 2121/2121
f 2159/2159 2160/2160 2161/2161
f 2159/2159 2161/2161 2162/2162
f 2160/2160 2163/2163 2164/2164
f 2160/2160 2164/2164 2161/2161
f 2161/2161 2164/2164 2165/2165
f 2161/2161 2165/2165 2166/2166
f 2162/2162 2161/2161 2166/2166
f 2162/2162 2166/2166 2167/2167
f 2008/2008 2168/2168 2169/2169
f 2008/2008 2169/2169 2170/2170
f 2168/2168 2171/2171 2172/2172
f 2168/2168 2172/2172 2169/2169
f 2169/2169 2172/2172 2173/2173
f 2169/2169 2173/2173 2174/2174
f 2170/2170 2169/2169 2174/2174
f 2170/2170 2174/2174 2175/2175
f 2045/2045 2048/2048 2176/2176
f 2045/2045 2176/2176 2177/2177
f 2048/2048 2178/2178 2179/2179
f 2048/2048 2179/2179 2176/2176
f 2176/2176 2179/2179 2180/2180
f 2176/2176 2180/2180 2181/2181
f 2182/2182 2183/2183 2184/2184
f 2182/2182 2184/2184 2185/2185
f 2186/2186 2187/2187 2188/2188
f 2186/2186 2188/2188 2189/2189
f 2187/2187 2190/2190 2191/2191
f 2187/2187 2191/2191 2188/2188
f 2188/2188 2191/2191 2192/2192
f 2188/2188 2192/2192 2193/2193
f 2189/2189 2188/2188 2193/2193
f 2189/2189 2193/2193 2194/2194
f 2171/2171 2195/2195 2196/2196
f 2171/2171 2196/2196 2172/2172
f 2195/2195 2197/2197 2198/2198
f 2195/2195 2198/2198 2196/2196
f 2199/2199 2200/2200 2201/2201
f 2199/2199 2201/2201 2202/2202
f 2172/2172 2196/2196 2203/2203
f 2172/2172 2203/2203 2173/2173
f 2190/2190 2204/2204 2205/2205
f 2190/2190 2205/2205 2191/2191
f 2204/2204 2206/2206 2207/2207
f 2204/2204 2207/2207 2205/2205
f 2205/2205 2207/2207 2208/2208
f 2205/2205 2208/2208 2209/2209
f 2191/2191 2205/2205 2209/2209
f 2191/2191 2209/2209 2192/2192
f 2044/2044 2043/2043 2210/2210
f 2044/2044 2210/2210 2211/2211
f 2043/2043 2042/2042 2212/2212
f 2043/2043 2212/2212 2210/2210
f 2210/2210 2212/2212 2213/2213
f 2210/2210 2213/2213 2214/2214
f 2211/2211 2210/2210 2214/2214
f 2211/2211 2214/2214 2215/2215
f 2216/2216 2217/2217 2218/2218
f 2216/2216 2218/2218 2219/2219
f 2220/2220 2221/2221 2222/2222
f 2220/2220 2222/2222 2223/2223
f 2218/2218 2224/2224 2225/2225
f 2218/2218 2225/2225 2226/2226
f 2219/2219 2218/2218 2226/2226
f 2219/2219 2226/2226 2227/2227
f 2228/2228 2229/2229 2230/2230
f 2228/2228 2230/2230 2231/2231
f 2232/2232 2233/2233 2234/2234
f 2232/2232 2234/2234 2235/2235
f 2235/2235 2234/2234 2236/2236
f 2235/2235 2236/2236 2237/2237
f 2238/2238 2235/2235 2237/2237
f 2238/2238 2237/2237 2239/2239
f 2010/2010 2009/2009 2240/2240
f 2010/2010 2240/2240 2241/2241
f 2009/2009 2008/2008 2170/2170
f 2009/2009 2170/2170 2240/2240
f 2240/2240 2170/2170 2175/2175
f 2240/2240 2175/2175 2242/2242
f 2241/2241 2240/2240 2242/2242
f 2241/2241 2242/2242 2243/2243
f 2233/2233 2244/2244 2245/2245
f 2233/2233 2245/2245 2234/2234
f 2244/2244 2159/2159 2162/2162
f 2244/2244 2162/2162 2245/2245
f 2245/2245 2162/2162 2167/2167
f 2245/2245 2167/2167 2246/2246
f 2234/2234 2245/2245 2246/2246
f 2234/2234 2246/2246 2236/2236
f 2023/2023 2031/2031 2247/2247
f 2023/2023 2247/2247 2248/2248
f 2031/2031 2030/2030 2249/2249
f 2031/2031 2249/2249 2247/2247
f 2247/2247 2249/2249 2250/2250
f 2247/2247 2250/2250 2251/2251
f 2248/2248 2247/2247 2251/2251
f 2248/2248 2251/2251 2252/2252
f 2253/2253 2254/2254 2255/2255
f 2253/2253 2255/2255 2256/2256
f 2254/2254 2216/2216 2219/2219
f 2254/2254 2219/2219 2255/2255
f 2255/2255 2219/2219 2227/2227
f 2255/2255 2227/2227 2257/2257
f 2256/2256 2255/2255 2257/2257
f 2256/2256 2257/2257 2258/2258
f 2178/2178 2259/2259 2260/2260
f 2178/2178 2260/2260 2179/2179
f 2259/2259 2044/2044 2211/2211
f 2259/2259 2211/2211 2260/2260
f 2260/2260 2211/2211 2215/2215
f 2260/2260 2215/2215 2261/2261
f 2179/2179 2260/2260 2261/2261
f 2179/2179 2261/2261 2180/2180
f 2262/2262 2263/2263 2264/2264
f 2262/2262 2264/2264 2207/2207
f 2263/2263 2253/2253 2256/2256
f 2263/2263 2256/2256 2264/2264
f 2264/2264 2256/2256 2258/2258
f 2264/2264 2258/2258 2265/2265
f 2207/2207 2264/2264 2265/2265
f 2207/2207 2265/2265 2208/2208
f 2025/2025 2024/2024 2266/2266
f 2025/2025 2266/2266 2267/2267
f 2024/2024 2023/2023 2248/2248
f 2024/2024 2248/2248 2266/2266
f 2266/2266 2248/2248 2252/2252
f 2266/2266 2252/2252 2268/2268
f 2267/2267 2266/2266 2268/2268
f 2267/2267 2268/2268 2269/2269

